#VRML V2.0 utf8
DEF TXFM_1 Transform {
  center 0 0 0
  rotation 0 0 1 0
  scale 2.54 2.54 2.54
  scaleOrientation 0 0 1 0
  translation 0 0 0
 children [
DEF TXFM_2 Transform {
  center 0 0 0
  rotation 1 0 0 1.5707963
  scale 1 1 1
  scaleOrientation 0 0 1 0
  translation 59.074803 -40.472441 0.70866142
 children [
DEF TXFM_3 Transform {
  center 0 0 0
  rotation 0 0 1 0
  scale 1 1 1
  scaleOrientation 0 0 1 0
  translation 0 0 0
 children [
DEF TXFM_4 Transform {
  center 0 0 0
  rotation 0 0 1 0
  scale 1 1 1
  scaleOrientation 0 0 1 0
  translation 0 0 0
 children [
DEF TXFM_5 Transform {
  center 0 0 0
  rotation 0 0 1 0
  scale 1 1 1
  scaleOrientation 0 0 1 0
  translation 0 0 0
 children [
DEF SHAPE_1 Shape {
 appearance DEF APP_1 Appearance {
  material Material {
   ambientIntensity 0.16666666
   diffuseColor 0.60000002 0.60000002 0.60000002
   emissiveColor 0 0 0
   shininess 0.050000001
   specularColor 0.039999999 0.039999999 0.039999999
   transparency 0
} }
 geometry DEF FACE_1 IndexedFaceSet {
  coord DEF COORD_1 Coordinate { point [
  -1.3779528 -2.3622047 2.8051181,-1.3779528 0 2.8051181,
  -1.3779528 -2.3622047 4.6751969,-1.3779528 0 4.6751969] }
 coordIndex [
  3,0,1,-1,3,2,0,-1]
  normalPerVertex TRUE
  normal DEF NORM_1 Normal { vector [
  1 0 0,1 0 0,
  1 0 0,1 0 0] }
}
}
DEF SHAPE_2 Shape {
 appearance USE APP_1
 geometry DEF FACE_2 IndexedFaceSet {
  coord DEF COORD_2 Coordinate { point [
  -1.3779528 -2.3622047 4.6751969,-1.3779528 0 4.6751969,
  -1.5748031 -2.3622047 4.6751969,-1.5748031 0 4.6751969] }
 coordIndex [
  3,0,1,-1,3,2,0,-1]
  normalPerVertex TRUE
  normal DEF NORM_2 Normal { vector [
  0 0 1,0 0 1,
  0 0 1,0 0 1] }
}
}
DEF SHAPE_3 Shape {
 appearance USE APP_1
 geometry DEF FACE_3 IndexedFaceSet {
  coord DEF COORD_3 Coordinate { point [
  -1.5748031 -2.3622047 4.6751969,-1.5748031 -2.3622047 2.8051181,
  -1.3779528 -2.3622047 2.8051181,-1.3779528 -2.3622047 4.6751969] }
 coordIndex [
  2,0,1,-1,2,3,0,-1]
  normalPerVertex TRUE
  normal DEF NORM_3 Normal { vector [
  0 -1 0,0 -1 0,
  0 -1 0,0 -1 0] }
}
}
DEF SHAPE_4 Shape {
 appearance USE APP_1
 geometry DEF FACE_4 IndexedFaceSet {
  coord DEF COORD_4 Coordinate { point [
  -2.5590551 0 1.7716535,-2.5590551 0 5.7086614,
  2.5590551 0 5.7086614,2.5590551 0 1.7716535,
  -1.5748031 0 2.8051181,-1.3779528 0 2.8051181,
  -1.3779528 0 4.6751969,-1.5748031 0 4.6751969,
  1.5748031 0 4.6751969,1.3779528 0 4.6751969,
  1.3779528 0 2.8051181,1.5748031 0 2.8051181] }
 coordIndex [
  5,4,0,-1,1,4,7,-1,1,0,4,-1,6,1,7,-1,3,10,5,-1,3,5,0,-1,11,10,3,-1,9,6,5,-1,
  9,5,10,-1,2,9,8,-1,2,8,11,-1,2,1,6,-1,2,6,9,-1,2,11,3,-1]
  normalPerVertex TRUE
  normal DEF NORM_4 Normal { vector [
  0 -1 0,0 -1 0,
  0 -1 0,0 -1 0,
  0 -1 0,0 -1 0,
  0 -1 0,0 -1 0,
  0 -1 0,0 -1 0,
  0 -1 0,0 -1 0] }
}
}
DEF SHAPE_5 Shape {
 appearance USE APP_1
 geometry DEF FACE_5 IndexedFaceSet {
  coord DEF COORD_5 Coordinate { point [
  -1.5748031 -2.3622047 2.8051181,-1.5748031 0 2.8051181,
  -1.3779528 -2.3622047 2.8051181,-1.3779528 0 2.8051181] }
 coordIndex [
  3,0,1,-1,3,2,0,-1]
  normalPerVertex TRUE
  normal DEF NORM_5 Normal { vector [
  0 0 -1,0 0 -1,
  0 0 -1,0 0 -1] }
}
}
DEF SHAPE_6 Shape {
 appearance USE APP_1
 geometry DEF FACE_6 IndexedFaceSet {
  coord DEF COORD_6 Coordinate { point [
  -1.5748031 -2.3622047 4.6751969,-1.5748031 0 4.6751969,
  -1.5748031 -2.3622047 2.8051181,-1.5748031 0 2.8051181] }
 coordIndex [
  3,0,1,-1,3,2,0,-1]
  normalPerVertex TRUE
  normal DEF NORM_6 Normal { vector [
  -1 0 0,-1 0 0,
  -1 0 0,-1 0 0] }
}
}
DEF SHAPE_7 Shape {
 appearance USE APP_1
 geometry DEF FACE_7 IndexedFaceSet {
  coord DEF COORD_7 Coordinate { point [
  2.5590551 -0.39370079 1.7716535,2.5590551 0 1.7716535,
  -2.5590551 -0.39370079 1.7716535,-2.5590551 0 1.7716535] }
 coordIndex [
  3,0,1,-1,3,2,0,-1]
  normalPerVertex TRUE
  normal DEF NORM_7 Normal { vector [
  0 0 1,0 0 1,
  0 0 1,0 0 1] }
}
}
DEF SHAPE_8 Shape {
 appearance USE APP_1
 geometry DEF FACE_8 IndexedFaceSet {
  coord DEF COORD_8 Coordinate { point [
  1.5748031 -2.3622047 4.6751969,1.5748031 0 4.6751969,
  1.3779528 -2.3622047 4.6751969,1.3779528 0 4.6751969] }
 coordIndex [
  3,0,1,-1,3,2,0,-1]
  normalPerVertex TRUE
  normal DEF NORM_8 Normal { vector [
  0 0 1,0 0 1,
  0 0 1,0 0 1] }
}
}
DEF SHAPE_9 Shape {
 appearance USE APP_1
 geometry DEF FACE_9 IndexedFaceSet {
  coord DEF COORD_9 Coordinate { point [
  -2.5590551 1.5354331 5.7086614,-2.5590551 0 5.7086614,
  -2.5590551 0 1.7716535,-2.5590551 -0.39370079 1.7716535,
  -2.5590551 -0.39370079 -5.7086614,-2.5590551 1.5354331 -5.7086614] }
 coordIndex [
  2,1,0,-1,4,3,2,-1,5,4,2,-1,5,2,0,-1]
  normalPerVertex TRUE
  normal DEF NORM_9 Normal { vector [
  -1 0 0,-1 0 0,
  -1 0 0,-1 0 0,
  -1 0 0,-1 0 0] }
}
}
DEF SHAPE_10 Shape {
 appearance USE APP_1
 geometry DEF FACE_10 IndexedFaceSet {
  coord DEF COORD_10 Coordinate { point [
  1.5748031 -2.3622047 2.8051181,1.5748031 0 2.8051181,
  1.5748031 -2.3622047 4.6751969,1.5748031 0 4.6751969] }
 coordIndex [
  3,0,1,-1,3,2,0,-1]
  normalPerVertex TRUE
  normal DEF NORM_10 Normal { vector [
  1 0 0,1 0 0,
  1 0 0,1 0 0] }
}
}
DEF SHAPE_11 Shape {
 appearance USE APP_1
 geometry DEF FACE_11 IndexedFaceSet {
  coord DEF COORD_11 Coordinate { point [
  1.3779528 -2.3622047 2.8051181,1.3779528 0 2.8051181,
  1.5748031 -2.3622047 2.8051181,1.5748031 0 2.8051181] }
 coordIndex [
  3,0,1,-1,3,2,0,-1]
  normalPerVertex TRUE
  normal DEF NORM_11 Normal { vector [
  0 0 -1,0 0 -1,
  0 0 -1,0 0 -1] }
}
}
DEF SHAPE_12 Shape {
 appearance USE APP_1
 geometry DEF FACE_12 IndexedFaceSet {
  coord DEF COORD_12 Coordinate { point [
  1.3779528 -2.3622047 4.6751969,1.3779528 0 4.6751969,
  1.3779528 -2.3622047 2.8051181,1.3779528 0 2.8051181] }
 coordIndex [
  3,0,1,-1,3,2,0,-1]
  normalPerVertex TRUE
  normal DEF NORM_12 Normal { vector [
  -1 0 0,-1 0 0,
  -1 0 0,-1 0 0] }
}
}
DEF SHAPE_13 Shape {
 appearance USE APP_1
 geometry DEF FACE_13 IndexedFaceSet {
  coord DEF COORD_13 Coordinate { point [
  2.5590551 1.5354331 5.7086614,2.5590551 0 5.7086614,
  -2.5590551 0 5.7086614,-2.5590551 1.5354331 5.7086614] }
 coordIndex [
  3,1,0,-1,3,2,1,-1]
  normalPerVertex TRUE
  normal DEF NORM_13 Normal { vector [
  0 0 1,0 0 1,
  0 0 1,0 0 1] }
}
}
DEF SHAPE_14 Shape {
 appearance USE APP_1
 geometry DEF FACE_14 IndexedFaceSet {
  coord DEF COORD_14 Coordinate { point [
  2.5590551 1.5354331 -5.7086614,2.5590551 -0.39370079 -5.7086614,
  2.5590551 -0.39370079 1.7716535,2.5590551 0 1.7716535,
  2.5590551 0 5.7086614,2.5590551 1.5354331 5.7086614] }
 coordIndex [
  3,1,0,-1,3,2,1,-1,5,4,3,-1,5,3,0,-1]
  normalPerVertex TRUE
  normal DEF NORM_14 Normal { vector [
  1 0 0,1 0 0,
  1 0 0,1 0 0,
  1 0 0,1 0 0] }
}
}
DEF SHAPE_15 Shape {
 appearance USE APP_1
 geometry DEF FACE_15 IndexedFaceSet {
  coord DEF COORD_15 Coordinate { point [
  -2.1653543 -0.39370079 1.3779528,-2.1653543 -0.39370079 -5.7086614,
  -2.5590551 -0.39370079 -5.7086614,-2.5590551 -0.39370079 1.7716535,
  2.5590551 -0.39370079 1.7716535,2.5590551 -0.39370079 -5.7086614,
  2.1653543 -0.39370079 -5.7086614,2.1653543 -0.39370079 1.3779528] }
 coordIndex [
  0,2,1,-1,3,2,0,-1,7,6,5,-1,4,0,7,-1,4,3,0,-1,4,7,5,-1]
  normalPerVertex TRUE
  normal DEF NORM_15 Normal { vector [
  0 -1 0,0 -1 0,
  0 -1 0,0 -1 0,
  0 -1 0,0 -1 0,
  0 -1 0,0 -1 0] }
}
}
DEF SHAPE_16 Shape {
 appearance USE APP_1
 geometry DEF FACE_16 IndexedFaceSet {
  coord DEF COORD_16 Coordinate { point [
  1.3779528 -2.3622047 2.8051181,1.5748031 -2.3622047 2.8051181,
  1.3779528 -2.3622047 4.6751969,1.5748031 -2.3622047 4.6751969] }
 coordIndex [
  3,0,1,-1,3,2,0,-1]
  normalPerVertex TRUE
  normal DEF NORM_16 Normal { vector [
  0 -1 0,0 -1 0,
  0 -1 0,0 -1 0] }
}
}
DEF SHAPE_17 Shape {
 appearance USE APP_1
 geometry DEF FACE_17 IndexedFaceSet {
  coord DEF COORD_17 Coordinate { point [
  2.5590551 1.5354331 -5.7086614,2.5590551 -0.39370079 -5.7086614,
  -2.5590551 1.5354331 -5.7086614,-2.5590551 -0.39370079 -5.7086614,
  -2.1653543 -0.39370079 -5.7086614,-2.1653543 0 -5.7086614,
  2.1653543 0 -5.7086614,2.1653543 -0.39370079 -5.7086614] }
 coordIndex [
  5,4,3,-1,2,5,3,-1,6,1,7,-1,0,6,5,-1,0,5,2,-1,0,1,6,-1]
  normalPerVertex TRUE
  normal DEF NORM_17 Normal { vector [
  0 0 -1,0 0 -1,
  0 0 -1,0 0 -1,
  0 0 -1,0 0 -1,
  0 0 -1,0 0 -1] }
}
}
DEF SHAPE_18 Shape {
 appearance USE APP_1
 geometry DEF FACE_18 IndexedFaceSet {
  coord DEF COORD_18 Coordinate { point [
  -2.5590551 1.5354331 -5.7086614,-2.5590551 1.5354331 5.7086614,
  2.5590551 1.5354331 5.7086614,2.5590551 1.5354331 -5.7086614,
  2.480315 1.5354331 5.6299213,2.480315 1.5354331 -5.6299213,
  -2.480315 1.5354331 5.6299213,-2.480315 1.5354331 -5.6299213] }
 coordIndex [
  3,0,7,-1,5,3,7,-1,1,7,0,-1,6,7,1,-1,2,4,6,-1,2,6,1,-1,2,3,5,-1,2,5,4,-1]
  normalPerVertex TRUE
  normal DEF NORM_18 Normal { vector [
  0 1 0,0 1 0,
  0 1 0,0 1 0,
  0 1 0,0 1 0,
  0 1 0,0 1 0] }
}
}
DEF SHAPE_19 Shape {
 appearance USE APP_1
 geometry DEF FACE_19 IndexedFaceSet {
  coord DEF COORD_19 Coordinate { point [
  2.1653543 0 1.3779528,2.1653543 -0.39370079 1.3779528,
  -2.1653543 0 1.3779528,-2.1653543 -0.39370079 1.3779528] }
 coordIndex [
  0,3,2,-1,0,1,3,-1]
  normalPerVertex TRUE
  normal DEF NORM_19 Normal { vector [
  0 0 -1,0 0 -1,
  0 0 -1,0 0 -1] }
}
}
DEF SHAPE_20 Shape {
 appearance USE APP_1
 geometry DEF FACE_20 IndexedFaceSet {
  coord DEF COORD_20 Coordinate { point [
  -2.1653543 0 1.3779528,-2.1653543 -0.39370079 1.3779528,
  -2.1653543 0 -5.7086614,-2.1653543 -0.39370079 -5.7086614] }
 coordIndex [
  0,3,2,-1,0,1,3,-1]
  normalPerVertex TRUE
  normal DEF NORM_20 Normal { vector [
  1 0 0,1 0 0,
  1 0 0,1 0 0] }
}
}
DEF SHAPE_21 Shape {
 appearance USE APP_1
 geometry DEF FACE_21 IndexedFaceSet {
  coord DEF COORD_21 Coordinate { point [
  2.1653543 0 -5.7086614,2.1653543 -0.39370079 -5.7086614,
  2.1653543 0 1.3779528,2.1653543 -0.39370079 1.3779528] }
 coordIndex [
  0,3,2,-1,0,1,3,-1]
  normalPerVertex TRUE
  normal DEF NORM_21 Normal { vector [
  -1 0 0,-1 0 0,
  -1 0 0,-1 0 0] }
}
}
DEF SHAPE_22 Shape {
 appearance USE APP_1
 geometry DEF FACE_22 IndexedFaceSet {
  coord DEF COORD_22 Coordinate { point [
  2.1653543 0 1.3779528,-2.1653543 0 1.3779528,
  -2.1653543 0 -5.7086614,2.1653543 0 -5.7086614,
  -0.93503937 0 -3.2480315,0.93503937 0 -3.2480315,
  -0.93503937 0 -3.0511811,0.93503937 0 -3.0511811,
  -0.93503937 0 -5.2952756,0.93503937 0 -5.2952756,
  -0.93503937 0 -5.0984252,0.93503937 0 -5.0984252,
  -0.93503937 0 -1.2007874,0.93503937 0 -1.2007874,
  -0.93503937 0 -1.003937,0.93503937 0 -1.003937] }
 coordIndex [
  12,14,1,-1,15,0,1,-1,15,1,14,-1,6,12,1,-1,13,0,15,-1,13,12,6,-1,2,4,6,-1,2,6,1,-1,
  7,13,6,-1,10,4,2,-1,8,10,2,-1,11,5,4,-1,11,4,10,-1,9,8,2,-1,3,7,5,-1,3,11,9,-1,
  3,5,11,-1,3,9,2,-1,3,0,7,-1,7,0,13,-1]
  normalPerVertex TRUE
  normal DEF NORM_22 Normal { vector [
  0 -1 0,0 -1 0,
  0 -1 0,0 -1 0,
  0 -1 0,0 -1 0,
  0 -1 0,0 -1 0,
  0 -1 0,0 -1 0,
  0 -1 0,0 -1 0,
  0 -1 0,0 -1 0,
  0 -1 0,0 -1 0] }
}
}
DEF SHAPE_23 Shape {
 appearance USE APP_1
 geometry DEF FACE_23 IndexedFaceSet {
  coord DEF COORD_23 Coordinate { point [
  2.480315 1.6141732 -5.6299213,-2.480315 1.6141732 -5.6299213,
  2.480315 1.5354331 -5.6299213,-2.480315 1.5354331 -5.6299213] }
 coordIndex [
  1,0,2,-1,1,2,3,-1]
  normalPerVertex TRUE
  normal DEF NORM_23 Normal { vector [
  0 0 -1,0 0 -1,
  0 0 -1,0 0 -1] }
}
}
DEF SHAPE_24 Shape {
 appearance USE APP_1
 geometry DEF FACE_24 IndexedFaceSet {
  coord DEF COORD_24 Coordinate { point [
  2.480315 1.6141732 5.6299213,2.480315 1.6141732 -5.6299213,
  2.480315 1.5354331 5.6299213,2.480315 1.5354331 -5.6299213] }
 coordIndex [
  1,0,2,-1,1,2,3,-1]
  normalPerVertex TRUE
  normal DEF NORM_24 Normal { vector [
  1 0 0,1 0 0,
  1 0 0,1 0 0] }
}
}
DEF SHAPE_25 Shape {
 appearance USE APP_1
 geometry DEF FACE_25 IndexedFaceSet {
  coord DEF COORD_25 Coordinate { point [
  -2.480315 1.6141732 -5.6299213,-2.480315 1.6141732 5.6299213,
  -2.480315 1.5354331 -5.6299213,-2.480315 1.5354331 5.6299213] }
 coordIndex [
  1,0,2,-1,1,2,3,-1]
  normalPerVertex TRUE
  normal DEF NORM_25 Normal { vector [
  -1 0 0,-1 0 0,
  -1 0 0,-1 0 0] }
}
}
DEF SHAPE_26 Shape {
 appearance USE APP_1
 geometry DEF FACE_26 IndexedFaceSet {
  coord DEF COORD_26 Coordinate { point [
  -2.480315 1.6141732 5.6299213,2.480315 1.6141732 5.6299213,
  -2.480315 1.5354331 5.6299213,2.480315 1.5354331 5.6299213] }
 coordIndex [
  1,0,2,-1,1,2,3,-1]
  normalPerVertex TRUE
  normal DEF NORM_26 Normal { vector [
  0 0 1,0 0 1,
  0 0 1,0 0 1] }
}
}
DEF SHAPE_27 Shape {
 appearance USE APP_1
 geometry DEF FACE_27 IndexedFaceSet {
  coord DEF COORD_27 Coordinate { point [
  0.93503937 -2.3622047 -1.003937,0.93503937 0 -1.003937,
  -0.93503937 -2.3622047 -1.003937,-0.93503937 0 -1.003937] }
 coordIndex [
  3,0,1,-1,3,2,0,-1]
  normalPerVertex TRUE
  normal DEF NORM_27 Normal { vector [
  0 0 1,0 0 1,
  0 0 1,0 0 1] }
}
}
DEF SHAPE_28 Shape {
 appearance USE APP_1
 geometry DEF FACE_28 IndexedFaceSet {
  coord DEF COORD_28 Coordinate { point [
  0.93503937 -2.3622047 -3.0511811,0.93503937 0 -3.0511811,
  -0.93503937 -2.3622047 -3.0511811,-0.93503937 0 -3.0511811] }
 coordIndex [
  3,0,1,-1,3,2,0,-1]
  normalPerVertex TRUE
  normal DEF NORM_28 Normal { vector [
  0 0 1,0 0 1,
  0 0 1,0 0 1] }
}
}
DEF SHAPE_29 Shape {
 appearance USE APP_1
 geometry DEF FACE_29 IndexedFaceSet {
  coord DEF COORD_29 Coordinate { point [
  -0.93503937 -2.3622047 -5.2952756,-0.93503937 0 -5.2952756,
  0.93503937 -2.3622047 -5.2952756,0.93503937 0 -5.2952756] }
 coordIndex [
  3,0,1,-1,3,2,0,-1]
  normalPerVertex TRUE
  normal DEF NORM_29 Normal { vector [
  0 0 -1,0 0 -1,
  0 0 -1,0 0 -1] }
}
}
DEF SHAPE_30 Shape {
 appearance USE APP_1
 geometry DEF FACE_30 IndexedFaceSet {
  coord DEF COORD_30 Coordinate { point [
  0.93503937 -2.3622047 -1.2007874,0.93503937 0 -1.2007874,
  0.93503937 -2.3622047 -1.003937,0.93503937 0 -1.003937] }
 coordIndex [
  3,0,1,-1,3,2,0,-1]
  normalPerVertex TRUE
  normal DEF NORM_30 Normal { vector [
  1 0 0,1 0 0,
  1 0 0,1 0 0] }
}
}
DEF SHAPE_31 Shape {
 appearance USE APP_1
 geometry DEF FACE_31 IndexedFaceSet {
  coord DEF COORD_31 Coordinate { point [
  -0.93503937 -2.3622047 -1.003937,-0.93503937 0 -1.003937,
  -0.93503937 -2.3622047 -1.2007874,-0.93503937 0 -1.2007874] }
 coordIndex [
  3,0,1,-1,3,2,0,-1]
  normalPerVertex TRUE
  normal DEF NORM_31 Normal { vector [
  -1 0 0,-1 0 0,
  -1 0 0,-1 0 0] }
}
}
DEF SHAPE_32 Shape {
 appearance USE APP_1
 geometry DEF FACE_32 IndexedFaceSet {
  coord DEF COORD_32 Coordinate { point [
  0.93503937 -2.3622047 -5.0984252,0.93503937 0 -5.0984252,
  -0.93503937 -2.3622047 -5.0984252,-0.93503937 0 -5.0984252] }
 coordIndex [
  3,0,1,-1,3,2,0,-1]
  normalPerVertex TRUE
  normal DEF NORM_32 Normal { vector [
  0 0 1,0 0 1,
  0 0 1,0 0 1] }
}
}
DEF SHAPE_33 Shape {
 appearance USE APP_1
 geometry DEF FACE_33 IndexedFaceSet {
  coord DEF COORD_33 Coordinate { point [
  0.93503937 -2.3622047 -5.2952756,0.93503937 0 -5.2952756,
  0.93503937 -2.3622047 -5.0984252,0.93503937 0 -5.0984252] }
 coordIndex [
  3,0,1,-1,3,2,0,-1]
  normalPerVertex TRUE
  normal DEF NORM_33 Normal { vector [
  1 0 0,1 0 0,
  1 0 0,1 0 0] }
}
}
DEF SHAPE_34 Shape {
 appearance USE APP_1
 geometry DEF FACE_34 IndexedFaceSet {
  coord DEF COORD_34 Coordinate { point [
  -0.93503937 -2.3622047 -1.2007874,-0.93503937 0 -1.2007874,
  0.93503937 -2.3622047 -1.2007874,0.93503937 0 -1.2007874] }
 coordIndex [
  3,0,1,-1,3,2,0,-1]
  normalPerVertex TRUE
  normal DEF NORM_34 Normal { vector [
  0 0 -1,0 0 -1,
  0 0 -1,0 0 -1] }
}
}
DEF SHAPE_35 Shape {
 appearance USE APP_1
 geometry DEF FACE_35 IndexedFaceSet {
  coord DEF COORD_35 Coordinate { point [
  -0.93503937 -2.3622047 -3.2480315,-0.93503937 0 -3.2480315,
  0.93503937 -2.3622047 -3.2480315,0.93503937 0 -3.2480315] }
 coordIndex [
  3,0,1,-1,3,2,0,-1]
  normalPerVertex TRUE
  normal DEF NORM_35 Normal { vector [
  0 0 -1,0 0 -1,
  0 0 -1,0 0 -1] }
}
}
DEF SHAPE_36 Shape {
 appearance USE APP_1
 geometry DEF FACE_36 IndexedFaceSet {
  coord DEF COORD_36 Coordinate { point [
  -0.93503937 -2.3622047 -5.0984252,-0.93503937 0 -5.0984252,
  -0.93503937 -2.3622047 -5.2952756,-0.93503937 0 -5.2952756] }
 coordIndex [
  3,0,1,-1,3,2,0,-1]
  normalPerVertex TRUE
  normal DEF NORM_36 Normal { vector [
  -1 0 0,-1 0 0,
  -1 0 0,-1 0 0] }
}
}
DEF SHAPE_37 Shape {
 appearance USE APP_1
 geometry DEF FACE_37 IndexedFaceSet {
  coord DEF COORD_37 Coordinate { point [
  0.93503937 -2.3622047 -3.2480315,0.93503937 0 -3.2480315,
  0.93503937 -2.3622047 -3.0511811,0.93503937 0 -3.0511811] }
 coordIndex [
  3,0,1,-1,3,2,0,-1]
  normalPerVertex TRUE
  normal DEF NORM_37 Normal { vector [
  1 0 0,1 0 0,
  1 0 0,1 0 0] }
}
}
DEF SHAPE_38 Shape {
 appearance USE APP_1
 geometry DEF FACE_38 IndexedFaceSet {
  coord DEF COORD_38 Coordinate { point [
  -0.93503937 -2.3622047 -3.0511811,-0.93503937 0 -3.0511811,
  -0.93503937 -2.3622047 -3.2480315,-0.93503937 0 -3.2480315] }
 coordIndex [
  3,0,1,-1,3,2,0,-1]
  normalPerVertex TRUE
  normal DEF NORM_38 Normal { vector [
  -1 0 0,-1 0 0,
  -1 0 0,-1 0 0] }
}
}
DEF SHAPE_39 Shape {
 appearance USE APP_1
 geometry DEF FACE_39 IndexedFaceSet {
  coord DEF COORD_39 Coordinate { point [
  -2.5590551 1.6141732 5.7086614,2.5590551 1.6141732 5.7086614,
  -2.5590551 1.6141732 -5.7086614,2.5590551 1.6141732 -5.7086614,
  2.480315 1.6141732 5.6299213,2.480315 1.6141732 -5.6299213,
  -2.480315 1.6141732 -5.6299213,-2.480315 1.6141732 5.6299213] }
 coordIndex [
  4,0,7,-1,1,0,4,-1,6,0,2,-1,6,7,0,-1,3,5,6,-1,3,6,2,-1,3,1,5,-1,5,1,4,-1]
  normalPerVertex TRUE
  normal DEF NORM_39 Normal { vector [
  0 -1 0,0 -1 0,
  0 -1 0,0 -1 0,
  0 -1 0,0 -1 0,
  0 -1 0,0 -1 0] }
}
}
DEF SHAPE_40 Shape {
 appearance USE APP_1
 geometry DEF FACE_40 IndexedFaceSet {
  coord DEF COORD_40 Coordinate { point [
  -0.93503937 -2.3622047 -1.003937,-0.93503937 -2.3622047 -1.2007874,
  0.93503937 -2.3622047 -1.2007874,0.93503937 -2.3622047 -1.003937] }
 coordIndex [
  2,0,1,-1,2,3,0,-1]
  normalPerVertex TRUE
  normal DEF NORM_40 Normal { vector [
  0 -1 0,0 -1 0,
  0 -1 0,0 -1 0] }
}
}
DEF SHAPE_41 Shape {
 appearance USE APP_1
 geometry DEF FACE_41 IndexedFaceSet {
  coord DEF COORD_41 Coordinate { point [
  -0.93503937 -2.3622047 -3.0511811,-0.93503937 -2.3622047 -3.2480315,
  0.93503937 -2.3622047 -3.2480315,0.93503937 -2.3622047 -3.0511811] }
 coordIndex [
  2,0,1,-1,2,3,0,-1]
  normalPerVertex TRUE
  normal DEF NORM_41 Normal { vector [
  0 -1 0,0 -1 0,
  0 -1 0,0 -1 0] }
}
}
DEF SHAPE_42 Shape {
 appearance USE APP_1
 geometry DEF FACE_42 IndexedFaceSet {
  coord DEF COORD_42 Coordinate { point [
  -0.93503937 -2.3622047 -5.0984252,-0.93503937 -2.3622047 -5.2952756,
  0.93503937 -2.3622047 -5.2952756,0.93503937 -2.3622047 -5.0984252] }
 coordIndex [
  2,0,1,-1,2,3,0,-1]
  normalPerVertex TRUE
  normal DEF NORM_42 Normal { vector [
  0 -1 0,0 -1 0,
  0 -1 0,0 -1 0] }
}
}
DEF SHAPE_43 Shape {
 appearance USE APP_1
 geometry DEF FACE_43 IndexedFaceSet {
  coord DEF COORD_43 Coordinate { point [
  2.5590551 11.023622 -5.7086614,2.5590551 1.6141732 -5.7086614,
  -2.5590551 11.023622 -5.7086614,-2.5590551 1.6141732 -5.7086614] }
 coordIndex [
  0,3,2,-1,0,1,3,-1]
  normalPerVertex TRUE
  normal DEF NORM_43 Normal { vector [
  0 0 -1,0 0 -1,
  0 0 -1,0 0 -1] }
}
}
DEF SHAPE_44 Shape {
 appearance USE APP_1
 geometry DEF FACE_44 IndexedFaceSet {
  coord DEF COORD_44 Coordinate { point [
  -2.5590551 11.023622 -5.7086614,-2.5590551 1.6141732 -5.7086614,
  -2.5590551 11.023622 5.7086614,-2.5590551 1.6141732 5.7086614] }
 coordIndex [
  1,3,2,-1,0,1,2,-1]
  normalPerVertex TRUE
  normal DEF NORM_44 Normal { vector [
  -1 0 0,-1 0 0,
  -1 0 0,-1 0 0] }
}
}
DEF SHAPE_45 Shape {
 appearance USE APP_1
 geometry DEF FACE_45 IndexedFaceSet {
  coord DEF COORD_45 Coordinate { point [
  2.5590551 11.023622 5.7086614,2.5590551 1.6141732 5.7086614,
  2.5590551 11.023622 -5.7086614,2.5590551 1.6141732 -5.7086614] }
 coordIndex [
  1,3,2,-1,0,1,2,-1]
  normalPerVertex TRUE
  normal DEF NORM_45 Normal { vector [
  1 0 0,1 0 0,
  1 0 0,1 0 0] }
}
}
DEF SHAPE_46 Shape {
 appearance USE APP_1
 geometry DEF FACE_46 IndexedFaceSet {
  coord DEF COORD_46 Coordinate { point [
  -2.5590551 11.023622 5.7086614,-0.78740157 11.023622 5.7086614,
  -0.78740157 9.8425197 5.7086614,0.78740157 9.8425197 5.7086614,
  0.78740157 11.023622 5.7086614,2.5590551 11.023622 5.7086614,
  2.5590551 1.6141732 5.7086614,-2.5590551 1.6141732 5.7086614,
  -1.9685039 7.8740157 5.7086614,-0.78740157 7.8740157 5.7086614,
  -1.9685039 6.496063 5.7086614,-1.7716535 6.496063 5.7086614,
  -1.7716535 7.6771654 5.7086614,-0.98425197 7.6771654 5.7086614,
  -0.98425197 6.496063 5.7086614,-0.78740157 6.496063 5.7086614,
  1.9685039 6.496063 5.7086614,1.9685039 7.8740157 5.7086614,
  0.78740157 7.8740157 5.7086614,0.78740157 6.496063 5.7086614,
  0.98425197 6.496063 5.7086614,0.98425197 7.6771654 5.7086614,
  1.7716535 7.6771654 5.7086614,1.7716535 6.496063 5.7086614] }
 coordIndex [
  23,6,16,-1,20,6,23,-1,19,6,20,-1,21,23,22,-1,21,20,23,-1,15,7,6,-1,15,6,19,-1,14,7,15,-1,
  11,7,14,-1,10,7,11,-1,9,19,18,-1,9,15,19,-1,13,11,14,-1,3,18,17,-1,3,17,5,-1,12,11,13,-1,
  4,3,5,-1,2,8,9,-1,2,18,3,-1,2,9,18,-1,0,2,1,-1,0,8,2,-1,5,16,6,-1,5,17,16,-1,
  7,8,0,-1,7,10,8,-1]
  normalPerVertex TRUE
  normal DEF NORM_46 Normal { vector [
  0 0 1,0 0 1,
  0 0 1,0 0 1,
  0 0 1,0 0 1,
  0 0 1,0 0 1,
  0 0 1,0 0 1,
  0 0 1,0 0 1,
  0 0 1,0 0 1,
  0 0 1,0 0 1,
  0 0 1,0 0 1,
  0 0 1,0 0 1,
  0 0 1,0 0 1,
  0 0 1,0 0 1] }
}
}
DEF SHAPE_47 Shape {
 appearance USE APP_1
 geometry DEF FACE_47 IndexedFaceSet {
  coord DEF COORD_47 Coordinate { point [
  -2.5590551 11.023622 -5.7086614,-2.5590551 11.023622 5.7086614,
  2.5590551 11.023622 -5.7086614,2.5590551 11.023622 5.7086614,
  0.78740157 11.023622 5.7086614,0.78740157 11.023622 5.1181102,
  -0.78740157 11.023622 5.1181102,-0.78740157 11.023622 5.7086614] }
 coordIndex [
  6,1,7,-1,3,5,4,-1,0,1,6,-1,2,6,5,-1,2,0,6,-1,2,5,3,-1]
  normalPerVertex TRUE
  normal DEF NORM_47 Normal { vector [
  0 1 0,0 1 0,
  0 1 0,0 1 0,
  0 1 0,0 1 0,
  0 1 0,0 1 0] }
}
}
DEF SHAPE_48 Shape {
 appearance USE APP_1
 geometry DEF FACE_48 IndexedFaceSet {
  coord DEF COORD_48 Coordinate { point [
  0.78740157 6.496063 5.7086614,0.78740157 7.480315 6.6929134,
  0.98425197 7.480315 6.6929134,0.98425197 6.496063 5.7086614] }
 coordIndex [
  2,1,0,-1,2,0,3,-1]
  normalPerVertex TRUE
  normal DEF NORM_48 Normal { vector [
  0 -0.70710678 0.70710678,0 -0.70710678 0.70710678,
  0 -0.70710678 0.70710678,0 -0.70710678 0.70710678] }
}
}
DEF SHAPE_49 Shape {
 appearance USE APP_1
 geometry DEF FACE_49 IndexedFaceSet {
  coord DEF COORD_49 Coordinate { point [
  1.7716535 7.6771654 5.7086614,0.98425197 7.6771654 5.7086614,
  0.98425197 7.6771654 6.6929134,1.7716535 7.6771654 6.6929134] }
 coordIndex [
  3,1,0,-1,3,2,1,-1]
  normalPerVertex TRUE
  normal DEF NORM_49 Normal { vector [
  0 -1 0,0 -1 0,
  0 -1 0,0 -1 0] }
}
}
DEF SHAPE_50 Shape {
 appearance USE APP_1
 geometry DEF FACE_50 IndexedFaceSet {
  coord DEF COORD_50 Coordinate { point [
  -1.7716535 6.496063 5.7086614,-1.7716535 7.480315 6.6929134,
  -1.7716535 7.6771654 5.7086614,-1.7716535 7.6771654 6.6929134] }
 coordIndex [
  1,0,2,-1,3,1,2,-1]
  normalPerVertex TRUE
  normal DEF NORM_50 Normal { vector [
  1 0 0,1 0 0,
  1 0 0,1 0 0] }
}
}
DEF SHAPE_51 Shape {
 appearance USE APP_1
 geometry DEF FACE_51 IndexedFaceSet {
  coord DEF COORD_51 Coordinate { point [
  0.78740157 7.8740157 6.6929134,0.78740157 7.8740157 5.7086614,
  0.78740157 7.480315 6.6929134,0.78740157 6.496063 5.7086614] }
 coordIndex [
  1,2,0,-1,1,3,2,-1]
  normalPerVertex TRUE
  normal DEF NORM_51 Normal { vector [
  -1 0 0,-1 0 0,
  -1 0 0,-1 0 0] }
}
}
DEF SHAPE_52 Shape {
 appearance USE APP_1
 geometry DEF FACE_52 IndexedFaceSet {
  coord DEF COORD_52 Coordinate { point [
  -1.9685039 7.8740157 5.7086614,-0.78740157 7.8740157 5.7086614,
  -1.9685039 7.8740157 6.6929134,-0.78740157 7.8740157 6.6929134] }
 coordIndex [
  3,1,0,-1,3,0,2,-1]
  normalPerVertex TRUE
  normal DEF NORM_52 Normal { vector [
  0 1 0,0 1 0,
  0 1 0,0 1 0] }
}
}
DEF SHAPE_53 Shape {
 appearance USE APP_1
 geometry DEF FACE_53 IndexedFaceSet {
  coord DEF COORD_53 Coordinate { point [
  1.9685039 7.8740157 6.6929134,1.9685039 7.8740157 5.7086614,
  1.9685039 6.496063 5.7086614,1.9685039 7.480315 6.6929134] }
 coordIndex [
  3,1,0,-1,2,1,3,-1]
  normalPerVertex TRUE
  normal DEF NORM_53 Normal { vector [
  1 0 0,1 0 0,
  1 0 0,1 0 0] }
}
}
DEF SHAPE_54 Shape {
 appearance USE APP_1
 geometry DEF FACE_54 IndexedFaceSet {
  coord DEF COORD_54 Coordinate { point [
  -0.78740157 9.8425197 5.1181102,-0.78740157 11.023622 5.1181102,
  -0.78740157 9.8425197 5.7086614,-0.78740157 11.023622 5.7086614] }
 coordIndex [
  3,0,1,-1,3,2,0,-1]
  normalPerVertex TRUE
  normal DEF NORM_54 Normal { vector [
  1 0 0,1 0 0,
  1 0 0,1 0 0] }
}
}
DEF SHAPE_55 Shape {
 appearance USE APP_1
 geometry DEF FACE_55 IndexedFaceSet {
  coord DEF COORD_55 Coordinate { point [
  -1.9685039 7.480315 6.6929134,-1.7716535 7.480315 6.6929134,
  -1.7716535 6.496063 5.7086614,-1.9685039 6.496063 5.7086614] }
 coordIndex [
  1,3,2,-1,1,0,3,-1]
  normalPerVertex TRUE
  normal DEF NORM_55 Normal { vector [
  0 -0.70710678 0.70710678,0 -0.70710678 0.70710678,
  0 -0.70710678 0.70710678,0 -0.70710678 0.70710678] }
}
}
DEF SHAPE_56 Shape {
 appearance USE APP_1
 geometry DEF FACE_56 IndexedFaceSet {
  coord DEF COORD_56 Coordinate { point [
  -0.78740157 6.496063 5.7086614,-0.78740157 7.480315 6.6929134,
  -0.78740157 7.8740157 5.7086614,-0.78740157 7.8740157 6.6929134] }
 coordIndex [
  2,1,0,-1,2,3,1,-1]
  normalPerVertex TRUE
  normal DEF NORM_56 Normal { vector [
  1 0 0,1 0 0,
  1 0 0,1 0 0] }
}
}
DEF SHAPE_57 Shape {
 appearance USE APP_1
 geometry DEF FACE_57 IndexedFaceSet {
  coord DEF COORD_57 Coordinate { point [
  -1.7716535 7.6771654 5.7086614,-0.98425197 7.6771654 5.7086614,
  -0.98425197 7.6771654 6.6929134,-1.7716535 7.6771654 6.6929134] }
 coordIndex [
  1,2,3,-1,1,3,0,-1]
  normalPerVertex TRUE
  normal DEF NORM_57 Normal { vector [
  0 -1 0,0 -1 0,
  0 -1 0,0 -1 0] }
}
}
DEF SHAPE_58 Shape {
 appearance USE APP_1
 geometry DEF FACE_58 IndexedFaceSet {
  coord DEF COORD_58 Coordinate { point [
  1.7716535 7.6771654 5.7086614,1.7716535 7.6771654 6.6929134,
  1.7716535 7.480315 6.6929134,1.7716535 6.496063 5.7086614] }
 coordIndex [
  2,0,3,-1,1,0,2,-1]
  normalPerVertex TRUE
  normal DEF NORM_58 Normal { vector [
  -1 0 0,-1 0 0,
  -1 0 0,-1 0 0] }
}
}
DEF SHAPE_59 Shape {
 appearance USE APP_1
 geometry DEF FACE_59 IndexedFaceSet {
  coord DEF COORD_59 Coordinate { point [
  0.98425197 7.6771654 5.7086614,0.98425197 7.6771654 6.6929134,
  0.98425197 6.496063 5.7086614,0.98425197 7.480315 6.6929134] }
 coordIndex [
  3,2,0,-1,1,3,0,-1]
  normalPerVertex TRUE
  normal DEF NORM_59 Normal { vector [
  1 0 0,1 0 0,
  1 0 0,1 0 0] }
}
}
DEF SHAPE_60 Shape {
 appearance USE APP_1
 geometry DEF FACE_60 IndexedFaceSet {
  coord DEF COORD_60 Coordinate { point [
  1.7716535 6.496063 5.7086614,1.7716535 7.480315 6.6929134,
  1.9685039 7.480315 6.6929134,1.9685039 6.496063 5.7086614] }
 coordIndex [
  2,1,0,-1,2,0,3,-1]
  normalPerVertex TRUE
  normal DEF NORM_60 Normal { vector [
  0 -0.70710678 0.70710678,0 -0.70710678 0.70710678,
  0 -0.70710678 0.70710678,0 -0.70710678 0.70710678] }
}
}
DEF SHAPE_61 Shape {
 appearance USE APP_1
 geometry DEF FACE_61 IndexedFaceSet {
  coord DEF COORD_61 Coordinate { point [
  0.78740157 9.8425197 5.1181102,-0.78740157 9.8425197 5.1181102,
  0.78740157 9.8425197 5.7086614,-0.78740157 9.8425197 5.7086614] }
 coordIndex [
  0,3,2,-1,0,1,3,-1]
  normalPerVertex TRUE
  normal DEF NORM_61 Normal { vector [
  0 1 0,0 1 0,
  0 1 0,0 1 0] }
}
}
DEF SHAPE_62 Shape {
 appearance USE APP_1
 geometry DEF FACE_62 IndexedFaceSet {
  coord DEF COORD_62 Coordinate { point [
  -1.9685039 7.480315 6.6929134,-1.9685039 6.496063 5.7086614,
  -1.9685039 7.8740157 6.6929134,-1.9685039 7.8740157 5.7086614] }
 coordIndex [
  0,2,3,-1,1,0,3,-1]
  normalPerVertex TRUE
  normal DEF NORM_62 Normal { vector [
  -1 0 0,-1 0 0,
  -1 0 0,-1 0 0] }
}
}
DEF SHAPE_63 Shape {
 appearance USE APP_1
 geometry DEF FACE_63 IndexedFaceSet {
  coord DEF COORD_63 Coordinate { point [
  -0.98425197 7.480315 6.6929134,-0.98425197 6.496063 5.7086614,
  -0.98425197 7.6771654 6.6929134,-0.98425197 7.6771654 5.7086614] }
 coordIndex [
  0,3,1,-1,2,3,0,-1]
  normalPerVertex TRUE
  normal DEF NORM_63 Normal { vector [
  -1 0 0,-1 0 0,
  -1 0 0,-1 0 0] }
}
}
DEF SHAPE_64 Shape {
 appearance USE APP_1
 geometry DEF FACE_64 IndexedFaceSet {
  coord DEF COORD_64 Coordinate { point [
  1.9685039 7.8740157 6.6929134,1.9685039 7.8740157 5.7086614,
  0.78740157 7.8740157 6.6929134,0.78740157 7.8740157 5.7086614] }
 coordIndex [
  1,2,0,-1,1,3,2,-1]
  normalPerVertex TRUE
  normal DEF NORM_64 Normal { vector [
  0 1 0,0 1 0,
  0 1 0,0 1 0] }
}
}
DEF SHAPE_65 Shape {
 appearance USE APP_1
 geometry DEF FACE_65 IndexedFaceSet {
  coord DEF COORD_65 Coordinate { point [
  0.78740157 9.8425197 5.7086614,0.78740157 11.023622 5.7086614,
  0.78740157 9.8425197 5.1181102,0.78740157 11.023622 5.1181102] }
 coordIndex [
  3,0,1,-1,3,2,0,-1]
  normalPerVertex TRUE
  normal DEF NORM_65 Normal { vector [
  -1 0 0,-1 0 0,
  -1 0 0,-1 0 0] }
}
}
DEF SHAPE_66 Shape {
 appearance USE APP_1
 geometry DEF FACE_66 IndexedFaceSet {
  coord DEF COORD_66 Coordinate { point [
  -0.78740157 6.496063 5.7086614,-0.98425197 6.496063 5.7086614,
  -0.98425197 7.480315 6.6929134,-0.78740157 7.480315 6.6929134] }
 coordIndex [
  3,1,0,-1,3,2,1,-1]
  normalPerVertex TRUE
  normal DEF NORM_66 Normal { vector [
  0 -0.70710678 0.70710678,0 -0.70710678 0.70710678,
  0 -0.70710678 0.70710678,0 -0.70710678 0.70710678] }
}
}
DEF SHAPE_67 Shape {
 appearance USE APP_1
 geometry DEF FACE_67 IndexedFaceSet {
  coord DEF COORD_67 Coordinate { point [
  0.78740157 9.8425197 5.1181102,0.78740157 11.023622 5.1181102,
  -0.78740157 9.8425197 5.1181102,-0.78740157 11.023622 5.1181102] }
 coordIndex [
  3,0,1,-1,3,2,0,-1]
  normalPerVertex TRUE
  normal DEF NORM_67 Normal { vector [
  0 0 1,0 0 1,
  0 0 1,0 0 1] }
}
}
DEF SHAPE_68 Shape {
 appearance USE APP_1
 geometry DEF FACE_68 IndexedFaceSet {
  coord DEF COORD_68 Coordinate { point [
  1.7716535 7.480315 6.6929134,1.9685039 7.480315 6.6929134,
  1.9685039 7.8740157 6.6929134,0.78740157 7.8740157 6.6929134,
  0.78740157 7.480315 6.6929134,0.98425197 7.480315 6.6929134,
  0.98425197 7.6771654 6.6929134,1.7716535 7.6771654 6.6929134] }
 coordIndex [
  6,3,4,-1,6,4,5,-1,7,3,6,-1,1,7,0,-1,2,7,1,-1,2,3,7,-1]
  normalPerVertex TRUE
  normal DEF NORM_68 Normal { vector [
  0 0 1,0 0 1,
  0 0 1,0 0 1,
  0 0 1,0 0 1,
  0 0 1,0 0 1] }
}
}
DEF SHAPE_69 Shape {
 appearance USE APP_1
 geometry DEF FACE_69 IndexedFaceSet {
  coord DEF COORD_69 Coordinate { point [
  -0.98425197 7.480315 6.6929134,-0.78740157 7.480315 6.6929134,
  -0.78740157 7.8740157 6.6929134,-1.9685039 7.8740157 6.6929134,
  -1.9685039 7.480315 6.6929134,-1.7716535 7.480315 6.6929134,
  -1.7716535 7.6771654 6.6929134,-0.98425197 7.6771654 6.6929134] }
 coordIndex [
  7,1,2,-1,0,1,7,-1,3,6,7,-1,3,7,2,-1,4,5,6,-1,4,6,3,-1]
  normalPerVertex TRUE
  normal DEF NORM_69 Normal { vector [
  0 0 1,0 0 1,
  0 0 1,0 0 1,
  0 0 1,0 0 1,
  0 0 1,0 0 1] }
}
}
] }
] }
] }
] }
DEF TXFM_6 Transform {
  center 0 0 0
  rotation 0 0 1 0
  scale 1 1 1
  scaleOrientation 0 0 1 0
  translation 0 0 0
 children [
DEF SHAPE_70 Shape {
 appearance DEF APP_2 Appearance {
  material Material {
   ambientIntensity 1
   diffuseColor 0 0 0
   emissiveColor 0 0 0
   shininess 0.0099999998
   specularColor 0.1 0.1 0.1
   transparency 0
} }
 geometry DEF FACE_70 IndexedFaceSet {
  coord DEF COORD_70 Coordinate { point [
  60.097301 -37.346933 0.31003937,60.080817 -37.392224 0.31003937,
  60.049836 -37.429146 0.31003937,60.008095 -37.453245 0.31003937,
  59.96063 -37.461614 0.31003937,58.188976 -37.461614 0.31003937,
  58.141511 -37.453245 0.31003937,58.099771 -37.429146 0.31003937,
  58.06879 -37.392224 0.31003937,58.052305 -37.346933 0.31003937,
  58.052305 -37.298736 0.31003937,58.06879 -37.253445 0.31003937,
  58.099771 -37.216523 0.31003937,58.141511 -37.192425 0.31003937,
  58.188976 -37.184055 0.31003937,59.96063 -37.184055 0.31003937,
  60.008095 -37.192425 0.31003937,60.049836 -37.216523 0.31003937,
  60.080817 -37.253445 0.31003937,60.097301 -37.298736 0.31003937,
  60.097301 -39.34598 0.31003937,60.097301 -39.394178 0.31003937,
  60.080817 -39.439469 0.31003937,60.049836 -39.47639 0.31003937,
  60.008095 -39.500489 0.31003937,59.96063 -39.508858 0.31003937,
  58.188976 -39.508858 0.31003937,58.141511 -39.500489 0.31003937,
  58.099771 -39.47639 0.31003937,58.06879 -39.439469 0.31003937,
  58.052305 -39.394178 0.31003937,58.052305 -39.34598 0.31003937,
  58.06879 -39.300689 0.31003937,58.099771 -39.263767 0.31003937,
  58.141511 -39.239669 0.31003937,58.188976 -39.231299 0.31003937,
  59.96063 -39.231299 0.31003937,60.008095 -39.239669 0.31003937,
  60.049836 -39.263767 0.31003937,60.080817 -39.300689 0.31003937,
  62.598425 -51.968504 0.31003937,62.598425 -28.937008 0.31003937,
  55.511811 -28.937008 0.31003937,55.511811 -51.968504 0.31003937,
  61.281496 -32.480315 0.31003937,61.261867 -32.578999 0.31003937,
  61.205967 -32.662659 0.31003937,61.122306 -32.718559 0.31003937,
  61.023622 -32.738189 0.31003937,60.924938 -32.718559 0.31003937,
  60.841278 -32.662659 0.31003937,60.785378 -32.578999 0.31003937,
  60.765748 -32.480315 0.31003937,60.785378 -32.381631 0.31003937,
  60.841278 -32.29797 0.31003937,60.924938 -32.24207 0.31003937,
  61.023622 -32.222441 0.31003937,61.122306 -32.24207 0.31003937,
  61.205967 -32.29797 0.31003937,61.261867 -32.381631 0.31003937,
  56.82874 -32.480315 0.31003937,56.84837 -32.381631 0.31003937,
  56.90427 -32.29797 0.31003937,56.98793 -32.24207 0.31003937,
  57.086614 -32.222441 0.31003937,57.185298 -32.24207 0.31003937,
  57.268959 -32.29797 0.31003937,57.324859 -32.381631 0.31003937,
  57.344488 -32.480315 0.31003937,57.324859 -32.578999 0.31003937,
  57.268959 -32.662659 0.31003937,57.185298 -32.718559 0.31003937,
  57.086614 -32.738189 0.31003937,56.98793 -32.718559 0.31003937,
  56.90427 -32.662659 0.31003937,56.84837 -32.578999 0.31003937,
  60.689961 -43.326772 0.31003937,60.689961 -45.098425 0.31003937,
  60.681591 -45.145891 0.31003937,60.657492 -45.187631 0.31003937,
  60.620571 -45.218612 0.31003937,60.57528 -45.235096 0.31003937,
  60.527082 -45.235096 0.31003937,60.481791 -45.218612 0.31003937,
  60.44487 -45.187631 0.31003937,60.420771 -45.145891 0.31003937,
  60.412402 -45.098425 0.31003937,60.412402 -43.326772 0.31003937,
  60.420771 -43.279306 0.31003937,60.44487 -43.237566 0.31003937,
  60.481791 -43.206585 0.31003937,60.527082 -43.1901 0.31003937,
  60.57528 -43.1901 0.31003937,60.620571 -43.206585 0.31003937,
  60.657492 -43.237566 0.31003937,60.681591 -43.279306 0.31003937,
  57.459646 -45.098425 0.31003937,57.459646 -43.326772 0.31003937,
  57.468015 -43.279306 0.31003937,57.492114 -43.237566 0.31003937,
  57.529035 -43.206585 0.31003937,57.574326 -43.1901 0.31003937,
  57.622524 -43.1901 0.31003937,57.667815 -43.206585 0.31003937,
  57.704736 -43.237566 0.31003937,57.728835 -43.279306 0.31003937,
  57.737205 -43.326772 0.31003937,57.737205 -45.098425 0.31003937,
  57.728835 -45.145891 0.31003937,57.704736 -45.187631 0.31003937,
  57.667815 -45.218612 0.31003937,57.622524 -45.235096 0.31003937,
  57.574326 -45.235096 0.31003937,57.529035 -45.218612 0.31003937,
  57.492114 -45.187631 0.31003937,57.468015 -45.145891 0.31003937,
  57.812992 -48.425197 0.31003937,57.832622 -48.326513 0.31003937,
  57.888522 -48.242852 0.31003937,57.972182 -48.186952 0.31003937,
  58.070866 -48.167323 0.31003937,58.16955 -48.186952 0.31003937,
  58.253211 -48.242852 0.31003937,58.309111 -48.326513 0.31003937,
  58.32874 -48.425197 0.31003937,58.309111 -48.523881 0.31003937,
  58.253211 -48.607541 0.31003937,58.16955 -48.663441 0.31003937,
  58.070866 -48.683071 0.31003937,57.972182 -48.663441 0.31003937,
  57.888522 -48.607541 0.31003937,57.832622 -48.523881 0.31003937,
  60.138054 -48.186952 0.31003937,60.221715 -48.242852 0.31003937,
  60.277615 -48.326513 0.31003937,60.297244 -48.425197 0.31003937,
  60.277615 -48.523881 0.31003937,60.221715 -48.607541 0.31003937,
  60.138054 -48.663441 0.31003937,60.03937 -48.683071 0.31003937,
  59.940686 -48.663441 0.31003937,59.857026 -48.607541 0.31003937,
  59.801126 -48.523881 0.31003937,59.781496 -48.425197 0.31003937,
  59.801126 -48.326513 0.31003937,59.857026 -48.242852 0.31003937,
  59.940686 -48.186952 0.31003937,60.03937 -48.167323 0.31003937,
  59.96063 -35.136811 0.31003937,60.008095 -35.14518 0.31003937,
  60.049836 -35.169279 0.31003937,60.080817 -35.206201 0.31003937,
  60.097301 -35.251492 0.31003937,60.097301 -35.299689 0.31003937,
  60.080817 -35.34498 0.31003937,60.049836 -35.381902 0.31003937,
  60.008095 -35.406001 0.31003937,59.96063 -35.41437 0.31003937,
  58.188976 -35.41437 0.31003937,58.141511 -35.406001 0.31003937,
  58.099771 -35.381902 0.31003937,58.06879 -35.34498 0.31003937,
  58.052305 -35.299689 0.31003937,58.052305 -35.251492 0.31003937,
  58.06879 -35.206201 0.31003937,58.099771 -35.169279 0.31003937,
  58.141511 -35.14518 0.31003937,58.188976 -35.136811 0.31003937,
  59.312992 -32.480315 0.31003937,59.293363 -32.578999 0.31003937,
  59.237463 -32.662659 0.31003937,59.153802 -32.718559 0.31003937,
  59.055118 -32.738189 0.31003937,58.956434 -32.718559 0.31003937,
  58.872774 -32.662659 0.31003937,58.816874 -32.578999 0.31003937,
  58.797244 -32.480315 0.31003937,58.816874 -32.381631 0.31003937,
  58.872774 -32.29797 0.31003937,58.956434 -32.24207 0.31003937,
  59.055118 -32.222441 0.31003937,59.153802 -32.24207 0.31003937,
  59.237463 -32.29797 0.31003937,59.293363 -32.381631 0.31003937,
  60.097301 -37.346933 -0.31003937,60.080817 -37.392224 -0.31003937,
  60.049836 -37.429146 -0.31003937,60.008095 -37.453245 -0.31003937,
  59.96063 -37.461614 -0.31003937,58.188976 -37.461614 -0.31003937,
  58.141511 -37.453245 -0.31003937,58.099771 -37.429146 -0.31003937,
  58.06879 -37.392224 -0.31003937,58.052305 -37.346933 -0.31003937,
  58.052305 -37.298736 -0.31003937,58.06879 -37.253445 -0.31003937,
  58.099771 -37.216523 -0.31003937,58.141511 -37.192425 -0.31003937,
  58.188976 -37.184055 -0.31003937,59.96063 -37.184055 -0.31003937,
  60.008095 -37.192425 -0.31003937,60.049836 -37.216523 -0.31003937,
  60.080817 -37.253445 -0.31003937,60.097301 -37.298736 -0.31003937,
  60.097301 -39.34598 -0.31003937,60.097301 -39.394178 -0.31003937,
  60.080817 -39.439469 -0.31003937,60.049836 -39.47639 -0.31003937,
  60.008095 -39.500489 -0.31003937,59.96063 -39.508858 -0.31003937,
  58.188976 -39.508858 -0.31003937,58.141511 -39.500489 -0.31003937,
  58.099771 -39.47639 -0.31003937,58.06879 -39.439469 -0.31003937,
  58.052305 -39.394178 -0.31003937,58.052305 -39.34598 -0.31003937,
  58.06879 -39.300689 -0.31003937,58.099771 -39.263767 -0.31003937,
  58.141511 -39.239669 -0.31003937,58.188976 -39.231299 -0.31003937,
  59.96063 -39.231299 -0.31003937,60.008095 -39.239669 -0.31003937,
  60.049836 -39.263767 -0.31003937,60.080817 -39.300689 -0.31003937,
  62.598425 -51.968504 -0.31003937,62.598425 -28.937008 -0.31003937,
  55.511811 -28.937008 -0.31003937,55.511811 -51.968504 -0.31003937,
  61.281496 -32.480315 -0.31003937,61.261867 -32.578999 -0.31003937,
  61.205967 -32.662659 -0.31003937,61.122306 -32.718559 -0.31003937,
  61.023622 -32.738189 -0.31003937,60.924938 -32.718559 -0.31003937,
  60.841278 -32.662659 -0.31003937,60.785378 -32.578999 -0.31003937,
  60.765748 -32.480315 -0.31003937,60.785378 -32.381631 -0.31003937,
  60.841278 -32.29797 -0.31003937,60.924938 -32.24207 -0.31003937,
  61.023622 -32.222441 -0.31003937,61.122306 -32.24207 -0.31003937,
  61.205967 -32.29797 -0.31003937,61.261867 -32.381631 -0.31003937,
  56.82874 -32.480315 -0.31003937,56.84837 -32.381631 -0.31003937,
  56.90427 -32.29797 -0.31003937,56.98793 -32.24207 -0.31003937,
  57.086614 -32.222441 -0.31003937,57.185298 -32.24207 -0.31003937,
  57.268959 -32.29797 -0.31003937,57.324859 -32.381631 -0.31003937,
  57.344488 -32.480315 -0.31003937,57.324859 -32.578999 -0.31003937,
  57.268959 -32.662659 -0.31003937,57.185298 -32.718559 -0.31003937,
  57.086614 -32.738189 -0.31003937,56.98793 -32.718559 -0.31003937,
  56.90427 -32.662659 -0.31003937,56.84837 -32.578999 -0.31003937,
  60.689961 -43.326772 -0.31003937,60.689961 -45.098425 -0.31003937,
  60.681591 -45.145891 -0.31003937,60.657492 -45.187631 -0.31003937,
  60.620571 -45.218612 -0.31003937,60.57528 -45.235096 -0.31003937,
  60.527082 -45.235096 -0.31003937,60.481791 -45.218612 -0.31003937,
  60.44487 -45.187631 -0.31003937,60.420771 -45.145891 -0.31003937,
  60.412402 -45.098425 -0.31003937,60.412402 -43.326772 -0.31003937,
  60.420771 -43.279306 -0.31003937,60.44487 -43.237566 -0.31003937,
  60.481791 -43.206585 -0.31003937,60.527082 -43.1901 -0.31003937,
  60.57528 -43.1901 -0.31003937,60.620571 -43.206585 -0.31003937,
  60.657492 -43.237566 -0.31003937,60.681591 -43.279306 -0.31003937,
  57.459646 -45.098425 -0.31003937,57.459646 -43.326772 -0.31003937,
  57.468015 -43.279306 -0.31003937,57.492114 -43.237566 -0.31003937,
  57.529035 -43.206585 -0.31003937,57.574326 -43.1901 -0.31003937,
  57.622524 -43.1901 -0.31003937,57.667815 -43.206585 -0.31003937,
  57.704736 -43.237566 -0.31003937,57.728835 -43.279306 -0.31003937,
  57.737205 -43.326772 -0.31003937,57.737205 -45.098425 -0.31003937,
  57.728835 -45.145891 -0.31003937,57.704736 -45.187631 -0.31003937,
  57.667815 -45.218612 -0.31003937,57.622524 -45.235096 -0.31003937,
  57.574326 -45.235096 -0.31003937,57.529035 -45.218612 -0.31003937,
  57.492114 -45.187631 -0.31003937,57.468015 -45.145891 -0.31003937,
  57.812992 -48.425197 -0.31003937,57.832622 -48.326513 -0.31003937,
  57.888522 -48.242852 -0.31003937,57.972182 -48.186952 -0.31003937,
  58.070866 -48.167323 -0.31003937,58.16955 -48.186952 -0.31003937,
  58.253211 -48.242852 -0.31003937,58.309111 -48.326513 -0.31003937,
  58.32874 -48.425197 -0.31003937,58.309111 -48.523881 -0.31003937,
  58.253211 -48.607541 -0.31003937,58.16955 -48.663441 -0.31003937,
  58.070866 -48.683071 -0.31003937,57.972182 -48.663441 -0.31003937,
  57.888522 -48.607541 -0.31003937,57.832622 -48.523881 -0.31003937,
  60.138054 -48.186952 -0.31003937,60.221715 -48.242852 -0.31003937,
  60.277615 -48.326513 -0.31003937,60.297244 -48.425197 -0.31003937,
  60.277615 -48.523881 -0.31003937,60.221715 -48.607541 -0.31003937,
  60.138054 -48.663441 -0.31003937,60.03937 -48.683071 -0.31003937,
  59.940686 -48.663441 -0.31003937,59.857026 -48.607541 -0.31003937,
  59.801126 -48.523881 -0.31003937,59.781496 -48.425197 -0.31003937,
  59.801126 -48.326513 -0.31003937,59.857026 -48.242852 -0.31003937,
  59.940686 -48.186952 -0.31003937,60.03937 -48.167323 -0.31003937,
  59.96063 -35.136811 -0.31003937,60.008095 -35.14518 -0.31003937,
  60.049836 -35.169279 -0.31003937,60.080817 -35.206201 -0.31003937,
  60.097301 -35.251492 -0.31003937,60.097301 -35.299689 -0.31003937,
  60.080817 -35.34498 -0.31003937,60.049836 -35.381902 -0.31003937,
  60.008095 -35.406001 -0.31003937,59.96063 -35.41437 -0.31003937,
  58.188976 -35.41437 -0.31003937,58.141511 -35.406001 -0.31003937,
  58.099771 -35.381902 -0.31003937,58.06879 -35.34498 -0.31003937,
  58.052305 -35.299689 -0.31003937,58.052305 -35.251492 -0.31003937,
  58.06879 -35.206201 -0.31003937,58.099771 -35.169279 -0.31003937,
  58.141511 -35.14518 -0.31003937,58.188976 -35.136811 -0.31003937,
  59.312992 -32.480315 -0.31003937,59.293363 -32.578999 -0.31003937,
  59.237463 -32.662659 -0.31003937,59.153802 -32.718559 -0.31003937,
  59.055118 -32.738189 -0.31003937,58.956434 -32.718559 -0.31003937,
  58.872774 -32.662659 -0.31003937,58.816874 -32.578999 -0.31003937,
  58.797244 -32.480315 -0.31003937,58.816874 -32.381631 -0.31003937,
  58.872774 -32.29797 -0.31003937,58.956434 -32.24207 -0.31003937,
  59.055118 -32.222441 -0.31003937,59.153802 -32.24207 -0.31003937,
  59.237463 -32.29797 -0.31003937,59.293363 -32.381631 -0.31003937] }
 coordIndex [
  119,30,163,-1,163,30,31,-1,163,31,9,-1,9,31,32,-1,9,32,8,-1,8,32,33,-1,8,33,7,-1,7,33,34,-1,
  7,34,6,-1,6,34,35,-1,6,35,5,-1,5,35,36,-1,5,36,4,-1,4,36,37,-1,4,37,3,-1,3,37,38,-1,
  3,38,2,-1,2,38,39,-1,2,39,1,-1,1,39,20,-1,1,20,0,-1,0,20,132,-1,0,132,19,-1,19,132,153,-1,
  19,153,154,-1,19,154,18,-1,18,154,155,-1,18,155,17,-1,17,155,156,-1,17,156,16,-1,16,156,157,-1,16,157,15,-1,
  15,157,158,-1,15,158,14,-1,14,158,159,-1,14,159,13,-1,13,159,160,-1,13,160,12,-1,12,160,161,-1,12,161,11,-1,
  11,161,162,-1,11,162,10,-1,10,162,163,-1,10,163,9,-1,40,41,44,-1,40,44,45,-1,40,45,46,-1,40,46,47,-1,
  40,47,48,-1,40,48,49,-1,40,49,50,-1,40,50,51,-1,40,51,52,-1,40,52,76,-1,40,76,77,-1,40,77,78,-1,
  40,78,79,-1,40,79,80,-1,40,80,81,-1,40,81,82,-1,40,82,83,-1,40,83,84,-1,40,84,85,-1,40,85,135,-1,
  40,135,136,-1,40,136,137,-1,40,137,138,-1,40,138,139,-1,40,139,140,-1,40,140,141,-1,40,141,124,-1,40,124,125,-1,
  40,125,126,-1,40,126,127,-1,40,127,128,-1,40,128,129,-1,40,129,130,-1,40,130,43,-1,41,42,63,-1,41,63,64,-1,
  41,64,65,-1,41,65,66,-1,41,66,67,-1,41,67,68,-1,41,68,178,-1,41,178,179,-1,41,179,180,-1,41,180,181,-1,
  41,181,182,-1,41,182,183,-1,41,183,168,-1,41,168,53,-1,41,53,54,-1,41,54,55,-1,41,55,56,-1,41,56,57,-1,
  41,57,58,-1,41,58,59,-1,41,59,44,-1,52,53,152,-1,52,152,132,-1,52,132,133,-1,52,133,87,-1,52,87,88,-1,
  52,88,89,-1,52,89,90,-1,52,90,91,-1,52,91,92,-1,52,92,93,-1,52,93,94,-1,52,94,95,-1,52,95,76,-1,
  85,86,135,-1,135,86,87,-1,135,87,134,-1,134,87,133,-1,53,168,148,-1,53,148,149,-1,53,149,150,-1,53,150,151,-1,
  53,151,152,-1,177,178,68,-1,177,68,163,-1,177,163,164,-1,177,164,165,-1,177,165,166,-1,177,166,167,-1,177,167,176,-1,
  163,68,97,-1,163,97,98,-1,163,98,99,-1,163,99,100,-1,163,100,101,-1,163,101,102,-1,163,102,103,-1,163,103,104,-1,
  163,104,105,-1,163,105,106,-1,163,106,116,-1,163,116,117,-1,163,117,118,-1,163,118,119,-1,96,97,68,-1,96,68,69,-1,
  96,69,70,-1,96,70,71,-1,96,71,72,-1,96,72,73,-1,96,73,74,-1,96,74,75,-1,96,75,60,-1,96,60,42,-1,
  96,42,116,-1,96,116,115,-1,42,60,61,-1,42,61,62,-1,42,62,63,-1,141,142,124,-1,124,142,143,-1,124,143,25,-1,
  25,143,144,-1,25,144,145,-1,116,106,107,-1,116,107,108,-1,116,108,109,-1,116,109,110,-1,116,110,111,-1,116,111,112,-1,
  116,112,113,-1,116,113,114,-1,116,114,115,-1,43,130,131,-1,43,131,116,-1,43,116,42,-1,132,20,21,-1,132,21,22,-1,
  132,22,23,-1,132,23,147,-1,145,146,25,-1,25,146,147,-1,25,147,24,-1,24,147,23,-1,27,121,26,-1,26,121,122,-1,
  26,122,25,-1,25,122,123,-1,25,123,124,-1,28,29,120,-1,28,120,121,-1,28,121,27,-1,30,119,120,-1,30,120,29,-1,
  148,168,169,-1,148,169,170,-1,148,170,171,-1,148,171,172,-1,148,172,173,-1,148,173,174,-1,148,174,175,-1,148,175,167,-1,
  167,175,176,-1,153,132,152,-1,214,303,347,-1,214,347,215,-1,215,347,193,-1,215,193,216,-1,216,193,192,-1,216,192,217,-1,
  217,192,191,-1,217,191,218,-1,218,191,190,-1,218,190,219,-1,219,190,189,-1,219,189,220,-1,220,189,188,-1,220,188,221,-1,
  221,188,187,-1,221,187,222,-1,222,187,186,-1,222,186,223,-1,223,186,185,-1,223,185,204,-1,204,185,184,-1,204,184,316,-1,
  316,184,203,-1,316,203,337,-1,337,203,338,-1,338,203,202,-1,338,202,339,-1,339,202,201,-1,339,201,340,-1,340,201,200,-1,
  340,200,341,-1,341,200,199,-1,341,199,342,-1,342,199,198,-1,342,198,343,-1,343,198,197,-1,343,197,344,-1,344,197,196,-1,
  344,196,345,-1,345,196,195,-1,345,195,346,-1,346,195,194,-1,346,194,347,-1,347,194,193,-1,225,224,228,-1,228,224,229,-1,
  229,224,230,-1,230,224,231,-1,231,224,232,-1,232,224,233,-1,233,224,234,-1,234,224,235,-1,235,224,236,-1,236,224,260,-1,
  260,224,261,-1,261,224,262,-1,262,224,263,-1,263,224,264,-1,264,224,265,-1,265,224,266,-1,266,224,267,-1,267,224,268,-1,
  268,224,269,-1,269,224,319,-1,319,224,320,-1,320,224,321,-1,321,224,322,-1,322,224,323,-1,323,224,324,-1,324,224,325,-1,
  325,224,308,-1,308,224,309,-1,309,224,310,-1,310,224,311,-1,311,224,312,-1,312,224,313,-1,313,224,314,-1,314,224,227,-1,
  226,225,247,-1,247,225,248,-1,248,225,249,-1,249,225,250,-1,250,225,251,-1,251,225,252,-1,252,225,362,-1,362,225,363,-1,
  363,225,364,-1,364,225,365,-1,365,225,366,-1,366,225,367,-1,367,225,352,-1,352,225,237,-1,237,225,238,-1,238,225,239,-1,
  239,225,240,-1,240,225,241,-1,241,225,242,-1,242,225,243,-1,243,225,228,-1,237,236,336,-1,336,236,316,-1,316,236,317,-1,
  317,236,271,-1,271,236,272,-1,272,236,273,-1,273,236,274,-1,274,236,275,-1,275,236,276,-1,276,236,277,-1,277,236,278,-1,
  278,236,279,-1,279,236,260,-1,270,269,319,-1,270,319,271,-1,271,319,318,-1,271,318,317,-1,352,237,332,-1,332,237,333,-1,
  333,237,334,-1,334,237,335,-1,335,237,336,-1,362,361,252,-1,252,361,347,-1,347,361,348,-1,348,361,349,-1,349,361,350,-1,
  350,361,351,-1,351,361,360,-1,252,347,281,-1,281,347,282,-1,282,347,283,-1,283,347,284,-1,284,347,285,-1,285,347,286,-1,
  286,347,287,-1,287,347,288,-1,288,347,289,-1,289,347,290,-1,290,347,300,-1,300,347,301,-1,301,347,302,-1,302,347,303,-1,
  281,280,252,-1,252,280,253,-1,253,280,254,-1,254,280,255,-1,255,280,256,-1,256,280,257,-1,257,280,258,-1,258,280,259,-1,
  259,280,244,-1,244,280,226,-1,226,280,300,-1,300,280,299,-1,244,226,245,-1,245,226,246,-1,246,226,247,-1,326,325,308,-1,
  326,308,327,-1,327,308,209,-1,327,209,328,-1,328,209,329,-1,290,300,291,-1,291,300,292,-1,292,300,293,-1,293,300,294,-1,
  294,300,295,-1,295,300,296,-1,296,300,297,-1,297,300,298,-1,298,300,299,-1,314,227,315,-1,315,227,300,-1,300,227,226,-1,
  204,316,205,-1,205,316,206,-1,206,316,207,-1,207,316,331,-1,330,329,209,-1,330,209,331,-1,331,209,208,-1,331,208,207,-1,
  305,211,210,-1,305,210,306,-1,306,210,209,-1,306,209,307,-1,307,209,308,-1,213,212,304,-1,304,212,305,-1,305,212,211,-1,
  303,214,304,-1,304,214,213,-1,352,332,353,-1,353,332,354,-1,354,332,355,-1,355,332,356,-1,356,332,357,-1,357,332,358,-1,
  358,332,359,-1,359,332,351,-1,359,351,360,-1,316,337,336,-1]
  normalPerVertex TRUE
  normal DEF NORM_70 Normal { vector [
  0 0 1,0 0 1,
  0 0 1,0 0 1,
  0 0 1,0 0 1,
  0 0 1,0 0 1,
  0 0 1,0 0 1,
  0 0 1,0 0 1,
  0 0 1,0 0 1,
  0 0 1,0 0 1,
  0 0 1,0 0 1,
  0 0 1,0 0 1,
  0 0 1,0 0 1,
  0 0 1,0 0 1,
  0 0 1,0 0 1,
  0 0 1,0 0 1,
  0 0 1,0 0 1,
  0 0 1,0 0 1,
  0 0 1,0 0 1,
  0 0 1,0 0 1,
  0 0 1,0 0 1,
  0 0 1,0 0 1,
  0 0 1,0 0 1,
  0 0 1,0 0 1,
  0 0 1,0 0 1,
  0 0 1,0 0 1,
  0 0 1,0 0 1,
  0 0 1,0 0 1,
  0 0 1,0 0 1,
  0 0 1,0 0 1,
  0 0 1,0 0 1,
  0 0 1,0 0 1,
  0 0 1,0 0 1,
  0 0 1,0 0 1,
  0 0 1,0 0 1,
  0 0 1,0 0 1,
  0 0 1,0 0 1,
  0 0 1,0 0 1,
  0 0 1,0 0 1,
  0 0 1,0 0 1,
  0 0 1,0 0 1,
  0 0 1,0 0 1,
  0 0 1,0 0 1,
  0 0 1,0 0 1,
  0 0 1,0 0 1,
  0 0 1,0 0 1,
  0 0 1,0 0 1,
  0 0 1,0 0 1,
  0 0 1,0 0 1,
  0 0 1,0 0 1,
  0 0 1,0 0 1,
  0 0 1,0 0 1,
  0 0 1,0 0 1,
  0 0 1,0 0 1,
  0 0 1,0 0 1,
  0 0 1,0 0 1,
  0 0 1,0 0 1,
  0 0 1,0 0 1,
  0 0 1,0 0 1,
  0 0 1,0 0 1,
  0 0 1,0 0 1,
  0 0 1,0 0 1,
  0 0 1,0 0 1,
  0 0 1,0 0 1,
  0 0 1,0 0 1,
  0 0 1,0 0 1,
  0 0 1,0 0 1,
  0 0 1,0 0 1,
  0 0 1,0 0 1,
  0 0 1,0 0 1,
  0 0 1,0 0 1,
  0 0 1,0 0 1,
  0 0 1,0 0 1,
  0 0 1,0 0 1,
  0 0 1,0 0 1,
  0 0 1,0 0 1,
  0 0 1,0 0 1,
  0 0 1,0 0 1,
  0 0 1,0 0 1,
  0 0 1,0 0 1,
  0 0 1,0 0 1,
  0 0 1,0 0 1,
  0 0 1,0 0 1,
  0 0 1,0 0 1,
  0 0 1,0 0 1,
  0 0 1,0 0 1,
  0 0 1,0 0 1,
  0 0 1,0 0 1,
  0 0 1,0 0 1,
  0 0 1,0 0 1,
  0 0 1,0 0 1,
  0 0 1,0 0 1,
  0 0 1,0 0 1,
  0 0 1,0 0 1,
  0 0 -1,0 0 -1,
  0 0 -1,0 0 -1,
  0 0 -1,0 0 -1,
  0 0 -1,0 0 -1,
  0 0 -1,0 0 -1,
  0 0 -1,0 0 -1,
  0 0 -1,0 0 -1,
  0 0 -1,0 0 -1,
  0 0 -1,0 0 -1,
  0 0 -1,0 0 -1,
  0 0 -1,0 0 -1,
  0 0 -1,0 0 -1,
  0 0 -1,0 0 -1,
  0 0 -1,0 0 -1,
  0 0 -1,0 0 -1,
  0 0 -1,0 0 -1,
  0 0 -1,0 0 -1,
  0 0 -1,0 0 -1,
  0 0 -1,0 0 -1,
  0 0 -1,0 0 -1,
  0 0 -1,0 0 -1,
  0 0 -1,0 0 -1,
  0 0 -1,0 0 -1,
  0 0 -1,0 0 -1,
  0 0 -1,0 0 -1,
  0 0 -1,0 0 -1,
  0 0 -1,0 0 -1,
  0 0 -1,0 0 -1,
  0 0 -1,0 0 -1,
  0 0 -1,0 0 -1,
  0 0 -1,0 0 -1,
  0 0 -1,0 0 -1,
  0 0 -1,0 0 -1,
  0 0 -1,0 0 -1,
  0 0 -1,0 0 -1,
  0 0 -1,0 0 -1,
  0 0 -1,0 0 -1,
  0 0 -1,0 0 -1,
  0 0 -1,0 0 -1,
  0 0 -1,0 0 -1,
  0 0 -1,0 0 -1,
  0 0 -1,0 0 -1,
  0 0 -1,0 0 -1,
  0 0 -1,0 0 -1,
  0 0 -1,0 0 -1,
  0 0 -1,0 0 -1,
  0 0 -1,0 0 -1,
  0 0 -1,0 0 -1,
  0 0 -1,0 0 -1,
  0 0 -1,0 0 -1,
  0 0 -1,0 0 -1,
  0 0 -1,0 0 -1,
  0 0 -1,0 0 -1,
  0 0 -1,0 0 -1,
  0 0 -1,0 0 -1,
  0 0 -1,0 0 -1,
  0 0 -1,0 0 -1,
  0 0 -1,0 0 -1,
  0 0 -1,0 0 -1,
  0 0 -1,0 0 -1,
  0 0 -1,0 0 -1,
  0 0 -1,0 0 -1,
  0 0 -1,0 0 -1,
  0 0 -1,0 0 -1,
  0 0 -1,0 0 -1,
  0 0 -1,0 0 -1,
  0 0 -1,0 0 -1,
  0 0 -1,0 0 -1,
  0 0 -1,0 0 -1,
  0 0 -1,0 0 -1,
  0 0 -1,0 0 -1,
  0 0 -1,0 0 -1,
  0 0 -1,0 0 -1,
  0 0 -1,0 0 -1,
  0 0 -1,0 0 -1,
  0 0 -1,0 0 -1,
  0 0 -1,0 0 -1,
  0 0 -1,0 0 -1,
  0 0 -1,0 0 -1,
  0 0 -1,0 0 -1,
  0 0 -1,0 0 -1,
  0 0 -1,0 0 -1,
  0 0 -1,0 0 -1,
  0 0 -1,0 0 -1,
  0 0 -1,0 0 -1,
  0 0 -1,0 0 -1,
  0 0 -1,0 0 -1,
  0 0 -1,0 0 -1,
  0 0 -1,0 0 -1,
  0 0 -1,0 0 -1,
  0 0 -1,0 0 -1,
  0 0 -1,0 0 -1] }
}
}
DEF SHAPE_71 Shape {
 appearance USE APP_2
 geometry DEF FACE_71 IndexedFaceSet {
  coord DEF COORD_71 Coordinate { point [
  60.080817 -37.392224 0.31003937,60.097301 -37.346933 0.31003937,
  60.080817 -37.392224 -0.31003937,60.080817 -37.392224 -0.31003937,
  60.097301 -37.346933 0.31003937,60.097301 -37.346933 -0.31003937,
  60.049836 -37.429146 0.31003937,60.080817 -37.392224 0.31003937,
  60.049836 -37.429146 -0.31003937,60.049836 -37.429146 -0.31003937,
  60.080817 -37.392224 0.31003937,60.080817 -37.392224 -0.31003937,
  60.008095 -37.453245 0.31003937,60.049836 -37.429146 0.31003937,
  60.008095 -37.453245 -0.31003937,60.008095 -37.453245 -0.31003937,
  60.049836 -37.429146 0.31003937,60.049836 -37.429146 -0.31003937,
  59.96063 -37.461614 0.31003937,60.008095 -37.453245 0.31003937,
  59.96063 -37.461614 -0.31003937,59.96063 -37.461614 -0.31003937,
  60.008095 -37.453245 0.31003937,60.008095 -37.453245 -0.31003937,
  58.188976 -37.461614 0.31003937,59.96063 -37.461614 0.31003937,
  58.188976 -37.461614 -0.31003937,58.188976 -37.461614 -0.31003937,
  59.96063 -37.461614 0.31003937,59.96063 -37.461614 -0.31003937,
  58.141511 -37.453245 0.31003937,58.188976 -37.461614 0.31003937,
  58.141511 -37.453245 -0.31003937,58.141511 -37.453245 -0.31003937,
  58.188976 -37.461614 0.31003937,58.188976 -37.461614 -0.31003937,
  58.099771 -37.429146 0.31003937,58.141511 -37.453245 0.31003937,
  58.099771 -37.429146 -0.31003937,58.099771 -37.429146 -0.31003937,
  58.141511 -37.453245 0.31003937,58.141511 -37.453245 -0.31003937,
  58.06879 -37.392224 0.31003937,58.099771 -37.429146 0.31003937,
  58.06879 -37.392224 -0.31003937,58.06879 -37.392224 -0.31003937,
  58.099771 -37.429146 0.31003937,58.099771 -37.429146 -0.31003937,
  58.052305 -37.346933 0.31003937,58.06879 -37.392224 0.31003937,
  58.052305 -37.346933 -0.31003937,58.052305 -37.346933 -0.31003937,
  58.06879 -37.392224 0.31003937,58.06879 -37.392224 -0.31003937,
  58.052305 -37.298736 0.31003937,58.052305 -37.346933 0.31003937,
  58.052305 -37.298736 -0.31003937,58.052305 -37.298736 -0.31003937,
  58.052305 -37.346933 0.31003937,58.052305 -37.346933 -0.31003937,
  58.06879 -37.253445 0.31003937,58.052305 -37.298736 0.31003937,
  58.06879 -37.253445 -0.31003937,58.06879 -37.253445 -0.31003937,
  58.052305 -37.298736 0.31003937,58.052305 -37.298736 -0.31003937,
  58.099771 -37.216523 0.31003937,58.06879 -37.253445 0.31003937,
  58.099771 -37.216523 -0.31003937,58.099771 -37.216523 -0.31003937,
  58.06879 -37.253445 0.31003937,58.06879 -37.253445 -0.31003937,
  58.141511 -37.192425 0.31003937,58.099771 -37.216523 0.31003937,
  58.141511 -37.192425 -0.31003937,58.141511 -37.192425 -0.31003937,
  58.099771 -37.216523 0.31003937,58.099771 -37.216523 -0.31003937,
  58.188976 -37.184055 0.31003937,58.141511 -37.192425 0.31003937,
  58.188976 -37.184055 -0.31003937,58.188976 -37.184055 -0.31003937,
  58.141511 -37.192425 0.31003937,58.141511 -37.192425 -0.31003937,
  59.96063 -37.184055 0.31003937,58.188976 -37.184055 0.31003937,
  59.96063 -37.184055 -0.31003937,59.96063 -37.184055 -0.31003937,
  58.188976 -37.184055 0.31003937,58.188976 -37.184055 -0.31003937,
  60.008095 -37.192425 0.31003937,59.96063 -37.184055 0.31003937,
  60.008095 -37.192425 -0.31003937,60.008095 -37.192425 -0.31003937,
  59.96063 -37.184055 0.31003937,59.96063 -37.184055 -0.31003937,
  60.049836 -37.216523 0.31003937,60.008095 -37.192425 0.31003937,
  60.049836 -37.216523 -0.31003937,60.049836 -37.216523 -0.31003937,
  60.008095 -37.192425 0.31003937,60.008095 -37.192425 -0.31003937,
  60.080817 -37.253445 0.31003937,60.049836 -37.216523 0.31003937,
  60.080817 -37.253445 -0.31003937,60.080817 -37.253445 -0.31003937,
  60.049836 -37.216523 0.31003937,60.049836 -37.216523 -0.31003937,
  60.097301 -37.298736 0.31003937,60.080817 -37.253445 0.31003937,
  60.097301 -37.298736 -0.31003937,60.097301 -37.298736 -0.31003937,
  60.080817 -37.253445 0.31003937,60.080817 -37.253445 -0.31003937,
  60.097301 -37.346933 0.31003937,60.097301 -37.298736 0.31003937,
  60.097301 -37.346933 -0.31003937,60.097301 -37.346933 -0.31003937,
  60.097301 -37.298736 0.31003937,60.097301 -37.298736 -0.31003937,
  60.097301 -39.394178 0.31003937,60.097301 -39.34598 0.31003937,
  60.097301 -39.394178 -0.31003937,60.097301 -39.394178 -0.31003937,
  60.097301 -39.34598 0.31003937,60.097301 -39.34598 -0.31003937,
  60.080817 -39.439469 0.31003937,60.097301 -39.394178 0.31003937,
  60.080817 -39.439469 -0.31003937,60.080817 -39.439469 -0.31003937,
  60.097301 -39.394178 0.31003937,60.097301 -39.394178 -0.31003937,
  60.049836 -39.47639 0.31003937,60.080817 -39.439469 0.31003937,
  60.049836 -39.47639 -0.31003937,60.049836 -39.47639 -0.31003937,
  60.080817 -39.439469 0.31003937,60.080817 -39.439469 -0.31003937,
  60.008095 -39.500489 0.31003937,60.049836 -39.47639 0.31003937,
  60.008095 -39.500489 -0.31003937,60.008095 -39.500489 -0.31003937,
  60.049836 -39.47639 0.31003937,60.049836 -39.47639 -0.31003937,
  59.96063 -39.508858 0.31003937,60.008095 -39.500489 0.31003937,
  59.96063 -39.508858 -0.31003937,59.96063 -39.508858 -0.31003937,
  60.008095 -39.500489 0.31003937,60.008095 -39.500489 -0.31003937,
  58.188976 -39.508858 0.31003937,59.96063 -39.508858 0.31003937,
  58.188976 -39.508858 -0.31003937,58.188976 -39.508858 -0.31003937,
  59.96063 -39.508858 0.31003937,59.96063 -39.508858 -0.31003937,
  58.141511 -39.500489 0.31003937,58.188976 -39.508858 0.31003937,
  58.141511 -39.500489 -0.31003937,58.141511 -39.500489 -0.31003937,
  58.188976 -39.508858 0.31003937,58.188976 -39.508858 -0.31003937,
  58.099771 -39.47639 0.31003937,58.141511 -39.500489 0.31003937,
  58.099771 -39.47639 -0.31003937,58.099771 -39.47639 -0.31003937,
  58.141511 -39.500489 0.31003937,58.141511 -39.500489 -0.31003937,
  58.06879 -39.439469 0.31003937,58.099771 -39.47639 0.31003937,
  58.06879 -39.439469 -0.31003937,58.06879 -39.439469 -0.31003937,
  58.099771 -39.47639 0.31003937,58.099771 -39.47639 -0.31003937,
  58.052305 -39.394178 0.31003937,58.06879 -39.439469 0.31003937,
  58.052305 -39.394178 -0.31003937,58.052305 -39.394178 -0.31003937,
  58.06879 -39.439469 0.31003937,58.06879 -39.439469 -0.31003937,
  58.052305 -39.34598 0.31003937,58.052305 -39.394178 0.31003937,
  58.052305 -39.34598 -0.31003937,58.052305 -39.34598 -0.31003937,
  58.052305 -39.394178 0.31003937,58.052305 -39.394178 -0.31003937,
  58.06879 -39.300689 0.31003937,58.052305 -39.34598 0.31003937,
  58.06879 -39.300689 -0.31003937,58.06879 -39.300689 -0.31003937,
  58.052305 -39.34598 0.31003937,58.052305 -39.34598 -0.31003937,
  58.099771 -39.263767 0.31003937,58.06879 -39.300689 0.31003937,
  58.099771 -39.263767 -0.31003937,58.099771 -39.263767 -0.31003937,
  58.06879 -39.300689 0.31003937,58.06879 -39.300689 -0.31003937,
  58.141511 -39.239669 0.31003937,58.099771 -39.263767 0.31003937,
  58.141511 -39.239669 -0.31003937,58.141511 -39.239669 -0.31003937,
  58.099771 -39.263767 0.31003937,58.099771 -39.263767 -0.31003937,
  58.188976 -39.231299 0.31003937,58.141511 -39.239669 0.31003937,
  58.188976 -39.231299 -0.31003937,58.188976 -39.231299 -0.31003937,
  58.141511 -39.239669 0.31003937,58.141511 -39.239669 -0.31003937,
  59.96063 -39.231299 0.31003937,58.188976 -39.231299 0.31003937,
  59.96063 -39.231299 -0.31003937,59.96063 -39.231299 -0.31003937,
  58.188976 -39.231299 0.31003937,58.188976 -39.231299 -0.31003937,
  60.008095 -39.239669 0.31003937,59.96063 -39.231299 0.31003937,
  60.008095 -39.239669 -0.31003937,60.008095 -39.239669 -0.31003937,
  59.96063 -39.231299 0.31003937,59.96063 -39.231299 -0.31003937,
  60.049836 -39.263767 0.31003937,60.008095 -39.239669 0.31003937,
  60.049836 -39.263767 -0.31003937,60.049836 -39.263767 -0.31003937,
  60.008095 -39.239669 0.31003937,60.008095 -39.239669 -0.31003937,
  60.080817 -39.300689 0.31003937,60.049836 -39.263767 0.31003937,
  60.080817 -39.300689 -0.31003937,60.080817 -39.300689 -0.31003937,
  60.049836 -39.263767 0.31003937,60.049836 -39.263767 -0.31003937,
  60.097301 -39.34598 0.31003937,60.080817 -39.300689 0.31003937,
  60.097301 -39.34598 -0.31003937,60.097301 -39.34598 -0.31003937,
  60.080817 -39.300689 0.31003937,60.080817 -39.300689 -0.31003937,
  62.598425 -28.937008 0.31003937,62.598425 -51.968504 0.31003937,
  62.598425 -28.937008 -0.31003937,62.598425 -28.937008 -0.31003937,
  62.598425 -51.968504 0.31003937,62.598425 -51.968504 -0.31003937,
  55.511811 -28.937008 0.31003937,62.598425 -28.937008 0.31003937,
  55.511811 -28.937008 -0.31003937,55.511811 -28.937008 -0.31003937,
  62.598425 -28.937008 0.31003937,62.598425 -28.937008 -0.31003937,
  55.511811 -51.968504 0.31003937,55.511811 -28.937008 0.31003937,
  55.511811 -51.968504 -0.31003937,55.511811 -51.968504 -0.31003937,
  55.511811 -28.937008 0.31003937,55.511811 -28.937008 -0.31003937,
  62.598425 -51.968504 0.31003937,55.511811 -51.968504 0.31003937,
  62.598425 -51.968504 -0.31003937,62.598425 -51.968504 -0.31003937,
  55.511811 -51.968504 0.31003937,55.511811 -51.968504 -0.31003937,
  61.261867 -32.578999 0.31003937,61.281496 -32.480315 0.31003937,
  61.261867 -32.578999 -0.31003937,61.261867 -32.578999 -0.31003937,
  61.281496 -32.480315 0.31003937,61.281496 -32.480315 -0.31003937,
  61.205967 -32.662659 0.31003937,61.261867 -32.578999 0.31003937,
  61.205967 -32.662659 -0.31003937,61.205967 -32.662659 -0.31003937,
  61.261867 -32.578999 0.31003937,61.261867 -32.578999 -0.31003937,
  61.122306 -32.718559 0.31003937,61.205967 -32.662659 0.31003937,
  61.122306 -32.718559 -0.31003937,61.122306 -32.718559 -0.31003937,
  61.205967 -32.662659 0.31003937,61.205967 -32.662659 -0.31003937,
  61.023622 -32.738189 0.31003937,61.122306 -32.718559 0.31003937,
  61.023622 -32.738189 -0.31003937,61.023622 -32.738189 -0.31003937,
  61.122306 -32.718559 0.31003937,61.122306 -32.718559 -0.31003937,
  60.924938 -32.718559 0.31003937,61.023622 -32.738189 0.31003937,
  60.924938 -32.718559 -0.31003937,60.924938 -32.718559 -0.31003937,
  61.023622 -32.738189 0.31003937,61.023622 -32.738189 -0.31003937,
  60.841278 -32.662659 0.31003937,60.924938 -32.718559 0.31003937,
  60.841278 -32.662659 -0.31003937,60.841278 -32.662659 -0.31003937,
  60.924938 -32.718559 0.31003937,60.924938 -32.718559 -0.31003937,
  60.785378 -32.578999 0.31003937,60.841278 -32.662659 0.31003937,
  60.785378 -32.578999 -0.31003937,60.785378 -32.578999 -0.31003937,
  60.841278 -32.662659 0.31003937,60.841278 -32.662659 -0.31003937,
  60.765748 -32.480315 0.31003937,60.785378 -32.578999 0.31003937,
  60.765748 -32.480315 -0.31003937,60.765748 -32.480315 -0.31003937,
  60.785378 -32.578999 0.31003937,60.785378 -32.578999 -0.31003937,
  60.785378 -32.381631 0.31003937,60.765748 -32.480315 0.31003937,
  60.785378 -32.381631 -0.31003937,60.785378 -32.381631 -0.31003937,
  60.765748 -32.480315 0.31003937,60.765748 -32.480315 -0.31003937,
  60.841278 -32.29797 0.31003937,60.785378 -32.381631 0.31003937,
  60.841278 -32.29797 -0.31003937,60.841278 -32.29797 -0.31003937,
  60.785378 -32.381631 0.31003937,60.785378 -32.381631 -0.31003937,
  60.924938 -32.24207 0.31003937,60.841278 -32.29797 0.31003937,
  60.924938 -32.24207 -0.31003937,60.924938 -32.24207 -0.31003937,
  60.841278 -32.29797 0.31003937,60.841278 -32.29797 -0.31003937,
  61.023622 -32.222441 0.31003937,60.924938 -32.24207 0.31003937,
  61.023622 -32.222441 -0.31003937,61.023622 -32.222441 -0.31003937,
  60.924938 -32.24207 0.31003937,60.924938 -32.24207 -0.31003937,
  61.122306 -32.24207 0.31003937,61.023622 -32.222441 0.31003937,
  61.122306 -32.24207 -0.31003937,61.122306 -32.24207 -0.31003937,
  61.023622 -32.222441 0.31003937,61.023622 -32.222441 -0.31003937,
  61.205967 -32.29797 0.31003937,61.122306 -32.24207 0.31003937,
  61.205967 -32.29797 -0.31003937,61.205967 -32.29797 -0.31003937,
  61.122306 -32.24207 0.31003937,61.122306 -32.24207 -0.31003937,
  61.261867 -32.381631 0.31003937,61.205967 -32.29797 0.31003937,
  61.261867 -32.381631 -0.31003937,61.261867 -32.381631 -0.31003937,
  61.205967 -32.29797 0.31003937,61.205967 -32.29797 -0.31003937,
  61.281496 -32.480315 0.31003937,61.261867 -32.381631 0.31003937,
  61.281496 -32.480315 -0.31003937,61.281496 -32.480315 -0.31003937,
  61.261867 -32.381631 0.31003937,61.261867 -32.381631 -0.31003937,
  56.84837 -32.381631 0.31003937,56.82874 -32.480315 0.31003937,
  56.84837 -32.381631 -0.31003937,56.84837 -32.381631 -0.31003937,
  56.82874 -32.480315 0.31003937,56.82874 -32.480315 -0.31003937,
  56.90427 -32.29797 0.31003937,56.84837 -32.381631 0.31003937,
  56.90427 -32.29797 -0.31003937,56.90427 -32.29797 -0.31003937,
  56.84837 -32.381631 0.31003937,56.84837 -32.381631 -0.31003937,
  56.98793 -32.24207 0.31003937,56.90427 -32.29797 0.31003937,
  56.98793 -32.24207 -0.31003937,56.98793 -32.24207 -0.31003937,
  56.90427 -32.29797 0.31003937,56.90427 -32.29797 -0.31003937,
  57.086614 -32.222441 0.31003937,56.98793 -32.24207 0.31003937,
  57.086614 -32.222441 -0.31003937,57.086614 -32.222441 -0.31003937,
  56.98793 -32.24207 0.31003937,56.98793 -32.24207 -0.31003937,
  57.185298 -32.24207 0.31003937,57.086614 -32.222441 0.31003937,
  57.185298 -32.24207 -0.31003937,57.185298 -32.24207 -0.31003937,
  57.086614 -32.222441 0.31003937,57.086614 -32.222441 -0.31003937,
  57.268959 -32.29797 0.31003937,57.185298 -32.24207 0.31003937,
  57.268959 -32.29797 -0.31003937,57.268959 -32.29797 -0.31003937,
  57.185298 -32.24207 0.31003937,57.185298 -32.24207 -0.31003937,
  57.324859 -32.381631 0.31003937,57.268959 -32.29797 0.31003937,
  57.324859 -32.381631 -0.31003937,57.324859 -32.381631 -0.31003937,
  57.268959 -32.29797 0.31003937,57.268959 -32.29797 -0.31003937,
  57.344488 -32.480315 0.31003937,57.324859 -32.381631 0.31003937,
  57.344488 -32.480315 -0.31003937,57.344488 -32.480315 -0.31003937,
  57.324859 -32.381631 0.31003937,57.324859 -32.381631 -0.31003937,
  57.324859 -32.578999 0.31003937,57.344488 -32.480315 0.31003937,
  57.324859 -32.578999 -0.31003937,57.324859 -32.578999 -0.31003937,
  57.344488 -32.480315 0.31003937,57.344488 -32.480315 -0.31003937,
  57.268959 -32.662659 0.31003937,57.324859 -32.578999 0.31003937,
  57.268959 -32.662659 -0.31003937,57.268959 -32.662659 -0.31003937,
  57.324859 -32.578999 0.31003937,57.324859 -32.578999 -0.31003937,
  57.185298 -32.718559 0.31003937,57.268959 -32.662659 0.31003937,
  57.185298 -32.718559 -0.31003937,57.185298 -32.718559 -0.31003937,
  57.268959 -32.662659 0.31003937,57.268959 -32.662659 -0.31003937,
  57.086614 -32.738189 0.31003937,57.185298 -32.718559 0.31003937,
  57.086614 -32.738189 -0.31003937,57.086614 -32.738189 -0.31003937,
  57.185298 -32.718559 0.31003937,57.185298 -32.718559 -0.31003937,
  56.98793 -32.718559 0.31003937,57.086614 -32.738189 0.31003937,
  56.98793 -32.718559 -0.31003937,56.98793 -32.718559 -0.31003937,
  57.086614 -32.738189 0.31003937,57.086614 -32.738189 -0.31003937,
  56.90427 -32.662659 0.31003937,56.98793 -32.718559 0.31003937,
  56.90427 -32.662659 -0.31003937,56.90427 -32.662659 -0.31003937,
  56.98793 -32.718559 0.31003937,56.98793 -32.718559 -0.31003937,
  56.84837 -32.578999 0.31003937,56.90427 -32.662659 0.31003937,
  56.84837 -32.578999 -0.31003937,56.84837 -32.578999 -0.31003937,
  56.90427 -32.662659 0.31003937,56.90427 -32.662659 -0.31003937,
  56.82874 -32.480315 0.31003937,56.84837 -32.578999 0.31003937,
  56.82874 -32.480315 -0.31003937,56.82874 -32.480315 -0.31003937,
  56.84837 -32.578999 0.31003937,56.84837 -32.578999 -0.31003937,
  60.689961 -45.098425 0.31003937,60.689961 -43.326772 0.31003937,
  60.689961 -45.098425 -0.31003937,60.689961 -45.098425 -0.31003937,
  60.689961 -43.326772 0.31003937,60.689961 -43.326772 -0.31003937,
  60.681591 -45.145891 0.31003937,60.689961 -45.098425 0.31003937,
  60.681591 -45.145891 -0.31003937,60.681591 -45.145891 -0.31003937,
  60.689961 -45.098425 0.31003937,60.689961 -45.098425 -0.31003937,
  60.657492 -45.187631 0.31003937,60.681591 -45.145891 0.31003937,
  60.657492 -45.187631 -0.31003937,60.657492 -45.187631 -0.31003937,
  60.681591 -45.145891 0.31003937,60.681591 -45.145891 -0.31003937,
  60.620571 -45.218612 0.31003937,60.657492 -45.187631 0.31003937,
  60.620571 -45.218612 -0.31003937,60.620571 -45.218612 -0.31003937,
  60.657492 -45.187631 0.31003937,60.657492 -45.187631 -0.31003937,
  60.57528 -45.235096 0.31003937,60.620571 -45.218612 0.31003937,
  60.57528 -45.235096 -0.31003937,60.57528 -45.235096 -0.31003937,
  60.620571 -45.218612 0.31003937,60.620571 -45.218612 -0.31003937,
  60.527082 -45.235096 0.31003937,60.57528 -45.235096 0.31003937,
  60.527082 -45.235096 -0.31003937,60.527082 -45.235096 -0.31003937,
  60.57528 -45.235096 0.31003937,60.57528 -45.235096 -0.31003937,
  60.481791 -45.218612 0.31003937,60.527082 -45.235096 0.31003937,
  60.481791 -45.218612 -0.31003937,60.481791 -45.218612 -0.31003937,
  60.527082 -45.235096 0.31003937,60.527082 -45.235096 -0.31003937,
  60.44487 -45.187631 0.31003937,60.481791 -45.218612 0.31003937,
  60.44487 -45.187631 -0.31003937,60.44487 -45.187631 -0.31003937,
  60.481791 -45.218612 0.31003937,60.481791 -45.218612 -0.31003937,
  60.420771 -45.145891 0.31003937,60.44487 -45.187631 0.31003937,
  60.420771 -45.145891 -0.31003937,60.420771 -45.145891 -0.31003937,
  60.44487 -45.187631 0.31003937,60.44487 -45.187631 -0.31003937,
  60.412402 -45.098425 0.31003937,60.420771 -45.145891 0.31003937,
  60.412402 -45.098425 -0.31003937,60.412402 -45.098425 -0.31003937,
  60.420771 -45.145891 0.31003937,60.420771 -45.145891 -0.31003937,
  60.412402 -43.326772 0.31003937,60.412402 -45.098425 0.31003937,
  60.412402 -43.326772 -0.31003937,60.412402 -43.326772 -0.31003937,
  60.412402 -45.098425 0.31003937,60.412402 -45.098425 -0.31003937,
  60.420771 -43.279306 0.31003937,60.412402 -43.326772 0.31003937,
  60.420771 -43.279306 -0.31003937,60.420771 -43.279306 -0.31003937,
  60.412402 -43.326772 0.31003937,60.412402 -43.326772 -0.31003937,
  60.44487 -43.237566 0.31003937,60.420771 -43.279306 0.31003937,
  60.44487 -43.237566 -0.31003937,60.44487 -43.237566 -0.31003937,
  60.420771 -43.279306 0.31003937,60.420771 -43.279306 -0.31003937,
  60.481791 -43.206585 0.31003937,60.44487 -43.237566 0.31003937,
  60.481791 -43.206585 -0.31003937,60.481791 -43.206585 -0.31003937,
  60.44487 -43.237566 0.31003937,60.44487 -43.237566 -0.31003937,
  60.527082 -43.1901 0.31003937,60.481791 -43.206585 0.31003937,
  60.527082 -43.1901 -0.31003937,60.527082 -43.1901 -0.31003937,
  60.481791 -43.206585 0.31003937,60.481791 -43.206585 -0.31003937,
  60.57528 -43.1901 0.31003937,60.527082 -43.1901 0.31003937,
  60.57528 -43.1901 -0.31003937,60.57528 -43.1901 -0.31003937,
  60.527082 -43.1901 0.31003937,60.527082 -43.1901 -0.31003937,
  60.620571 -43.206585 0.31003937,60.57528 -43.1901 0.31003937,
  60.620571 -43.206585 -0.31003937,60.620571 -43.206585 -0.31003937,
  60.57528 -43.1901 0.31003937,60.57528 -43.1901 -0.31003937,
  60.657492 -43.237566 0.31003937,60.620571 -43.206585 0.31003937,
  60.657492 -43.237566 -0.31003937,60.657492 -43.237566 -0.31003937,
  60.620571 -43.206585 0.31003937,60.620571 -43.206585 -0.31003937,
  60.681591 -43.279306 0.31003937,60.657492 -43.237566 0.31003937,
  60.681591 -43.279306 -0.31003937,60.681591 -43.279306 -0.31003937,
  60.657492 -43.237566 0.31003937,60.657492 -43.237566 -0.31003937,
  60.689961 -43.326772 0.31003937,60.681591 -43.279306 0.31003937,
  60.689961 -43.326772 -0.31003937,60.689961 -43.326772 -0.31003937,
  60.681591 -43.279306 0.31003937,60.681591 -43.279306 -0.31003937,
  57.459646 -43.326772 0.31003937,57.459646 -45.098425 0.31003937,
  57.459646 -43.326772 -0.31003937,57.459646 -43.326772 -0.31003937,
  57.459646 -45.098425 0.31003937,57.459646 -45.098425 -0.31003937,
  57.468015 -43.279306 0.31003937,57.459646 -43.326772 0.31003937,
  57.468015 -43.279306 -0.31003937,57.468015 -43.279306 -0.31003937,
  57.459646 -43.326772 0.31003937,57.459646 -43.326772 -0.31003937,
  57.492114 -43.237566 0.31003937,57.468015 -43.279306 0.31003937,
  57.492114 -43.237566 -0.31003937,57.492114 -43.237566 -0.31003937,
  57.468015 -43.279306 0.31003937,57.468015 -43.279306 -0.31003937,
  57.529035 -43.206585 0.31003937,57.492114 -43.237566 0.31003937,
  57.529035 -43.206585 -0.31003937,57.529035 -43.206585 -0.31003937,
  57.492114 -43.237566 0.31003937,57.492114 -43.237566 -0.31003937,
  57.574326 -43.1901 0.31003937,57.529035 -43.206585 0.31003937,
  57.574326 -43.1901 -0.31003937,57.574326 -43.1901 -0.31003937,
  57.529035 -43.206585 0.31003937,57.529035 -43.206585 -0.31003937,
  57.622524 -43.1901 0.31003937,57.574326 -43.1901 0.31003937,
  57.622524 -43.1901 -0.31003937,57.622524 -43.1901 -0.31003937,
  57.574326 -43.1901 0.31003937,57.574326 -43.1901 -0.31003937,
  57.667815 -43.206585 0.31003937,57.622524 -43.1901 0.31003937,
  57.667815 -43.206585 -0.31003937,57.667815 -43.206585 -0.31003937,
  57.622524 -43.1901 0.31003937,57.622524 -43.1901 -0.31003937,
  57.704736 -43.237566 0.31003937,57.667815 -43.206585 0.31003937,
  57.704736 -43.237566 -0.31003937,57.704736 -43.237566 -0.31003937,
  57.667815 -43.206585 0.31003937,57.667815 -43.206585 -0.31003937,
  57.728835 -43.279306 0.31003937,57.704736 -43.237566 0.31003937,
  57.728835 -43.279306 -0.31003937,57.728835 -43.279306 -0.31003937,
  57.704736 -43.237566 0.31003937,57.704736 -43.237566 -0.31003937,
  57.737205 -43.326772 0.31003937,57.728835 -43.279306 0.31003937,
  57.737205 -43.326772 -0.31003937,57.737205 -43.326772 -0.31003937,
  57.728835 -43.279306 0.31003937,57.728835 -43.279306 -0.31003937,
  57.737205 -45.098425 0.31003937,57.737205 -43.326772 0.31003937,
  57.737205 -45.098425 -0.31003937,57.737205 -45.098425 -0.31003937,
  57.737205 -43.326772 0.31003937,57.737205 -43.326772 -0.31003937,
  57.728835 -45.145891 0.31003937,57.737205 -45.098425 0.31003937,
  57.728835 -45.145891 -0.31003937,57.728835 -45.145891 -0.31003937,
  57.737205 -45.098425 0.31003937,57.737205 -45.098425 -0.31003937,
  57.704736 -45.187631 0.31003937,57.728835 -45.145891 0.31003937,
  57.704736 -45.187631 -0.31003937,57.704736 -45.187631 -0.31003937,
  57.728835 -45.145891 0.31003937,57.728835 -45.145891 -0.31003937,
  57.667815 -45.218612 0.31003937,57.704736 -45.187631 0.31003937,
  57.667815 -45.218612 -0.31003937,57.667815 -45.218612 -0.31003937,
  57.704736 -45.187631 0.31003937,57.704736 -45.187631 -0.31003937,
  57.622524 -45.235096 0.31003937,57.667815 -45.218612 0.31003937,
  57.622524 -45.235096 -0.31003937,57.622524 -45.235096 -0.31003937,
  57.667815 -45.218612 0.31003937,57.667815 -45.218612 -0.31003937,
  57.574326 -45.235096 0.31003937,57.622524 -45.235096 0.31003937,
  57.574326 -45.235096 -0.31003937,57.574326 -45.235096 -0.31003937,
  57.622524 -45.235096 0.31003937,57.622524 -45.235096 -0.31003937,
  57.529035 -45.218612 0.31003937,57.574326 -45.235096 0.31003937,
  57.529035 -45.218612 -0.31003937,57.529035 -45.218612 -0.31003937,
  57.574326 -45.235096 0.31003937,57.574326 -45.235096 -0.31003937,
  57.492114 -45.187631 0.31003937,57.529035 -45.218612 0.31003937,
  57.492114 -45.187631 -0.31003937,57.492114 -45.187631 -0.31003937,
  57.529035 -45.218612 0.31003937,57.529035 -45.218612 -0.31003937,
  57.468015 -45.145891 0.31003937,57.492114 -45.187631 0.31003937,
  57.468015 -45.145891 -0.31003937,57.468015 -45.145891 -0.31003937,
  57.492114 -45.187631 0.31003937,57.492114 -45.187631 -0.31003937,
  57.459646 -45.098425 0.31003937,57.468015 -45.145891 0.31003937,
  57.459646 -45.098425 -0.31003937,57.459646 -45.098425 -0.31003937,
  57.468015 -45.145891 0.31003937,57.468015 -45.145891 -0.31003937,
  57.832622 -48.326513 0.31003937,57.812992 -48.425197 0.31003937,
  57.832622 -48.326513 -0.31003937,57.832622 -48.326513 -0.31003937,
  57.812992 -48.425197 0.31003937,57.812992 -48.425197 -0.31003937,
  57.888522 -48.242852 0.31003937,57.832622 -48.326513 0.31003937,
  57.888522 -48.242852 -0.31003937,57.888522 -48.242852 -0.31003937,
  57.832622 -48.326513 0.31003937,57.832622 -48.326513 -0.31003937,
  57.972182 -48.186952 0.31003937,57.888522 -48.242852 0.31003937,
  57.972182 -48.186952 -0.31003937,57.972182 -48.186952 -0.31003937,
  57.888522 -48.242852 0.31003937,57.888522 -48.242852 -0.31003937,
  58.070866 -48.167323 0.31003937,57.972182 -48.186952 0.31003937,
  58.070866 -48.167323 -0.31003937,58.070866 -48.167323 -0.31003937,
  57.972182 -48.186952 0.31003937,57.972182 -48.186952 -0.31003937,
  58.16955 -48.186952 0.31003937,58.070866 -48.167323 0.31003937,
  58.16955 -48.186952 -0.31003937,58.16955 -48.186952 -0.31003937,
  58.070866 -48.167323 0.31003937,58.070866 -48.167323 -0.31003937,
  58.253211 -48.242852 0.31003937,58.16955 -48.186952 0.31003937,
  58.253211 -48.242852 -0.31003937,58.253211 -48.242852 -0.31003937,
  58.16955 -48.186952 0.31003937,58.16955 -48.186952 -0.31003937,
  58.309111 -48.326513 0.31003937,58.253211 -48.242852 0.31003937,
  58.309111 -48.326513 -0.31003937,58.309111 -48.326513 -0.31003937,
  58.253211 -48.242852 0.31003937,58.253211 -48.242852 -0.31003937,
  58.32874 -48.425197 0.31003937,58.309111 -48.326513 0.31003937,
  58.32874 -48.425197 -0.31003937,58.32874 -48.425197 -0.31003937,
  58.309111 -48.326513 0.31003937,58.309111 -48.326513 -0.31003937,
  58.309111 -48.523881 0.31003937,58.32874 -48.425197 0.31003937,
  58.309111 -48.523881 -0.31003937,58.309111 -48.523881 -0.31003937,
  58.32874 -48.425197 0.31003937,58.32874 -48.425197 -0.31003937,
  58.253211 -48.607541 0.31003937,58.309111 -48.523881 0.31003937,
  58.253211 -48.607541 -0.31003937,58.253211 -48.607541 -0.31003937,
  58.309111 -48.523881 0.31003937,58.309111 -48.523881 -0.31003937,
  58.16955 -48.663441 0.31003937,58.253211 -48.607541 0.31003937,
  58.16955 -48.663441 -0.31003937,58.16955 -48.663441 -0.31003937,
  58.253211 -48.607541 0.31003937,58.253211 -48.607541 -0.31003937,
  58.070866 -48.683071 0.31003937,58.16955 -48.663441 0.31003937,
  58.070866 -48.683071 -0.31003937,58.070866 -48.683071 -0.31003937,
  58.16955 -48.663441 0.31003937,58.16955 -48.663441 -0.31003937,
  57.972182 -48.663441 0.31003937,58.070866 -48.683071 0.31003937,
  57.972182 -48.663441 -0.31003937,57.972182 -48.663441 -0.31003937,
  58.070866 -48.683071 0.31003937,58.070866 -48.683071 -0.31003937,
  57.888522 -48.607541 0.31003937,57.972182 -48.663441 0.31003937,
  57.888522 -48.607541 -0.31003937,57.888522 -48.607541 -0.31003937,
  57.972182 -48.663441 0.31003937,57.972182 -48.663441 -0.31003937,
  57.832622 -48.523881 0.31003937,57.888522 -48.607541 0.31003937,
  57.832622 -48.523881 -0.31003937,57.832622 -48.523881 -0.31003937,
  57.888522 -48.607541 0.31003937,57.888522 -48.607541 -0.31003937,
  57.812992 -48.425197 0.31003937,57.832622 -48.523881 0.31003937,
  57.812992 -48.425197 -0.31003937,57.812992 -48.425197 -0.31003937,
  57.832622 -48.523881 0.31003937,57.832622 -48.523881 -0.31003937,
  60.221715 -48.242852 0.31003937,60.138054 -48.186952 0.31003937,
  60.221715 -48.242852 -0.31003937,60.221715 -48.242852 -0.31003937,
  60.138054 -48.186952 0.31003937,60.138054 -48.186952 -0.31003937,
  60.277615 -48.326513 0.31003937,60.221715 -48.242852 0.31003937,
  60.277615 -48.326513 -0.31003937,60.277615 -48.326513 -0.31003937,
  60.221715 -48.242852 0.31003937,60.221715 -48.242852 -0.31003937,
  60.297244 -48.425197 0.31003937,60.277615 -48.326513 0.31003937,
  60.297244 -48.425197 -0.31003937,60.297244 -48.425197 -0.31003937,
  60.277615 -48.326513 0.31003937,60.277615 -48.326513 -0.31003937,
  60.277615 -48.523881 0.31003937,60.297244 -48.425197 0.31003937,
  60.277615 -48.523881 -0.31003937,60.277615 -48.523881 -0.31003937,
  60.297244 -48.425197 0.31003937,60.297244 -48.425197 -0.31003937,
  60.221715 -48.607541 0.31003937,60.277615 -48.523881 0.31003937,
  60.221715 -48.607541 -0.31003937,60.221715 -48.607541 -0.31003937,
  60.277615 -48.523881 0.31003937,60.277615 -48.523881 -0.31003937,
  60.138054 -48.663441 0.31003937,60.221715 -48.607541 0.31003937,
  60.138054 -48.663441 -0.31003937,60.138054 -48.663441 -0.31003937,
  60.221715 -48.607541 0.31003937,60.221715 -48.607541 -0.31003937,
  60.03937 -48.683071 0.31003937,60.138054 -48.663441 0.31003937,
  60.03937 -48.683071 -0.31003937,60.03937 -48.683071 -0.31003937,
  60.138054 -48.663441 0.31003937,60.138054 -48.663441 -0.31003937,
  59.940686 -48.663441 0.31003937,60.03937 -48.683071 0.31003937,
  59.940686 -48.663441 -0.31003937,59.940686 -48.663441 -0.31003937,
  60.03937 -48.683071 0.31003937,60.03937 -48.683071 -0.31003937,
  59.857026 -48.607541 0.31003937,59.940686 -48.663441 0.31003937,
  59.857026 -48.607541 -0.31003937,59.857026 -48.607541 -0.31003937,
  59.940686 -48.663441 0.31003937,59.940686 -48.663441 -0.31003937,
  59.801126 -48.523881 0.31003937,59.857026 -48.607541 0.31003937,
  59.801126 -48.523881 -0.31003937,59.801126 -48.523881 -0.31003937,
  59.857026 -48.607541 0.31003937,59.857026 -48.607541 -0.31003937,
  59.781496 -48.425197 0.31003937,59.801126 -48.523881 0.31003937,
  59.781496 -48.425197 -0.31003937,59.781496 -48.425197 -0.31003937,
  59.801126 -48.523881 0.31003937,59.801126 -48.523881 -0.31003937,
  59.801126 -48.326513 0.31003937,59.781496 -48.425197 0.31003937,
  59.801126 -48.326513 -0.31003937,59.801126 -48.326513 -0.31003937,
  59.781496 -48.425197 0.31003937,59.781496 -48.425197 -0.31003937,
  59.857026 -48.242852 0.31003937,59.801126 -48.326513 0.31003937,
  59.857026 -48.242852 -0.31003937,59.857026 -48.242852 -0.31003937,
  59.801126 -48.326513 0.31003937,59.801126 -48.326513 -0.31003937,
  59.940686 -48.186952 0.31003937,59.857026 -48.242852 0.31003937,
  59.940686 -48.186952 -0.31003937,59.940686 -48.186952 -0.31003937,
  59.857026 -48.242852 0.31003937,59.857026 -48.242852 -0.31003937,
  60.03937 -48.167323 0.31003937,59.940686 -48.186952 0.31003937,
  60.03937 -48.167323 -0.31003937,60.03937 -48.167323 -0.31003937,
  59.940686 -48.186952 0.31003937,59.940686 -48.186952 -0.31003937,
  60.138054 -48.186952 0.31003937,60.03937 -48.167323 0.31003937,
  60.138054 -48.186952 -0.31003937,60.138054 -48.186952 -0.31003937,
  60.03937 -48.167323 0.31003937,60.03937 -48.167323 -0.31003937,
  60.008095 -35.14518 0.31003937,59.96063 -35.136811 0.31003937,
  60.008095 -35.14518 -0.31003937,60.008095 -35.14518 -0.31003937,
  59.96063 -35.136811 0.31003937,59.96063 -35.136811 -0.31003937,
  60.049836 -35.169279 0.31003937,60.008095 -35.14518 0.31003937,
  60.049836 -35.169279 -0.31003937,60.049836 -35.169279 -0.31003937,
  60.008095 -35.14518 0.31003937,60.008095 -35.14518 -0.31003937,
  60.080817 -35.206201 0.31003937,60.049836 -35.169279 0.31003937,
  60.080817 -35.206201 -0.31003937,60.080817 -35.206201 -0.31003937,
  60.049836 -35.169279 0.31003937,60.049836 -35.169279 -0.31003937,
  60.097301 -35.251492 0.31003937,60.080817 -35.206201 0.31003937,
  60.097301 -35.251492 -0.31003937,60.097301 -35.251492 -0.31003937,
  60.080817 -35.206201 0.31003937,60.080817 -35.206201 -0.31003937,
  60.097301 -35.299689 0.31003937,60.097301 -35.251492 0.31003937,
  60.097301 -35.299689 -0.31003937,60.097301 -35.299689 -0.31003937,
  60.097301 -35.251492 0.31003937,60.097301 -35.251492 -0.31003937,
  60.080817 -35.34498 0.31003937,60.097301 -35.299689 0.31003937,
  60.080817 -35.34498 -0.31003937,60.080817 -35.34498 -0.31003937,
  60.097301 -35.299689 0.31003937,60.097301 -35.299689 -0.31003937,
  60.049836 -35.381902 0.31003937,60.080817 -35.34498 0.31003937,
  60.049836 -35.381902 -0.31003937,60.049836 -35.381902 -0.31003937,
  60.080817 -35.34498 0.31003937,60.080817 -35.34498 -0.31003937,
  60.008095 -35.406001 0.31003937,60.049836 -35.381902 0.31003937,
  60.008095 -35.406001 -0.31003937,60.008095 -35.406001 -0.31003937,
  60.049836 -35.381902 0.31003937,60.049836 -35.381902 -0.31003937,
  59.96063 -35.41437 0.31003937,60.008095 -35.406001 0.31003937,
  59.96063 -35.41437 -0.31003937,59.96063 -35.41437 -0.31003937,
  60.008095 -35.406001 0.31003937,60.008095 -35.406001 -0.31003937,
  58.188976 -35.41437 0.31003937,59.96063 -35.41437 0.31003937,
  58.188976 -35.41437 -0.31003937,58.188976 -35.41437 -0.31003937,
  59.96063 -35.41437 0.31003937,59.96063 -35.41437 -0.31003937,
  58.141511 -35.406001 0.31003937,58.188976 -35.41437 0.31003937,
  58.141511 -35.406001 -0.31003937,58.141511 -35.406001 -0.31003937,
  58.188976 -35.41437 0.31003937,58.188976 -35.41437 -0.31003937,
  58.099771 -35.381902 0.31003937,58.141511 -35.406001 0.31003937,
  58.099771 -35.381902 -0.31003937,58.099771 -35.381902 -0.31003937,
  58.141511 -35.406001 0.31003937,58.141511 -35.406001 -0.31003937,
  58.06879 -35.34498 0.31003937,58.099771 -35.381902 0.31003937,
  58.06879 -35.34498 -0.31003937,58.06879 -35.34498 -0.31003937,
  58.099771 -35.381902 0.31003937,58.099771 -35.381902 -0.31003937,
  58.052305 -35.299689 0.31003937,58.06879 -35.34498 0.31003937,
  58.052305 -35.299689 -0.31003937,58.052305 -35.299689 -0.31003937,
  58.06879 -35.34498 0.31003937,58.06879 -35.34498 -0.31003937,
  58.052305 -35.251492 0.31003937,58.052305 -35.299689 0.31003937,
  58.052305 -35.251492 -0.31003937,58.052305 -35.251492 -0.31003937,
  58.052305 -35.299689 0.31003937,58.052305 -35.299689 -0.31003937,
  58.06879 -35.206201 0.31003937,58.052305 -35.251492 0.31003937,
  58.06879 -35.206201 -0.31003937,58.06879 -35.206201 -0.31003937,
  58.052305 -35.251492 0.31003937,58.052305 -35.251492 -0.31003937,
  58.099771 -35.169279 0.31003937,58.06879 -35.206201 0.31003937,
  58.099771 -35.169279 -0.31003937,58.099771 -35.169279 -0.31003937,
  58.06879 -35.206201 0.31003937,58.06879 -35.206201 -0.31003937,
  58.141511 -35.14518 0.31003937,58.099771 -35.169279 0.31003937,
  58.141511 -35.14518 -0.31003937,58.141511 -35.14518 -0.31003937,
  58.099771 -35.169279 0.31003937,58.099771 -35.169279 -0.31003937,
  58.188976 -35.136811 0.31003937,58.141511 -35.14518 0.31003937,
  58.188976 -35.136811 -0.31003937,58.188976 -35.136811 -0.31003937,
  58.141511 -35.14518 0.31003937,58.141511 -35.14518 -0.31003937,
  59.96063 -35.136811 0.31003937,58.188976 -35.136811 0.31003937,
  59.96063 -35.136811 -0.31003937,59.96063 -35.136811 -0.31003937,
  58.188976 -35.136811 0.31003937,58.188976 -35.136811 -0.31003937,
  59.293363 -32.578999 0.31003937,59.312992 -32.480315 0.31003937,
  59.293363 -32.578999 -0.31003937,59.293363 -32.578999 -0.31003937,
  59.312992 -32.480315 0.31003937,59.312992 -32.480315 -0.31003937,
  59.237463 -32.662659 0.31003937,59.293363 -32.578999 0.31003937,
  59.237463 -32.662659 -0.31003937,59.237463 -32.662659 -0.31003937,
  59.293363 -32.578999 0.31003937,59.293363 -32.578999 -0.31003937,
  59.153802 -32.718559 0.31003937,59.237463 -32.662659 0.31003937,
  59.153802 -32.718559 -0.31003937,59.153802 -32.718559 -0.31003937,
  59.237463 -32.662659 0.31003937,59.237463 -32.662659 -0.31003937,
  59.055118 -32.738189 0.31003937,59.153802 -32.718559 0.31003937,
  59.055118 -32.738189 -0.31003937,59.055118 -32.738189 -0.31003937,
  59.153802 -32.718559 0.31003937,59.153802 -32.718559 -0.31003937,
  58.956434 -32.718559 0.31003937,59.055118 -32.738189 0.31003937,
  58.956434 -32.718559 -0.31003937,58.956434 -32.718559 -0.31003937,
  59.055118 -32.738189 0.31003937,59.055118 -32.738189 -0.31003937,
  58.872774 -32.662659 0.31003937,58.956434 -32.718559 0.31003937,
  58.872774 -32.662659 -0.31003937,58.872774 -32.662659 -0.31003937,
  58.956434 -32.718559 0.31003937,58.956434 -32.718559 -0.31003937,
  58.816874 -32.578999 0.31003937,58.872774 -32.662659 0.31003937,
  58.816874 -32.578999 -0.31003937,58.816874 -32.578999 -0.31003937,
  58.872774 -32.662659 0.31003937,58.872774 -32.662659 -0.31003937,
  58.797244 -32.480315 0.31003937,58.816874 -32.578999 0.31003937,
  58.797244 -32.480315 -0.31003937,58.797244 -32.480315 -0.31003937,
  58.816874 -32.578999 0.31003937,58.816874 -32.578999 -0.31003937,
  58.816874 -32.381631 0.31003937,58.797244 -32.480315 0.31003937,
  58.816874 -32.381631 -0.31003937,58.816874 -32.381631 -0.31003937,
  58.797244 -32.480315 0.31003937,58.797244 -32.480315 -0.31003937,
  58.872774 -32.29797 0.31003937,58.816874 -32.381631 0.31003937,
  58.872774 -32.29797 -0.31003937,58.872774 -32.29797 -0.31003937,
  58.816874 -32.381631 0.31003937,58.816874 -32.381631 -0.31003937,
  58.956434 -32.24207 0.31003937,58.872774 -32.29797 0.31003937,
  58.956434 -32.24207 -0.31003937,58.956434 -32.24207 -0.31003937,
  58.872774 -32.29797 0.31003937,58.872774 -32.29797 -0.31003937,
  59.055118 -32.222441 0.31003937,58.956434 -32.24207 0.31003937,
  59.055118 -32.222441 -0.31003937,59.055118 -32.222441 -0.31003937,
  58.956434 -32.24207 0.31003937,58.956434 -32.24207 -0.31003937,
  59.153802 -32.24207 0.31003937,59.055118 -32.222441 0.31003937,
  59.153802 -32.24207 -0.31003937,59.153802 -32.24207 -0.31003937,
  59.055118 -32.222441 0.31003937,59.055118 -32.222441 -0.31003937,
  59.237463 -32.29797 0.31003937,59.153802 -32.24207 0.31003937,
  59.237463 -32.29797 -0.31003937,59.237463 -32.29797 -0.31003937,
  59.153802 -32.24207 0.31003937,59.153802 -32.24207 -0.31003937,
  59.293363 -32.381631 0.31003937,59.237463 -32.29797 0.31003937,
  59.293363 -32.381631 -0.31003937,59.293363 -32.381631 -0.31003937,
  59.237463 -32.29797 0.31003937,59.237463 -32.29797 -0.31003937,
  59.312992 -32.480315 0.31003937,59.293363 -32.381631 0.31003937,
  59.312992 -32.480315 -0.31003937,59.312992 -32.480315 -0.31003937,
  59.293363 -32.381631 0.31003937,59.293363 -32.381631 -0.31003937] }
 coordIndex [
  0,1,2,-1,3,4,5,-1,6,7,8,-1,9,10,11,-1,12,13,14,-1,15,16,17,-1,18,19,20,-1,21,22,23,-1,
  24,25,26,-1,27,28,29,-1,30,31,32,-1,33,34,35,-1,36,37,38,-1,39,40,41,-1,42,43,44,-1,45,46,47,-1,
  48,49,50,-1,51,52,53,-1,54,55,56,-1,57,58,59,-1,60,61,62,-1,63,64,65,-1,66,67,68,-1,69,70,71,-1,
  72,73,74,-1,75,76,77,-1,78,79,80,-1,81,82,83,-1,84,85,86,-1,87,88,89,-1,90,91,92,-1,93,94,95,-1,
  96,97,98,-1,99,100,101,-1,102,103,104,-1,105,106,107,-1,108,109,110,-1,111,112,113,-1,114,115,116,-1,117,118,119,-1,
  120,121,122,-1,123,124,125,-1,126,127,128,-1,129,130,131,-1,132,133,134,-1,135,136,137,-1,138,139,140,-1,141,142,143,-1,
  144,145,146,-1,147,148,149,-1,150,151,152,-1,153,154,155,-1,156,157,158,-1,159,160,161,-1,162,163,164,-1,165,166,167,-1,
  168,169,170,-1,171,172,173,-1,174,175,176,-1,177,178,179,-1,180,181,182,-1,183,184,185,-1,186,187,188,-1,189,190,191,-1,
  192,193,194,-1,195,196,197,-1,198,199,200,-1,201,202,203,-1,204,205,206,-1,207,208,209,-1,210,211,212,-1,213,214,215,-1,
  216,217,218,-1,219,220,221,-1,222,223,224,-1,225,226,227,-1,228,229,230,-1,231,232,233,-1,234,235,236,-1,237,238,239,-1,
  240,241,242,-1,243,244,245,-1,246,247,248,-1,249,250,251,-1,252,253,254,-1,255,256,257,-1,258,259,260,-1,261,262,263,-1,
  264,265,266,-1,267,268,269,-1,270,271,272,-1,273,274,275,-1,276,277,278,-1,279,280,281,-1,282,283,284,-1,285,286,287,-1,
  288,289,290,-1,291,292,293,-1,294,295,296,-1,297,298,299,-1,300,301,302,-1,303,304,305,-1,306,307,308,-1,309,310,311,-1,
  312,313,314,-1,315,316,317,-1,318,319,320,-1,321,322,323,-1,324,325,326,-1,327,328,329,-1,330,331,332,-1,333,334,335,-1,
  336,337,338,-1,339,340,341,-1,342,343,344,-1,345,346,347,-1,348,349,350,-1,351,352,353,-1,354,355,356,-1,357,358,359,-1,
  360,361,362,-1,363,364,365,-1,366,367,368,-1,369,370,371,-1,372,373,374,-1,375,376,377,-1,378,379,380,-1,381,382,383,-1,
  384,385,386,-1,387,388,389,-1,390,391,392,-1,393,394,395,-1,396,397,398,-1,399,400,401,-1,402,403,404,-1,405,406,407,-1,
  408,409,410,-1,411,412,413,-1,414,415,416,-1,417,418,419,-1,420,421,422,-1,423,424,425,-1,426,427,428,-1,429,430,431,-1,
  432,433,434,-1,435,436,437,-1,438,439,440,-1,441,442,443,-1,444,445,446,-1,447,448,449,-1,450,451,452,-1,453,454,455,-1,
  456,457,458,-1,459,460,461,-1,462,463,464,-1,465,466,467,-1,468,469,470,-1,471,472,473,-1,474,475,476,-1,477,478,479,-1,
  480,481,482,-1,483,484,485,-1,486,487,488,-1,489,490,491,-1,492,493,494,-1,495,496,497,-1,498,499,500,-1,501,502,503,-1,
  504,505,506,-1,507,508,509,-1,510,511,512,-1,513,514,515,-1,516,517,518,-1,519,520,521,-1,522,523,524,-1,525,526,527,-1,
  528,529,530,-1,531,532,533,-1,534,535,536,-1,537,538,539,-1,540,541,542,-1,543,544,545,-1,546,547,548,-1,549,550,551,-1,
  552,553,554,-1,555,556,557,-1,558,559,560,-1,561,562,563,-1,564,565,566,-1,567,568,569,-1,570,571,572,-1,573,574,575,-1,
  576,577,578,-1,579,580,581,-1,582,583,584,-1,585,586,587,-1,588,589,590,-1,591,592,593,-1,594,595,596,-1,597,598,599,-1,
  600,601,602,-1,603,604,605,-1,606,607,608,-1,609,610,611,-1,612,613,614,-1,615,616,617,-1,618,619,620,-1,621,622,623,-1,
  624,625,626,-1,627,628,629,-1,630,631,632,-1,633,634,635,-1,636,637,638,-1,639,640,641,-1,642,643,644,-1,645,646,647,-1,
  648,649,650,-1,651,652,653,-1,654,655,656,-1,657,658,659,-1,660,661,662,-1,663,664,665,-1,666,667,668,-1,669,670,671,-1,
  672,673,674,-1,675,676,677,-1,678,679,680,-1,681,682,683,-1,684,685,686,-1,687,688,689,-1,690,691,692,-1,693,694,695,-1,
  696,697,698,-1,699,700,701,-1,702,703,704,-1,705,706,707,-1,708,709,710,-1,711,712,713,-1,714,715,716,-1,717,718,719,-1,
  720,721,722,-1,723,724,725,-1,726,727,728,-1,729,730,731,-1,732,733,734,-1,735,736,737,-1,738,739,740,-1,741,742,743,-1,
  744,745,746,-1,747,748,749,-1,750,751,752,-1,753,754,755,-1,756,757,758,-1,759,760,761,-1,762,763,764,-1,765,766,767,-1,
  768,769,770,-1,771,772,773,-1,774,775,776,-1,777,778,779,-1,780,781,782,-1,783,784,785,-1,786,787,788,-1,789,790,791,-1,
  792,793,794,-1,795,796,797,-1,798,799,800,-1,801,802,803,-1,804,805,806,-1,807,808,809,-1,810,811,812,-1,813,814,815,-1,
  816,817,818,-1,819,820,821,-1,822,823,824,-1,825,826,827,-1,828,829,830,-1,831,832,833,-1,834,835,836,-1,837,838,839,-1,
  840,841,842,-1,843,844,845,-1,846,847,848,-1,849,850,851,-1,852,853,854,-1,855,856,857,-1,858,859,860,-1,861,862,863,-1,
  864,865,866,-1,867,868,869,-1,870,871,872,-1,873,874,875,-1,876,877,878,-1,879,880,881,-1,882,883,884,-1,885,886,887,-1,
  888,889,890,-1,891,892,893,-1,894,895,896,-1,897,898,899,-1,900,901,902,-1,903,904,905,-1,906,907,908,-1,909,910,911,-1,
  912,913,914,-1,915,916,917,-1,918,919,920,-1,921,922,923,-1,924,925,926,-1,927,928,929,-1,930,931,932,-1,933,934,935,-1,
  936,937,938,-1,939,940,941,-1,942,943,944,-1,945,946,947,-1,948,949,950,-1,951,952,953,-1,954,955,956,-1,957,958,959,-1,
  960,961,962,-1,963,964,965,-1,966,967,968,-1,969,970,971,-1,972,973,974,-1,975,976,977,-1,978,979,980,-1,981,982,983,-1,
  984,985,986,-1,987,988,989,-1,990,991,992,-1,993,994,995,-1,996,997,998,-1,999,1000,1001,-1,1002,1003,1004,-1,1005,1006,1007,-1,
  1008,1009,1010,-1,1011,1012,1013,-1,1014,1015,1016,-1,1017,1018,1019,-1,1020,1021,1022,-1,1023,1024,1025,-1,1026,1027,1028,-1,1029,1030,1031,-1,
  1032,1033,1034,-1,1035,1036,1037,-1,1038,1039,1040,-1,1041,1042,1043,-1,1044,1045,1046,-1,1047,1048,1049,-1,1050,1051,1052,-1,1053,1054,1055,-1,
  1056,1057,1058,-1,1059,1060,1061,-1,1062,1063,1064,-1,1065,1066,1067,-1,1068,1069,1070,-1,1071,1072,1073,-1,1074,1075,1076,-1,1077,1078,1079,-1,
  1080,1081,1082,-1,1083,1084,1085,-1,1086,1087,1088,-1,1089,1090,1091,-1,1092,1093,1094,-1,1095,1096,1097,-1,1098,1099,1100,-1,1101,1102,1103,-1]
  normalPerVertex TRUE
  normal DEF NORM_71 Normal { vector [
  -0.93969262 0.34202014 0,-0.93969262 0.34202014 0,
  -0.93969262 0.34202014 0,-0.93969262 0.34202014 0,
  -0.93969262 0.34202014 0,-0.93969262 0.34202014 0,
  -0.76604444 0.64278761 0,-0.76604444 0.64278761 0,
  -0.76604444 0.64278761 0,-0.76604444 0.64278761 0,
  -0.76604444 0.64278761 0,-0.76604444 0.64278761 0,
  -0.5 0.8660254 0,-0.5 0.8660254 0,
  -0.5 0.8660254 0,-0.5 0.8660254 0,
  -0.5 0.8660254 0,-0.5 0.8660254 0,
  -0.17364818 0.98480775 0,-0.17364818 0.98480775 0,
  -0.17364818 0.98480775 0,-0.17364818 0.98480775 0,
  -0.17364818 0.98480775 0,-0.17364818 0.98480775 0,
  0 1 0,0 1 0,
  0 1 0,0 1 0,
  0 1 0,0 1 0,
  0.17364818 0.98480775 0,0.17364818 0.98480775 0,
  0.17364818 0.98480775 0,0.17364818 0.98480775 0,
  0.17364818 0.98480775 0,0.17364818 0.98480775 0,
  0.5 0.8660254 0,0.5 0.8660254 0,
  0.5 0.8660254 0,0.5 0.8660254 0,
  0.5 0.8660254 0,0.5 0.8660254 0,
  0.76604444 0.64278761 0,0.76604444 0.64278761 0,
  0.76604444 0.64278761 0,0.76604444 0.64278761 0,
  0.76604444 0.64278761 0,0.76604444 0.64278761 0,
  0.93969262 0.34202014 0,0.93969262 0.34202014 0,
  0.93969262 0.34202014 0,0.93969262 0.34202014 0,
  0.93969262 0.34202014 0,0.93969262 0.34202014 0,
  1 0 0,1 0 0,
  1 0 0,1 0 0,
  1 0 0,1 0 0,
  0.93969262 -0.34202014 0,0.93969262 -0.34202014 0,
  0.93969262 -0.34202014 0,0.93969262 -0.34202014 0,
  0.93969262 -0.34202014 0,0.93969262 -0.34202014 0,
  0.76604444 -0.64278761 0,0.76604444 -0.64278761 0,
  0.76604444 -0.64278761 0,0.76604444 -0.64278761 0,
  0.76604444 -0.64278761 0,0.76604444 -0.64278761 0,
  0.5 -0.8660254 0,0.5 -0.8660254 0,
  0.5 -0.8660254 0,0.5 -0.8660254 0,
  0.5 -0.8660254 0,0.5 -0.8660254 0,
  0.17364818 -0.98480775 0,0.17364818 -0.98480775 0,
  0.17364818 -0.98480775 0,0.17364818 -0.98480775 0,
  0.17364818 -0.98480775 0,0.17364818 -0.98480775 0,
  0 -1 0,0 -1 0,
  0 -1 0,0 -1 0,
  0 -1 0,0 -1 0,
  -0.17364818 -0.98480775 0,-0.17364818 -0.98480775 0,
  -0.17364818 -0.98480775 0,-0.17364818 -0.98480775 0,
  -0.17364818 -0.98480775 0,-0.17364818 -0.98480775 0,
  -0.5 -0.8660254 0,-0.5 -0.8660254 0,
  -0.5 -0.8660254 0,-0.5 -0.8660254 0,
  -0.5 -0.8660254 0,-0.5 -0.8660254 0,
  -0.76604444 -0.64278761 0,-0.76604444 -0.64278761 0,
  -0.76604444 -0.64278761 0,-0.76604444 -0.64278761 0,
  -0.76604444 -0.64278761 0,-0.76604444 -0.64278761 0,
  -0.93969262 -0.34202014 0,-0.93969262 -0.34202014 0,
  -0.93969262 -0.34202014 0,-0.93969262 -0.34202014 0,
  -0.93969262 -0.34202014 0,-0.93969262 -0.34202014 0,
  -1 0 0,-1 0 0,
  -1 0 0,-1 0 0,
  -1 0 0,-1 0 0,
  -1 0 0,-1 0 0,
  -1 0 0,-1 0 0,
  -1 0 0,-1 0 0,
  -0.93969262 0.34202014 0,-0.93969262 0.34202014 0,
  -0.93969262 0.34202014 0,-0.93969262 0.34202014 0,
  -0.93969262 0.34202014 0,-0.93969262 0.34202014 0,
  -0.76604444 0.64278761 0,-0.76604444 0.64278761 0,
  -0.76604444 0.64278761 0,-0.76604444 0.64278761 0,
  -0.76604444 0.64278761 0,-0.76604444 0.64278761 0,
  -0.5 0.8660254 0,-0.5 0.8660254 0,
  -0.5 0.8660254 0,-0.5 0.8660254 0,
  -0.5 0.8660254 0,-0.5 0.8660254 0,
  -0.17364818 0.98480775 0,-0.17364818 0.98480775 0,
  -0.17364818 0.98480775 0,-0.17364818 0.98480775 0,
  -0.17364818 0.98480775 0,-0.17364818 0.98480775 0,
  0 1 0,0 1 0,
  0 1 0,0 1 0,
  0 1 0,0 1 0,
  0.17364818 0.98480775 0,0.17364818 0.98480775 0,
  0.17364818 0.98480775 0,0.17364818 0.98480775 0,
  0.17364818 0.98480775 0,0.17364818 0.98480775 0,
  0.5 0.8660254 0,0.5 0.8660254 0,
  0.5 0.8660254 0,0.5 0.8660254 0,
  0.5 0.8660254 0,0.5 0.8660254 0,
  0.76604444 0.64278761 0,0.76604444 0.64278761 0,
  0.76604444 0.64278761 0,0.76604444 0.64278761 0,
  0.76604444 0.64278761 0,0.76604444 0.64278761 0,
  0.93969262 0.34202014 0,0.93969262 0.34202014 0,
  0.93969262 0.34202014 0,0.93969262 0.34202014 0,
  0.93969262 0.34202014 0,0.93969262 0.34202014 0,
  1 0 0,1 0 0,
  1 0 0,1 0 0,
  1 0 0,1 0 0,
  0.93969262 -0.34202014 0,0.93969262 -0.34202014 0,
  0.93969262 -0.34202014 0,0.93969262 -0.34202014 0,
  0.93969262 -0.34202014 0,0.93969262 -0.34202014 0,
  0.76604444 -0.64278761 0,0.76604444 -0.64278761 0,
  0.76604444 -0.64278761 0,0.76604444 -0.64278761 0,
  0.76604444 -0.64278761 0,0.76604444 -0.64278761 0,
  0.5 -0.8660254 0,0.5 -0.8660254 0,
  0.5 -0.8660254 0,0.5 -0.8660254 0,
  0.5 -0.8660254 0,0.5 -0.8660254 0,
  0.17364818 -0.98480775 0,0.17364818 -0.98480775 0,
  0.17364818 -0.98480775 0,0.17364818 -0.98480775 0,
  0.17364818 -0.98480775 0,0.17364818 -0.98480775 0,
  0 -1 0,0 -1 0,
  0 -1 0,0 -1 0,
  0 -1 0,0 -1 0,
  -0.17364818 -0.98480775 0,-0.17364818 -0.98480775 0,
  -0.17364818 -0.98480775 0,-0.17364818 -0.98480775 0,
  -0.17364818 -0.98480775 0,-0.17364818 -0.98480775 0,
  -0.5 -0.8660254 0,-0.5 -0.8660254 0,
  -0.5 -0.8660254 0,-0.5 -0.8660254 0,
  -0.5 -0.8660254 0,-0.5 -0.8660254 0,
  -0.76604444 -0.64278761 0,-0.76604444 -0.64278761 0,
  -0.76604444 -0.64278761 0,-0.76604444 -0.64278761 0,
  -0.76604444 -0.64278761 0,-0.76604444 -0.64278761 0,
  -0.93969262 -0.34202014 0,-0.93969262 -0.34202014 0,
  -0.93969262 -0.34202014 0,-0.93969262 -0.34202014 0,
  -0.93969262 -0.34202014 0,-0.93969262 -0.34202014 0,
  1 0 0,1 0 0,
  1 0 0,1 0 0,
  1 0 0,1 0 0,
  0 1 0,0 1 0,
  0 1 0,0 1 0,
  0 1 0,0 1 0,
  -1 0 0,-1 0 0,
  -1 0 0,-1 0 0,
  -1 0 0,-1 0 0,
  0 -1 0,0 -1 0,
  0 -1 0,0 -1 0,
  0 -1 0,0 -1 0,
  -0.98078528 0.19509032 0,-0.98078528 0.19509032 0,
  -0.98078528 0.19509032 0,-0.98078528 0.19509032 0,
  -0.98078528 0.19509032 0,-0.98078528 0.19509032 0,
  -0.83146961 0.55557023 0,-0.83146961 0.55557023 0,
  -0.83146961 0.55557023 0,-0.83146961 0.55557023 0,
  -0.83146961 0.55557023 0,-0.83146961 0.55557023 0,
  -0.55557023 0.83146961 0,-0.55557023 0.83146961 0,
  -0.55557023 0.83146961 0,-0.55557023 0.83146961 0,
  -0.55557023 0.83146961 0,-0.55557023 0.83146961 0,
  -0.19509032 0.98078528 0,-0.19509032 0.98078528 0,
  -0.19509032 0.98078528 0,-0.19509032 0.98078528 0,
  -0.19509032 0.98078528 0,-0.19509032 0.98078528 0,
  0.19509032 0.98078528 0,0.19509032 0.98078528 0,
  0.19509032 0.98078528 0,0.19509032 0.98078528 0,
  0.19509032 0.98078528 0,0.19509032 0.98078528 0,
  0.55557023 0.83146961 0,0.55557023 0.83146961 0,
  0.55557023 0.83146961 0,0.55557023 0.83146961 0,
  0.55557023 0.83146961 0,0.55557023 0.83146961 0,
  0.83146961 0.55557023 0,0.83146961 0.55557023 0,
  0.83146961 0.55557023 0,0.83146961 0.55557023 0,
  0.83146961 0.55557023 0,0.83146961 0.55557023 0,
  0.98078528 0.19509032 0,0.98078528 0.19509032 0,
  0.98078528 0.19509032 0,0.98078528 0.19509032 0,
  0.98078528 0.19509032 0,0.98078528 0.19509032 0,
  0.98078528 -0.19509032 0,0.98078528 -0.19509032 0,
  0.98078528 -0.19509032 0,0.98078528 -0.19509032 0,
  0.98078528 -0.19509032 0,0.98078528 -0.19509032 0,
  0.83146961 -0.55557023 0,0.83146961 -0.55557023 0,
  0.83146961 -0.55557023 0,0.83146961 -0.55557023 0,
  0.83146961 -0.55557023 0,0.83146961 -0.55557023 0,
  0.55557023 -0.83146961 0,0.55557023 -0.83146961 0,
  0.55557023 -0.83146961 0,0.55557023 -0.83146961 0,
  0.55557023 -0.83146961 0,0.55557023 -0.83146961 0,
  0.19509032 -0.98078528 0,0.19509032 -0.98078528 0,
  0.19509032 -0.98078528 0,0.19509032 -0.98078528 0,
  0.19509032 -0.98078528 0,0.19509032 -0.98078528 0,
  -0.19509032 -0.98078528 0,-0.19509032 -0.98078528 0,
  -0.19509032 -0.98078528 0,-0.19509032 -0.98078528 0,
  -0.19509032 -0.98078528 0,-0.19509032 -0.98078528 0,
  -0.55557023 -0.83146961 0,-0.55557023 -0.83146961 0,
  -0.55557023 -0.83146961 0,-0.55557023 -0.83146961 0,
  -0.55557023 -0.83146961 0,-0.55557023 -0.83146961 0,
  -0.83146961 -0.55557023 0,-0.83146961 -0.55557023 0,
  -0.83146961 -0.55557023 0,-0.83146961 -0.55557023 0,
  -0.83146961 -0.55557023 0,-0.83146961 -0.55557023 0,
  -0.98078528 -0.19509032 0,-0.98078528 -0.19509032 0,
  -0.98078528 -0.19509032 0,-0.98078528 -0.19509032 0,
  -0.98078528 -0.19509032 0,-0.98078528 -0.19509032 0,
  0.98078528 -0.19509032 0,0.98078528 -0.19509032 0,
  0.98078528 -0.19509032 0,0.98078528 -0.19509032 0,
  0.98078528 -0.19509032 0,0.98078528 -0.19509032 0,
  0.83146961 -0.55557023 0,0.83146961 -0.55557023 0,
  0.83146961 -0.55557023 0,0.83146961 -0.55557023 0,
  0.83146961 -0.55557023 0,0.83146961 -0.55557023 0,
  0.55557023 -0.83146961 0,0.55557023 -0.83146961 0,
  0.55557023 -0.83146961 0,0.55557023 -0.83146961 0,
  0.55557023 -0.83146961 0,0.55557023 -0.83146961 0,
  0.19509032 -0.98078528 0,0.19509032 -0.98078528 0,
  0.19509032 -0.98078528 0,0.19509032 -0.98078528 0,
  0.19509032 -0.98078528 0,0.19509032 -0.98078528 0,
  -0.19509032 -0.98078528 0,-0.19509032 -0.98078528 0,
  -0.19509032 -0.98078528 0,-0.19509032 -0.98078528 0,
  -0.19509032 -0.98078528 0,-0.19509032 -0.98078528 0,
  -0.55557023 -0.83146961 0,-0.55557023 -0.83146961 0,
  -0.55557023 -0.83146961 0,-0.55557023 -0.83146961 0,
  -0.55557023 -0.83146961 0,-0.55557023 -0.83146961 0,
  -0.83146961 -0.55557023 0,-0.83146961 -0.55557023 0,
  -0.83146961 -0.55557023 0,-0.83146961 -0.55557023 0,
  -0.83146961 -0.55557023 0,-0.83146961 -0.55557023 0,
  -0.98078528 -0.19509032 0,-0.98078528 -0.19509032 0,
  -0.98078528 -0.19509032 0,-0.98078528 -0.19509032 0,
  -0.98078528 -0.19509032 0,-0.98078528 -0.19509032 0,
  -0.98078528 0.19509032 0,-0.98078528 0.19509032 0,
  -0.98078528 0.19509032 0,-0.98078528 0.19509032 0,
  -0.98078528 0.19509032 0,-0.98078528 0.19509032 0,
  -0.83146961 0.55557023 0,-0.83146961 0.55557023 0,
  -0.83146961 0.55557023 0,-0.83146961 0.55557023 0,
  -0.83146961 0.55557023 0,-0.83146961 0.55557023 0,
  -0.55557023 0.83146961 0,-0.55557023 0.83146961 0,
  -0.55557023 0.83146961 0,-0.55557023 0.83146961 0,
  -0.55557023 0.83146961 0,-0.55557023 0.83146961 0,
  -0.19509032 0.98078528 0,-0.19509032 0.98078528 0,
  -0.19509032 0.98078528 0,-0.19509032 0.98078528 0,
  -0.19509032 0.98078528 0,-0.19509032 0.98078528 0,
  0.19509032 0.98078528 0,0.19509032 0.98078528 0,
  0.19509032 0.98078528 0,0.19509032 0.98078528 0,
  0.19509032 0.98078528 0,0.19509032 0.98078528 0,
  0.55557023 0.83146961 0,0.55557023 0.83146961 0,
  0.55557023 0.83146961 0,0.55557023 0.83146961 0,
  0.55557023 0.83146961 0,0.55557023 0.83146961 0,
  0.83146961 0.55557023 0,0.83146961 0.55557023 0,
  0.83146961 0.55557023 0,0.83146961 0.55557023 0,
  0.83146961 0.55557023 0,0.83146961 0.55557023 0,
  0.98078528 0.19509032 0,0.98078528 0.19509032 0,
  0.98078528 0.19509032 0,0.98078528 0.19509032 0,
  0.98078528 0.19509032 0,0.98078528 0.19509032 0,
  -1 0 0,-1 0 0,
  -1 0 0,-1 0 0,
  -1 0 0,-1 0 0,
  -0.98480775 0.17364818 0,-0.98480775 0.17364818 0,
  -0.98480775 0.17364818 0,-0.98480775 0.17364818 0,
  -0.98480775 0.17364818 0,-0.98480775 0.17364818 0,
  -0.8660254 0.5 0,-0.8660254 0.5 0,
  -0.8660254 0.5 0,-0.8660254 0.5 0,
  -0.8660254 0.5 0,-0.8660254 0.5 0,
  -0.64278761 0.76604444 0,-0.64278761 0.76604444 0,
  -0.64278761 0.76604444 0,-0.64278761 0.76604444 0,
  -0.64278761 0.76604444 0,-0.64278761 0.76604444 0,
  -0.34202014 0.93969262 0,-0.34202014 0.93969262 0,
  -0.34202014 0.93969262 0,-0.34202014 0.93969262 0,
  -0.34202014 0.93969262 0,-0.34202014 0.93969262 0,
  0 1 0,0 1 0,
  0 1 0,0 1 0,
  0 1 0,0 1 0,
  0.34202014 0.93969262 0,0.34202014 0.93969262 0,
  0.34202014 0.93969262 0,0.34202014 0.93969262 0,
  0.34202014 0.93969262 0,0.34202014 0.93969262 0,
  0.64278761 0.76604444 0,0.64278761 0.76604444 0,
  0.64278761 0.76604444 0,0.64278761 0.76604444 0,
  0.64278761 0.76604444 0,0.64278761 0.76604444 0,
  0.8660254 0.5 0,0.8660254 0.5 0,
  0.8660254 0.5 0,0.8660254 0.5 0,
  0.8660254 0.5 0,0.8660254 0.5 0,
  0.98480775 0.17364818 0,0.98480775 0.17364818 0,
  0.98480775 0.17364818 0,0.98480775 0.17364818 0,
  0.98480775 0.17364818 0,0.98480775 0.17364818 0,
  1 0 0,1 0 0,
  1 0 0,1 0 0,
  1 0 0,1 0 0,
  0.98480775 -0.17364818 0,0.98480775 -0.17364818 0,
  0.98480775 -0.17364818 0,0.98480775 -0.17364818 0,
  0.98480775 -0.17364818 0,0.98480775 -0.17364818 0,
  0.8660254 -0.5 0,0.8660254 -0.5 0,
  0.8660254 -0.5 0,0.8660254 -0.5 0,
  0.8660254 -0.5 0,0.8660254 -0.5 0,
  0.64278761 -0.76604444 0,0.64278761 -0.76604444 0,
  0.64278761 -0.76604444 0,0.64278761 -0.76604444 0,
  0.64278761 -0.76604444 0,0.64278761 -0.76604444 0,
  0.34202014 -0.93969262 0,0.34202014 -0.93969262 0,
  0.34202014 -0.93969262 0,0.34202014 -0.93969262 0,
  0.34202014 -0.93969262 0,0.34202014 -0.93969262 0,
  0 -1 0,0 -1 0,
  0 -1 0,0 -1 0,
  0 -1 0,0 -1 0,
  -0.34202014 -0.93969262 0,-0.34202014 -0.93969262 0,
  -0.34202014 -0.93969262 0,-0.34202014 -0.93969262 0,
  -0.34202014 -0.93969262 0,-0.34202014 -0.93969262 0,
  -0.64278761 -0.76604444 0,-0.64278761 -0.76604444 0,
  -0.64278761 -0.76604444 0,-0.64278761 -0.76604444 0,
  -0.64278761 -0.76604444 0,-0.64278761 -0.76604444 0,
  -0.8660254 -0.5 0,-0.8660254 -0.5 0,
  -0.8660254 -0.5 0,-0.8660254 -0.5 0,
  -0.8660254 -0.5 0,-0.8660254 -0.5 0,
  -0.98480775 -0.17364818 0,-0.98480775 -0.17364818 0,
  -0.98480775 -0.17364818 0,-0.98480775 -0.17364818 0,
  -0.98480775 -0.17364818 0,-0.98480775 -0.17364818 0,
  1 0 0,1 0 0,
  1 0 0,1 0 0,
  1 0 0,1 0 0,
  0.98480775 -0.17364818 0,0.98480775 -0.17364818 0,
  0.98480775 -0.17364818 0,0.98480775 -0.17364818 0,
  0.98480775 -0.17364818 0,0.98480775 -0.17364818 0,
  0.8660254 -0.5 0,0.8660254 -0.5 0,
  0.8660254 -0.5 0,0.8660254 -0.5 0,
  0.8660254 -0.5 0,0.8660254 -0.5 0,
  0.64278761 -0.76604444 0,0.64278761 -0.76604444 0,
  0.64278761 -0.76604444 0,0.64278761 -0.76604444 0,
  0.64278761 -0.76604444 0,0.64278761 -0.76604444 0,
  0.34202014 -0.93969262 0,0.34202014 -0.93969262 0,
  0.34202014 -0.93969262 0,0.34202014 -0.93969262 0,
  0.34202014 -0.93969262 0,0.34202014 -0.93969262 0,
  0 -1 0,0 -1 0,
  0 -1 0,0 -1 0,
  0 -1 0,0 -1 0,
  -0.34202014 -0.93969262 0,-0.34202014 -0.93969262 0,
  -0.34202014 -0.93969262 0,-0.34202014 -0.93969262 0,
  -0.34202014 -0.93969262 0,-0.34202014 -0.93969262 0,
  -0.64278761 -0.76604444 0,-0.64278761 -0.76604444 0,
  -0.64278761 -0.76604444 0,-0.64278761 -0.76604444 0,
  -0.64278761 -0.76604444 0,-0.64278761 -0.76604444 0,
  -0.8660254 -0.5 0,-0.8660254 -0.5 0,
  -0.8660254 -0.5 0,-0.8660254 -0.5 0,
  -0.8660254 -0.5 0,-0.8660254 -0.5 0,
  -0.98480775 -0.17364818 0,-0.98480775 -0.17364818 0,
  -0.98480775 -0.17364818 0,-0.98480775 -0.17364818 0,
  -0.98480775 -0.17364818 0,-0.98480775 -0.17364818 0,
  -1 0 0,-1 0 0,
  -1 0 0,-1 0 0,
  -1 0 0,-1 0 0,
  -0.98480775 0.17364818 0,-0.98480775 0.17364818 0,
  -0.98480775 0.17364818 0,-0.98480775 0.17364818 0,
  -0.98480775 0.17364818 0,-0.98480775 0.17364818 0,
  -0.8660254 0.5 0,-0.8660254 0.5 0,
  -0.8660254 0.5 0,-0.8660254 0.5 0,
  -0.8660254 0.5 0,-0.8660254 0.5 0,
  -0.64278761 0.76604444 0,-0.64278761 0.76604444 0,
  -0.64278761 0.76604444 0,-0.64278761 0.76604444 0,
  -0.64278761 0.76604444 0,-0.64278761 0.76604444 0,
  -0.34202014 0.93969262 0,-0.34202014 0.93969262 0,
  -0.34202014 0.93969262 0,-0.34202014 0.93969262 0,
  -0.34202014 0.93969262 0,-0.34202014 0.93969262 0,
  0 1 0,0 1 0,
  0 1 0,0 1 0,
  0 1 0,0 1 0,
  0.34202014 0.93969262 0,0.34202014 0.93969262 0,
  0.34202014 0.93969262 0,0.34202014 0.93969262 0,
  0.34202014 0.93969262 0,0.34202014 0.93969262 0,
  0.64278761 0.76604444 0,0.64278761 0.76604444 0,
  0.64278761 0.76604444 0,0.64278761 0.76604444 0,
  0.64278761 0.76604444 0,0.64278761 0.76604444 0,
  0.8660254 0.5 0,0.8660254 0.5 0,
  0.8660254 0.5 0,0.8660254 0.5 0,
  0.8660254 0.5 0,0.8660254 0.5 0,
  0.98480775 0.17364818 0,0.98480775 0.17364818 0,
  0.98480775 0.17364818 0,0.98480775 0.17364818 0,
  0.98480775 0.17364818 0,0.98480775 0.17364818 0,
  0.98078528 -0.19509032 0,0.98078528 -0.19509032 0,
  0.98078528 -0.19509032 0,0.98078528 -0.19509032 0,
  0.98078528 -0.19509032 0,0.98078528 -0.19509032 0,
  0.83146961 -0.55557023 0,0.83146961 -0.55557023 0,
  0.83146961 -0.55557023 0,0.83146961 -0.55557023 0,
  0.83146961 -0.55557023 0,0.83146961 -0.55557023 0,
  0.55557023 -0.83146961 0,0.55557023 -0.83146961 0,
  0.55557023 -0.83146961 0,0.55557023 -0.83146961 0,
  0.55557023 -0.83146961 0,0.55557023 -0.83146961 0,
  0.19509032 -0.98078528 0,0.19509032 -0.98078528 0,
  0.19509032 -0.98078528 0,0.19509032 -0.98078528 0,
  0.19509032 -0.98078528 0,0.19509032 -0.98078528 0,
  -0.19509032 -0.98078528 0,-0.19509032 -0.98078528 0,
  -0.19509032 -0.98078528 0,-0.19509032 -0.98078528 0,
  -0.19509032 -0.98078528 0,-0.19509032 -0.98078528 0,
  -0.55557023 -0.83146961 0,-0.55557023 -0.83146961 0,
  -0.55557023 -0.83146961 0,-0.55557023 -0.83146961 0,
  -0.55557023 -0.83146961 0,-0.55557023 -0.83146961 0,
  -0.83146961 -0.55557023 0,-0.83146961 -0.55557023 0,
  -0.83146961 -0.55557023 0,-0.83146961 -0.55557023 0,
  -0.83146961 -0.55557023 0,-0.83146961 -0.55557023 0,
  -0.98078528 -0.19509032 0,-0.98078528 -0.19509032 0,
  -0.98078528 -0.19509032 0,-0.98078528 -0.19509032 0,
  -0.98078528 -0.19509032 0,-0.98078528 -0.19509032 0,
  -0.98078528 0.19509032 0,-0.98078528 0.19509032 0,
  -0.98078528 0.19509032 0,-0.98078528 0.19509032 0,
  -0.98078528 0.19509032 0,-0.98078528 0.19509032 0,
  -0.83146961 0.55557023 0,-0.83146961 0.55557023 0,
  -0.83146961 0.55557023 0,-0.83146961 0.55557023 0,
  -0.83146961 0.55557023 0,-0.83146961 0.55557023 0,
  -0.55557023 0.83146961 0,-0.55557023 0.83146961 0,
  -0.55557023 0.83146961 0,-0.55557023 0.83146961 0,
  -0.55557023 0.83146961 0,-0.55557023 0.83146961 0,
  -0.19509032 0.98078528 0,-0.19509032 0.98078528 0,
  -0.19509032 0.98078528 0,-0.19509032 0.98078528 0,
  -0.19509032 0.98078528 0,-0.19509032 0.98078528 0,
  0.19509032 0.98078528 0,0.19509032 0.98078528 0,
  0.19509032 0.98078528 0,0.19509032 0.98078528 0,
  0.19509032 0.98078528 0,0.19509032 0.98078528 0,
  0.55557023 0.83146961 0,0.55557023 0.83146961 0,
  0.55557023 0.83146961 0,0.55557023 0.83146961 0,
  0.55557023 0.83146961 0,0.55557023 0.83146961 0,
  0.83146961 0.55557023 0,0.83146961 0.55557023 0,
  0.83146961 0.55557023 0,0.83146961 0.55557023 0,
  0.83146961 0.55557023 0,0.83146961 0.55557023 0,
  0.98078528 0.19509032 0,0.98078528 0.19509032 0,
  0.98078528 0.19509032 0,0.98078528 0.19509032 0,
  0.98078528 0.19509032 0,0.98078528 0.19509032 0,
  -0.55557023 -0.83146961 0,-0.55557023 -0.83146961 0,
  -0.55557023 -0.83146961 0,-0.55557023 -0.83146961 0,
  -0.55557023 -0.83146961 0,-0.55557023 -0.83146961 0,
  -0.83146961 -0.55557023 0,-0.83146961 -0.55557023 0,
  -0.83146961 -0.55557023 0,-0.83146961 -0.55557023 0,
  -0.83146961 -0.55557023 0,-0.83146961 -0.55557023 0,
  -0.98078528 -0.19509032 0,-0.98078528 -0.19509032 0,
  -0.98078528 -0.19509032 0,-0.98078528 -0.19509032 0,
  -0.98078528 -0.19509032 0,-0.98078528 -0.19509032 0,
  -0.98078528 0.19509032 0,-0.98078528 0.19509032 0,
  -0.98078528 0.19509032 0,-0.98078528 0.19509032 0,
  -0.98078528 0.19509032 0,-0.98078528 0.19509032 0,
  -0.83146961 0.55557023 0,-0.83146961 0.55557023 0,
  -0.83146961 0.55557023 0,-0.83146961 0.55557023 0,
  -0.83146961 0.55557023 0,-0.83146961 0.55557023 0,
  -0.55557023 0.83146961 0,-0.55557023 0.83146961 0,
  -0.55557023 0.83146961 0,-0.55557023 0.83146961 0,
  -0.55557023 0.83146961 0,-0.55557023 0.83146961 0,
  -0.19509032 0.98078528 0,-0.19509032 0.98078528 0,
  -0.19509032 0.98078528 0,-0.19509032 0.98078528 0,
  -0.19509032 0.98078528 0,-0.19509032 0.98078528 0,
  0.19509032 0.98078528 0,0.19509032 0.98078528 0,
  0.19509032 0.98078528 0,0.19509032 0.98078528 0,
  0.19509032 0.98078528 0,0.19509032 0.98078528 0,
  0.55557023 0.83146961 0,0.55557023 0.83146961 0,
  0.55557023 0.83146961 0,0.55557023 0.83146961 0,
  0.55557023 0.83146961 0,0.55557023 0.83146961 0,
  0.83146961 0.55557023 0,0.83146961 0.55557023 0,
  0.83146961 0.55557023 0,0.83146961 0.55557023 0,
  0.83146961 0.55557023 0,0.83146961 0.55557023 0,
  0.98078528 0.19509032 0,0.98078528 0.19509032 0,
  0.98078528 0.19509032 0,0.98078528 0.19509032 0,
  0.98078528 0.19509032 0,0.98078528 0.19509032 0,
  0.98078528 -0.19509032 0,0.98078528 -0.19509032 0,
  0.98078528 -0.19509032 0,0.98078528 -0.19509032 0,
  0.98078528 -0.19509032 0,0.98078528 -0.19509032 0,
  0.83146961 -0.55557023 0,0.83146961 -0.55557023 0,
  0.83146961 -0.55557023 0,0.83146961 -0.55557023 0,
  0.83146961 -0.55557023 0,0.83146961 -0.55557023 0,
  0.55557023 -0.83146961 0,0.55557023 -0.83146961 0,
  0.55557023 -0.83146961 0,0.55557023 -0.83146961 0,
  0.55557023 -0.83146961 0,0.55557023 -0.83146961 0,
  0.19509032 -0.98078528 0,0.19509032 -0.98078528 0,
  0.19509032 -0.98078528 0,0.19509032 -0.98078528 0,
  0.19509032 -0.98078528 0,0.19509032 -0.98078528 0,
  -0.19509032 -0.98078528 0,-0.19509032 -0.98078528 0,
  -0.19509032 -0.98078528 0,-0.19509032 -0.98078528 0,
  -0.19509032 -0.98078528 0,-0.19509032 -0.98078528 0,
  -0.17364818 -0.98480775 0,-0.17364818 -0.98480775 0,
  -0.17364818 -0.98480775 0,-0.17364818 -0.98480775 0,
  -0.17364818 -0.98480775 0,-0.17364818 -0.98480775 0,
  -0.5 -0.8660254 0,-0.5 -0.8660254 0,
  -0.5 -0.8660254 0,-0.5 -0.8660254 0,
  -0.5 -0.8660254 0,-0.5 -0.8660254 0,
  -0.76604444 -0.64278761 0,-0.76604444 -0.64278761 0,
  -0.76604444 -0.64278761 0,-0.76604444 -0.64278761 0,
  -0.76604444 -0.64278761 0,-0.76604444 -0.64278761 0,
  -0.93969262 -0.34202014 0,-0.93969262 -0.34202014 0,
  -0.93969262 -0.34202014 0,-0.93969262 -0.34202014 0,
  -0.93969262 -0.34202014 0,-0.93969262 -0.34202014 0,
  -1 0 0,-1 0 0,
  -1 0 0,-1 0 0,
  -1 0 0,-1 0 0,
  -0.93969262 0.34202014 0,-0.93969262 0.34202014 0,
  -0.93969262 0.34202014 0,-0.93969262 0.34202014 0,
  -0.93969262 0.34202014 0,-0.93969262 0.34202014 0,
  -0.76604444 0.64278761 0,-0.76604444 0.64278761 0,
  -0.76604444 0.64278761 0,-0.76604444 0.64278761 0,
  -0.76604444 0.64278761 0,-0.76604444 0.64278761 0,
  -0.5 0.8660254 0,-0.5 0.8660254 0,
  -0.5 0.8660254 0,-0.5 0.8660254 0,
  -0.5 0.8660254 0,-0.5 0.8660254 0,
  -0.17364818 0.98480775 0,-0.17364818 0.98480775 0,
  -0.17364818 0.98480775 0,-0.17364818 0.98480775 0,
  -0.17364818 0.98480775 0,-0.17364818 0.98480775 0,
  0 1 0,0 1 0,
  0 1 0,0 1 0,
  0 1 0,0 1 0,
  0.17364818 0.98480775 0,0.17364818 0.98480775 0,
  0.17364818 0.98480775 0,0.17364818 0.98480775 0,
  0.17364818 0.98480775 0,0.17364818 0.98480775 0,
  0.5 0.8660254 0,0.5 0.8660254 0,
  0.5 0.8660254 0,0.5 0.8660254 0,
  0.5 0.8660254 0,0.5 0.8660254 0,
  0.76604444 0.64278761 0,0.76604444 0.64278761 0,
  0.76604444 0.64278761 0,0.76604444 0.64278761 0,
  0.76604444 0.64278761 0,0.76604444 0.64278761 0,
  0.93969262 0.34202014 0,0.93969262 0.34202014 0,
  0.93969262 0.34202014 0,0.93969262 0.34202014 0,
  0.93969262 0.34202014 0,0.93969262 0.34202014 0,
  1 0 0,1 0 0,
  1 0 0,1 0 0,
  1 0 0,1 0 0,
  0.93969262 -0.34202014 0,0.93969262 -0.34202014 0,
  0.93969262 -0.34202014 0,0.93969262 -0.34202014 0,
  0.93969262 -0.34202014 0,0.93969262 -0.34202014 0,
  0.76604444 -0.64278761 0,0.76604444 -0.64278761 0,
  0.76604444 -0.64278761 0,0.76604444 -0.64278761 0,
  0.76604444 -0.64278761 0,0.76604444 -0.64278761 0,
  0.5 -0.8660254 0,0.5 -0.8660254 0,
  0.5 -0.8660254 0,0.5 -0.8660254 0,
  0.5 -0.8660254 0,0.5 -0.8660254 0,
  0.17364818 -0.98480775 0,0.17364818 -0.98480775 0,
  0.17364818 -0.98480775 0,0.17364818 -0.98480775 0,
  0.17364818 -0.98480775 0,0.17364818 -0.98480775 0,
  0 -1 0,0 -1 0,
  0 -1 0,0 -1 0,
  0 -1 0,0 -1 0,
  -0.98078528 0.19509032 0,-0.98078528 0.19509032 0,
  -0.98078528 0.19509032 0,-0.98078528 0.19509032 0,
  -0.98078528 0.19509032 0,-0.98078528 0.19509032 0,
  -0.83146961 0.55557023 0,-0.83146961 0.55557023 0,
  -0.83146961 0.55557023 0,-0.83146961 0.55557023 0,
  -0.83146961 0.55557023 0,-0.83146961 0.55557023 0,
  -0.55557023 0.83146961 0,-0.55557023 0.83146961 0,
  -0.55557023 0.83146961 0,-0.55557023 0.83146961 0,
  -0.55557023 0.83146961 0,-0.55557023 0.83146961 0,
  -0.19509032 0.98078528 0,-0.19509032 0.98078528 0,
  -0.19509032 0.98078528 0,-0.19509032 0.98078528 0,
  -0.19509032 0.98078528 0,-0.19509032 0.98078528 0,
  0.19509032 0.98078528 0,0.19509032 0.98078528 0,
  0.19509032 0.98078528 0,0.19509032 0.98078528 0,
  0.19509032 0.98078528 0,0.19509032 0.98078528 0,
  0.55557023 0.83146961 0,0.55557023 0.83146961 0,
  0.55557023 0.83146961 0,0.55557023 0.83146961 0,
  0.55557023 0.83146961 0,0.55557023 0.83146961 0,
  0.83146961 0.55557023 0,0.83146961 0.55557023 0,
  0.83146961 0.55557023 0,0.83146961 0.55557023 0,
  0.83146961 0.55557023 0,0.83146961 0.55557023 0,
  0.98078528 0.19509032 0,0.98078528 0.19509032 0,
  0.98078528 0.19509032 0,0.98078528 0.19509032 0,
  0.98078528 0.19509032 0,0.98078528 0.19509032 0,
  0.98078528 -0.19509032 0,0.98078528 -0.19509032 0,
  0.98078528 -0.19509032 0,0.98078528 -0.19509032 0,
  0.98078528 -0.19509032 0,0.98078528 -0.19509032 0,
  0.83146961 -0.55557023 0,0.83146961 -0.55557023 0,
  0.83146961 -0.55557023 0,0.83146961 -0.55557023 0,
  0.83146961 -0.55557023 0,0.83146961 -0.55557023 0,
  0.55557023 -0.83146961 0,0.55557023 -0.83146961 0,
  0.55557023 -0.83146961 0,0.55557023 -0.83146961 0,
  0.55557023 -0.83146961 0,0.55557023 -0.83146961 0,
  0.19509032 -0.98078528 0,0.19509032 -0.98078528 0,
  0.19509032 -0.98078528 0,0.19509032 -0.98078528 0,
  0.19509032 -0.98078528 0,0.19509032 -0.98078528 0,
  -0.19509032 -0.98078528 0,-0.19509032 -0.98078528 0,
  -0.19509032 -0.98078528 0,-0.19509032 -0.98078528 0,
  -0.19509032 -0.98078528 0,-0.19509032 -0.98078528 0,
  -0.55557023 -0.83146961 0,-0.55557023 -0.83146961 0,
  -0.55557023 -0.83146961 0,-0.55557023 -0.83146961 0,
  -0.55557023 -0.83146961 0,-0.55557023 -0.83146961 0,
  -0.83146961 -0.55557023 0,-0.83146961 -0.55557023 0,
  -0.83146961 -0.55557023 0,-0.83146961 -0.55557023 0,
  -0.83146961 -0.55557023 0,-0.83146961 -0.55557023 0,
  -0.98078528 -0.19509032 0,-0.98078528 -0.19509032 0,
  -0.98078528 -0.19509032 0,-0.98078528 -0.19509032 0,
  -0.98078528 -0.19509032 0,-0.98078528 -0.19509032 0] }
}
}
] }
DEF TXFM_7 Transform {
  center 0 0 0
  rotation 0 0 1 0
  scale 1 1 1
  scaleOrientation 0 0 1 0
  translation 0 0 0
 children [
DEF SHAPE_72 Shape {
 appearance DEF APP_3 Appearance {
  material Material {
   ambientIntensity 1
   diffuseColor 0.75 0.61000001 0.23
   emissiveColor 0 0 0
   shininess 0.89999998
   specularColor 0.89999998 0.84399998 0.69199997
   transparency 0
} }
 geometry DEF FACE_72 IndexedFaceSet {
  coord DEF COORD_72 Coordinate { point [
  58.746556 -31.976787 0.31496063,58.671586 -32.031256 0.31496063,
  58.606059 -32.096783 0.31496063,58.551591 -32.171753 0.31496063,
  58.50952 -32.254321 0.31496063,58.480884 -32.342454 0.31496063,
  58.466387 -32.433981 0.31496063,58.466387 -32.526649 0.31496063,
  58.480884 -32.618176 0.31496063,58.50952 -32.706309 0.31496063,
  58.551591 -32.788877 0.31496063,58.606059 -32.863847 0.31496063,
  58.671586 -32.929374 0.31496063,58.681102 -32.936287 0.31496063,
  58.681102 -34.88189 0.31496063,58.011811 -34.88189 0.31496063,
  57.98477 -34.885027 0.31496063,57.945063 -34.902559 0.31496063,
  57.91437 -34.933252 0.31496063,57.896838 -34.972959 0.31496063,
  57.893701 -35 0.31496063,57.893701 -35.551181 0.31496063,
  57.896838 -35.578222 0.31496063,57.91437 -35.61793 0.31496063,
  57.945063 -35.648622 0.31496063,57.98477 -35.666154 0.31496063,
  58.011811 -35.669291 0.31496063,60.137795 -35.669291 0.31496063,
  60.164837 -35.666154 0.31496063,60.204544 -35.648622 0.31496063,
  60.235236 -35.61793 0.31496063,60.252768 -35.578222 0.31496063,
  60.255906 -35.551181 0.31496063,60.255906 -35 0.31496063,
  60.252768 -34.972959 0.31496063,60.235236 -34.933252 0.31496063,
  60.204544 -34.902559 0.31496063,60.164837 -34.885027 0.31496063,
  60.137795 -34.88189 0.31496063,59.468504 -34.88189 0.31496063,
  59.468504 -32.89952 0.31496063,59.504177 -32.863847 0.31496063,
  59.558646 -32.788877 0.31496063,59.600716 -32.706309 0.31496063,
  59.629352 -32.618176 0.31496063,59.643849 -32.526649 0.31496063,
  59.643849 -32.433981 0.31496063,59.629352 -32.342454 0.31496063,
  59.600716 -32.254321 0.31496063,59.558646 -32.171753 0.31496063,
  59.504177 -32.096783 0.31496063,59.43865 -32.031256 0.31496063,
  59.36368 -31.976787 0.31496063,59.281112 -31.934717 0.31496063,
  59.19298 -31.906081 0.31496063,59.101452 -31.891584 0.31496063,
  59.008784 -31.891584 0.31496063,58.917257 -31.906081 0.31496063,
  58.829124 -31.934717 0.31496063,58.797244 -32.480315 0.31496063,
  58.816874 -32.381631 0.31496063,58.872774 -32.29797 0.31496063,
  58.956434 -32.24207 0.31496063,59.055118 -32.222441 0.31496063,
  59.153802 -32.24207 0.31496063,59.237463 -32.29797 0.31496063,
  59.293363 -32.381631 0.31496063,59.312992 -32.480315 0.31496063,
  59.293363 -32.578999 0.31496063,59.237463 -32.662659 0.31496063,
  59.153802 -32.718559 0.31496063,59.055118 -32.738189 0.31496063,
  58.956434 -32.718559 0.31496063,58.872774 -32.662659 0.31496063,
  58.816874 -32.578999 0.31496063,60.097301 -35.251492 0.31496063,
  60.097301 -35.299689 0.31496063,60.080817 -35.34498 0.31496063,
  60.049836 -35.381902 0.31496063,60.008095 -35.406001 0.31496063,
  59.96063 -35.41437 0.31496063,58.188976 -35.41437 0.31496063,
  58.141511 -35.406001 0.31496063,58.099771 -35.381902 0.31496063,
  58.06879 -35.34498 0.31496063,58.052305 -35.299689 0.31496063,
  58.052305 -35.251492 0.31496063,58.06879 -35.206201 0.31496063,
  58.099771 -35.169279 0.31496063,58.141511 -35.14518 0.31496063,
  58.188976 -35.136811 0.31496063,59.96063 -35.136811 0.31496063,
  60.008095 -35.14518 0.31496063,60.049836 -35.169279 0.31496063,
  60.080817 -35.206201 0.31496063,57.559055 -33.070866 0.31496063,
  57.586096 -33.067729 0.31496063,57.625804 -33.050196 0.31496063,
  57.656496 -33.019504 0.31496063,57.674028 -32.979797 0.31496063,
  57.677165 -32.952756 0.31496063,57.677165 -32.007874 0.31496063,
  57.674028 -31.980833 0.31496063,57.656496 -31.941126 0.31496063,
  57.625804 -31.910433 0.31496063,57.586096 -31.892901 0.31496063,
  57.559055 -31.889764 0.31496063,56.614173 -31.889764 0.31496063,
  56.587132 -31.892901 0.31496063,56.547425 -31.910433 0.31496063,
  56.516733 -31.941126 0.31496063,56.4992 -31.980833 0.31496063,
  56.496063 -32.007874 0.31496063,56.496063 -32.514089 0.31496063,
  56.217674 -32.792478 0.31496063,56.191728 -32.821105 0.31496063,
  56.163169 -32.863847 0.31496063,56.14885 -32.885277 0.31496063,
  56.119315 -32.956581 0.31496063,56.104258 -33.032277 0.31496063,
  56.102362 -33.070866 0.31496063,56.102362 -37.007874 0.31496063,
  56.104258 -37.046463 0.31496063,56.119315 -37.122159 0.31496063,
  56.14885 -37.193463 0.31496063,56.15893 -37.20855 0.31496063,
  56.191728 -37.257635 0.31496063,56.217674 -37.286263 0.31496063,
  56.532635 -37.601223 0.31496063,56.561263 -37.62717 0.31496063,
  56.599731 -37.652873 0.31496063,56.625434 -37.670048 0.31496063,
  56.696738 -37.699583 0.31496063,56.772434 -37.71464 0.31496063,
  56.811024 -37.716535 0.31496063,58.011811 -37.716535 0.31496063,
  60.137795 -37.716535 0.31496063,60.164837 -37.713398 0.31496063,
  60.204544 -37.695866 0.31496063,60.235236 -37.665174 0.31496063,
  60.252768 -37.625467 0.31496063,60.255906 -37.598425 0.31496063,
  60.255906 -37.047244 0.31496063,60.252768 -37.020203 0.31496063,
  60.235236 -36.980496 0.31496063,60.204544 -36.949804 0.31496063,
  60.164837 -36.932271 0.31496063,60.137795 -36.929134 0.31496063,
  59.074803 -36.929134 0.31496063,56.9741 -36.929134 0.31496063,
  56.889764 -36.844798 0.31496063,56.889764 -33.233943 0.31496063,
  57.05284 -33.070866 0.31496063,57.344488 -32.480315 0.31496063,
  57.324859 -32.578999 0.31496063,57.268959 -32.662659 0.31496063,
  57.185298 -32.718559 0.31496063,57.086614 -32.738189 0.31496063,
  56.98793 -32.718559 0.31496063,56.90427 -32.662659 0.31496063,
  56.84837 -32.578999 0.31496063,56.82874 -32.480315 0.31496063,
  56.84837 -32.381631 0.31496063,56.90427 -32.29797 0.31496063,
  56.98793 -32.24207 0.31496063,57.086614 -32.222441 0.31496063,
  57.185298 -32.24207 0.31496063,57.268959 -32.29797 0.31496063,
  57.324859 -32.381631 0.31496063,60.097301 -37.298736 0.31496063,
  60.097301 -37.346933 0.31496063,60.080817 -37.392224 0.31496063,
  60.049836 -37.429146 0.31496063,60.008095 -37.453245 0.31496063,
  59.96063 -37.461614 0.31496063,58.188976 -37.461614 0.31496063,
  58.141511 -37.453245 0.31496063,58.099771 -37.429146 0.31496063,
  58.06879 -37.392224 0.31496063,58.052305 -37.346933 0.31496063,
  58.052305 -37.298736 0.31496063,58.06879 -37.253445 0.31496063,
  58.099771 -37.216523 0.31496063,58.141511 -37.192425 0.31496063,
  58.188976 -37.184055 0.31496063,59.96063 -37.184055 0.31496063,
  60.008095 -37.192425 0.31496063,60.049836 -37.216523 0.31496063,
  60.080817 -37.253445 0.31496063,59.566929 -47.834646 0.31496063,
  59.539888 -47.837783 0.31496063,59.500181 -47.855315 0.31496063,
  59.469489 -47.886007 0.31496063,59.451956 -47.925715 0.31496063,
  59.448819 -47.952756 0.31496063,59.448819 -48.897638 0.31496063,
  59.451956 -48.924679 0.31496063,59.469489 -48.964386 0.31496063,
  59.500181 -48.995078 0.31496063,59.539888 -49.012611 0.31496063,
  59.566929 -49.015748 0.31496063,60.511811 -49.015748 0.31496063,
  60.538852 -49.012611 0.31496063,60.578559 -48.995078 0.31496063,
  60.609252 -48.964386 0.31496063,60.626784 -48.924679 0.31496063,
  60.629921 -48.897638 0.31496063,60.629921 -47.952756 0.31496063,
  60.626784 -47.925715 0.31496063,60.609252 -47.886007 0.31496063,
  60.578559 -47.855315 0.31496063,60.538852 -47.837783 0.31496063,
  60.511811 -47.834646 0.31496063,59.781496 -48.425197 0.31496063,
  59.801126 -48.326513 0.31496063,59.857026 -48.242852 0.31496063,
  59.940686 -48.186952 0.31496063,60.03937 -48.167323 0.31496063,
  60.138054 -48.186952 0.31496063,60.221715 -48.242852 0.31496063,
  60.277615 -48.326513 0.31496063,60.297244 -48.425197 0.31496063,
  60.277615 -48.523881 0.31496063,60.221715 -48.607541 0.31496063,
  60.138054 -48.663441 0.31496063,60.03937 -48.683071 0.31496063,
  59.940686 -48.663441 0.31496063,59.857026 -48.607541 0.31496063,
  59.801126 -48.523881 0.31496063,57.762304 -47.921669 0.31496063,
  57.687334 -47.976138 0.31496063,57.621807 -48.041665 0.31496063,
  57.567339 -48.116635 0.31496063,57.525268 -48.199203 0.31496063,
  57.496632 -48.287335 0.31496063,57.482135 -48.378863 0.31496063,
  57.482135 -48.471531 0.31496063,57.496632 -48.563058 0.31496063,
  57.525268 -48.651191 0.31496063,57.567339 -48.733759 0.31496063,
  57.621807 -48.808729 0.31496063,57.687334 -48.874256 0.31496063,
  57.762304 -48.928724 0.31496063,57.844872 -48.970795 0.31496063,
  57.933005 -48.999431 0.31496063,58.024532 -49.013928 0.31496063,
  58.1172 -49.013928 0.31496063,58.208728 -48.999431 0.31496063,
  58.29686 -48.970795 0.31496063,58.379428 -48.928724 0.31496063,
  58.454398 -48.874256 0.31496063,58.519925 -48.808729 0.31496063,
  58.574394 -48.733759 0.31496063,58.616464 -48.651191 0.31496063,
  58.6451 -48.563058 0.31496063,58.659597 -48.471531 0.31496063,
  58.659597 -48.378863 0.31496063,58.6451 -48.287335 0.31496063,
  58.616464 -48.199203 0.31496063,58.574394 -48.116635 0.31496063,
  58.519925 -48.041665 0.31496063,58.454398 -47.976138 0.31496063,
  58.379428 -47.921669 0.31496063,58.29686 -47.879599 0.31496063,
  58.208728 -47.850963 0.31496063,58.1172 -47.836466 0.31496063,
  58.024532 -47.836466 0.31496063,57.933005 -47.850963 0.31496063,
  57.844872 -47.879599 0.31496063,57.812992 -48.425197 0.31496063,
  57.832622 -48.326513 0.31496063,57.888522 -48.242852 0.31496063,
  57.972182 -48.186952 0.31496063,58.070866 -48.167323 0.31496063,
  58.16955 -48.186952 0.31496063,58.253211 -48.242852 0.31496063,
  58.309111 -48.326513 0.31496063,58.32874 -48.425197 0.31496063,
  58.309111 -48.523881 0.31496063,58.253211 -48.607541 0.31496063,
  58.16955 -48.663441 0.31496063,58.070866 -48.683071 0.31496063,
  57.972182 -48.663441 0.31496063,57.888522 -48.607541 0.31496063,
  57.832622 -48.523881 0.31496063,60.71506 -31.976787 0.31496063,
  60.64009 -32.031256 0.31496063,60.574563 -32.096783 0.31496063,
  60.520094 -32.171753 0.31496063,60.478024 -32.254321 0.31496063,
  60.449388 -32.342454 0.31496063,60.434891 -32.433981 0.31496063,
  60.434891 -32.526649 0.31496063,60.449388 -32.618176 0.31496063,
  60.478024 -32.706309 0.31496063,60.520094 -32.788877 0.31496063,
  60.574563 -32.863847 0.31496063,60.64009 -32.929374 0.31496063,
  60.71506 -32.983843 0.31496063,60.797628 -33.025913 0.31496063,
  60.885761 -33.054549 0.31496063,60.977288 -33.069046 0.31496063,
  61.055576 -33.069046 0.31496063,61.220472 -33.233943 0.31496063,
  61.220472 -38.813302 0.31496063,61.057396 -38.976378 0.31496063,
  60.137795 -38.976378 0.31496063,58.011811 -38.976378 0.31496063,
  57.98477 -38.979515 0.31496063,57.945063 -38.997048 0.31496063,
  57.91437 -39.02774 0.31496063,57.896838 -39.067447 0.31496063,
  57.893701 -39.094488 0.31496063,57.893701 -39.645669 0.31496063,
  57.896838 -39.672711 0.31496063,57.91437 -39.712418 0.31496063,
  57.945063 -39.74311 0.31496063,57.98477 -39.760642 0.31496063,
  58.011811 -39.76378 0.31496063,59.074803 -39.76378 0.31496063,
  61.220472 -39.76378 0.31496063,61.259062 -39.761884 0.31496063,
  61.334758 -39.746827 0.31496063,61.406062 -39.717292 0.31496063,
  61.424414 -39.705029 0.31496063,61.470234 -39.674414 0.31496063,
  61.498861 -39.648467 0.31496063,61.892562 -39.254766 0.31496063,
  61.918508 -39.226139 0.31496063,61.961387 -39.161967 0.31496063,
  61.990922 -39.090663 0.31496063,62.005978 -39.014967 0.31496063,
  62.007874 -38.976378 0.31496063,62.007874 -33.070866 0.31496063,
  62.005978 -33.032277 0.31496063,61.990921 -32.956581 0.31496063,
  61.961386 -32.885277 0.31496063,61.935953 -32.847213 0.31496063,
  61.918508 -32.821105 0.31496063,61.892562 -32.792478 0.31496063,
  61.612353 -32.512269 0.31496063,61.612353 -32.433981 0.31496063,
  61.597856 -32.342454 0.31496063,61.56922 -32.254321 0.31496063,
  61.52715 -32.171753 0.31496063,61.472681 -32.096783 0.31496063,
  61.407154 -32.031256 0.31496063,61.332184 -31.976787 0.31496063,
  61.249616 -31.934717 0.31496063,61.161483 -31.906081 0.31496063,
  61.069956 -31.891584 0.31496063,60.977288 -31.891584 0.31496063,
  60.885761 -31.906081 0.31496063,60.797628 -31.934717 0.31496063,
  60.765748 -32.480315 0.31496063,60.785378 -32.381631 0.31496063,
  60.841278 -32.29797 0.31496063,60.924938 -32.24207 0.31496063,
  61.023622 -32.222441 0.31496063,61.122306 -32.24207 0.31496063,
  61.205967 -32.29797 0.31496063,61.261867 -32.381631 0.31496063,
  61.281496 -32.480315 0.31496063,61.261867 -32.578999 0.31496063,
  61.205967 -32.662659 0.31496063,61.122306 -32.718559 0.31496063,
  61.023622 -32.738189 0.31496063,60.924938 -32.718559 0.31496063,
  60.841278 -32.662659 0.31496063,60.785378 -32.578999 0.31496063,
  60.097301 -39.34598 0.31496063,60.097301 -39.394178 0.31496063,
  60.080817 -39.439469 0.31496063,60.049836 -39.47639 0.31496063,
  60.008095 -39.500489 0.31496063,59.96063 -39.508858 0.31496063,
  58.188976 -39.508858 0.31496063,58.141511 -39.500489 0.31496063,
  58.099771 -39.47639 0.31496063,58.06879 -39.439469 0.31496063,
  58.052305 -39.394178 0.31496063,58.052305 -39.34598 0.31496063,
  58.06879 -39.300689 0.31496063,58.099771 -39.263767 0.31496063,
  58.141511 -39.239669 0.31496063,58.188976 -39.231299 0.31496063,
  59.96063 -39.231299 0.31496063,60.008095 -39.239669 0.31496063,
  60.049836 -39.263767 0.31496063,60.080817 -39.300689 0.31496063,
  57.874016 -45.393701 0.31496063,57.901057 -45.390563 0.31496063,
  57.940764 -45.373031 0.31496063,57.971456 -45.342339 0.31496063,
  57.988989 -45.302632 0.31496063,57.992126 -45.275591 0.31496063,
  57.992126 -43.149606 0.31496063,57.988989 -43.122565 0.31496063,
  57.971456 -43.082858 0.31496063,57.940764 -43.052166 0.31496063,
  57.901057 -43.034633 0.31496063,57.874016 -43.031496 0.31496063,
  57.322835 -43.031496 0.31496063,57.295793 -43.034633 0.31496063,
  57.256086 -43.052166 0.31496063,57.225394 -43.082858 0.31496063,
  57.207862 -43.122565 0.31496063,57.204724 -43.149606 0.31496063,
  57.204724 -45.275591 0.31496063,57.207862 -45.302632 0.31496063,
  57.225394 -45.342339 0.31496063,57.256086 -45.373031 0.31496063,
  57.295793 -45.390563 0.31496063,57.322835 -45.393701 0.31496063,
  57.737205 -43.326772 0.31496063,57.737205 -45.098425 0.31496063,
  57.728835 -45.145891 0.31496063,57.704736 -45.187631 0.31496063,
  57.667815 -45.218612 0.31496063,57.622524 -45.235096 0.31496063,
  57.574326 -45.235096 0.31496063,57.529035 -45.218612 0.31496063,
  57.492114 -45.187631 0.31496063,57.468015 -45.145891 0.31496063,
  57.459646 -45.098425 0.31496063,57.459646 -43.326772 0.31496063,
  57.468015 -43.279306 0.31496063,57.492114 -43.237566 0.31496063,
  57.529035 -43.206585 0.31496063,57.574326 -43.1901 0.31496063,
  57.622524 -43.1901 0.31496063,57.667815 -43.206585 0.31496063,
  57.704736 -43.237566 0.31496063,57.728835 -43.279306 0.31496063,
  60.826772 -45.393701 0.31496063,60.853813 -45.390563 0.31496063,
  60.89352 -45.373031 0.31496063,60.924212 -45.342339 0.31496063,
  60.941744 -45.302632 0.31496063,60.944882 -45.275591 0.31496063,
  60.944882 -43.149606 0.31496063,60.941744 -43.122565 0.31496063,
  60.924212 -43.082858 0.31496063,60.89352 -43.052166 0.31496063,
  60.853813 -43.034633 0.31496063,60.826772 -43.031496 0.31496063,
  60.275591 -43.031496 0.31496063,60.248549 -43.034633 0.31496063,
  60.208842 -43.052166 0.31496063,60.17815 -43.082858 0.31496063,
  60.160618 -43.122565 0.31496063,60.15748 -43.149606 0.31496063,
  60.15748 -45.275591 0.31496063,60.160618 -45.302632 0.31496063,
  60.17815 -45.342339 0.31496063,60.208842 -45.373031 0.31496063,
  60.248549 -45.390563 0.31496063,60.275591 -45.393701 0.31496063,
  60.689961 -43.326772 0.31496063,60.689961 -45.098425 0.31496063,
  60.681591 -45.145891 0.31496063,60.657492 -45.187631 0.31496063,
  60.620571 -45.218612 0.31496063,60.57528 -45.235096 0.31496063,
  60.527082 -45.235096 0.31496063,60.481791 -45.218612 0.31496063,
  60.44487 -45.187631 0.31496063,60.420771 -45.145891 0.31496063,
  60.412402 -45.098425 0.31496063,60.412402 -43.326772 0.31496063,
  60.420771 -43.279306 0.31496063,60.44487 -43.237566 0.31496063,
  60.481791 -43.206585 0.31496063,60.527082 -43.1901 0.31496063,
  60.57528 -43.1901 0.31496063,60.620571 -43.206585 0.31496063,
  60.657492 -43.237566 0.31496063,60.681591 -43.279306 0.31496063] }
 coordIndex [
  59,60,58,-1,58,60,61,-1,58,61,57,-1,57,61,62,-1,57,62,56,-1,56,62,63,-1,56,63,55,-1,55,63,64,-1,
  55,64,54,-1,54,64,65,-1,54,65,53,-1,53,65,66,-1,53,66,52,-1,52,66,67,-1,52,67,39,-1,39,67,68,-1,
  39,68,69,-1,6,8,5,-1,5,8,9,-1,5,9,4,-1,4,9,10,-1,4,10,3,-1,3,10,11,-1,3,11,2,-1,
  2,11,12,-1,2,12,1,-1,1,12,13,-1,1,13,0,-1,0,13,59,-1,0,59,58,-1,153,95,106,-1,106,95,96,-1,
  106,96,105,-1,105,96,97,-1,105,97,104,-1,104,97,98,-1,104,98,103,-1,103,98,99,-1,103,99,102,-1,102,99,100,-1,
  102,100,101,-1,106,107,164,-1,106,164,165,-1,106,165,166,-1,106,166,167,-1,106,167,168,-1,106,168,153,-1,157,158,152,-1,
  152,158,159,-1,152,159,151,-1,151,159,160,-1,151,160,150,-1,150,160,161,-1,150,161,134,-1,134,161,133,-1,110,128,109,-1,
  109,128,129,-1,109,129,108,-1,108,129,130,-1,108,130,107,-1,107,130,131,-1,107,131,161,-1,161,131,132,-1,161,132,133,-1,
  107,161,162,-1,107,162,163,-1,107,163,164,-1,128,110,111,-1,128,111,112,-1,128,112,113,-1,128,113,114,-1,128,114,127,-1,
  120,122,119,-1,119,122,123,-1,119,123,118,-1,118,123,124,-1,118,124,117,-1,117,124,125,-1,117,125,116,-1,116,125,126,-1,
  116,126,115,-1,115,126,127,-1,115,127,114,-1,95,153,154,-1,95,154,155,-1,95,155,156,-1,95,156,157,-1,95,157,152,-1,
  40,41,50,-1,50,41,42,-1,50,42,49,-1,49,42,43,-1,49,43,48,-1,48,43,44,-1,48,44,47,-1,47,44,45,-1,
  47,45,46,-1,51,52,39,-1,51,39,40,-1,51,40,50,-1,75,27,38,-1,38,27,28,-1,38,28,37,-1,37,28,29,-1,
  37,29,36,-1,36,29,30,-1,36,30,35,-1,35,30,31,-1,35,31,34,-1,34,31,32,-1,34,32,33,-1,38,39,91,-1,
  38,91,92,-1,38,92,93,-1,38,93,94,-1,38,94,75,-1,39,69,70,-1,39,70,71,-1,39,71,72,-1,39,72,73,-1,
  39,73,74,-1,39,74,13,-1,39,13,14,-1,39,14,91,-1,87,88,15,-1,15,88,89,-1,15,89,14,-1,14,89,90,-1,
  14,90,91,-1,20,22,19,-1,19,22,23,-1,19,23,18,-1,18,23,24,-1,18,24,17,-1,17,24,25,-1,17,25,16,-1,
  16,25,26,-1,16,26,15,-1,15,26,85,-1,15,85,86,-1,27,75,76,-1,27,76,77,-1,27,77,78,-1,27,78,79,-1,
  27,79,80,-1,27,80,81,-1,27,81,26,-1,26,81,82,-1,26,82,83,-1,26,83,84,-1,26,84,85,-1,169,136,147,-1,
  147,136,137,-1,147,137,146,-1,146,137,138,-1,146,138,145,-1,145,138,139,-1,145,139,144,-1,144,139,140,-1,144,140,143,-1,
  143,140,141,-1,143,141,142,-1,147,148,185,-1,147,185,186,-1,147,186,187,-1,147,187,188,-1,147,188,169,-1,181,182,149,-1,
  149,182,183,-1,149,183,148,-1,148,183,184,-1,148,184,185,-1,135,136,175,-1,135,175,176,-1,135,176,177,-1,135,177,178,-1,
  135,178,179,-1,135,179,180,-1,135,180,149,-1,135,149,134,-1,136,169,170,-1,136,170,171,-1,136,171,172,-1,136,172,173,-1,
  136,173,174,-1,136,174,175,-1,337,338,328,-1,328,338,339,-1,328,339,327,-1,327,339,340,-1,327,340,342,-1,342,340,341,-1,
  334,335,330,-1,334,330,331,-1,334,331,332,-1,334,332,333,-1,329,330,335,-1,329,335,336,-1,329,336,337,-1,329,337,328,-1,
  324,325,345,-1,345,325,326,-1,345,326,344,-1,344,326,327,-1,344,327,343,-1,343,327,342,-1,346,347,322,-1,346,322,323,-1,
  346,323,324,-1,346,324,345,-1,354,355,353,-1,353,355,356,-1,353,356,352,-1,352,356,357,-1,352,357,351,-1,351,357,358,-1,
  351,358,350,-1,350,358,359,-1,350,359,349,-1,349,359,360,-1,349,360,348,-1,348,360,361,-1,348,361,347,-1,347,361,362,-1,
  347,362,322,-1,322,362,363,-1,322,363,321,-1,321,363,303,-1,321,303,304,-1,363,364,303,-1,303,364,365,-1,303,365,302,-1,
  302,365,366,-1,302,366,301,-1,301,366,367,-1,301,367,300,-1,300,367,368,-1,300,368,299,-1,299,368,369,-1,299,369,354,-1,
  291,293,290,-1,290,293,294,-1,290,294,289,-1,289,294,295,-1,289,295,288,-1,288,295,296,-1,288,296,287,-1,287,296,297,-1,
  287,297,286,-1,286,297,298,-1,286,298,285,-1,285,298,299,-1,285,299,354,-1,221,201,212,-1,212,201,202,-1,212,202,211,-1,
  211,202,203,-1,211,203,210,-1,210,203,204,-1,210,204,209,-1,209,204,205,-1,209,205,208,-1,208,205,206,-1,208,206,207,-1,
  212,189,216,-1,212,216,217,-1,212,217,218,-1,212,218,219,-1,212,219,220,-1,212,220,221,-1,189,190,200,-1,189,200,228,-1,
  189,228,213,-1,189,213,214,-1,189,214,215,-1,189,215,216,-1,201,221,222,-1,201,222,223,-1,201,223,224,-1,201,224,225,-1,
  201,225,226,-1,201,226,200,-1,227,228,200,-1,227,200,226,-1,200,190,199,-1,199,190,191,-1,199,191,198,-1,198,191,192,-1,
  198,192,197,-1,197,192,193,-1,197,193,196,-1,196,193,194,-1,196,194,195,-1,277,249,262,-1,262,249,250,-1,262,250,261,-1,
  261,250,251,-1,261,251,260,-1,260,251,252,-1,260,252,259,-1,259,252,253,-1,259,253,258,-1,258,253,254,-1,258,254,257,-1,
  257,254,255,-1,257,255,256,-1,269,270,268,-1,268,270,271,-1,268,271,267,-1,267,271,272,-1,267,272,266,-1,266,272,273,-1,
  266,273,265,-1,265,273,274,-1,265,274,264,-1,264,274,275,-1,264,275,263,-1,263,275,276,-1,263,276,262,-1,262,276,277,-1,
  229,230,242,-1,229,242,243,-1,229,243,269,-1,229,269,268,-1,284,243,283,-1,283,243,244,-1,283,244,282,-1,282,244,245,-1,
  282,245,281,-1,281,245,246,-1,281,246,280,-1,280,246,247,-1,280,247,279,-1,279,247,248,-1,279,248,278,-1,278,248,249,-1,
  278,249,277,-1,242,230,241,-1,241,230,231,-1,241,231,240,-1,240,231,232,-1,240,232,239,-1,239,232,233,-1,239,233,238,-1,
  238,233,234,-1,238,234,237,-1,237,234,235,-1,237,235,236,-1,320,321,304,-1,320,304,305,-1,320,305,306,-1,320,306,370,-1,
  320,370,371,-1,320,371,372,-1,320,372,373,-1,320,373,374,-1,320,374,375,-1,320,375,319,-1,375,376,319,-1,319,376,377,-1,
  319,377,318,-1,318,377,378,-1,318,378,379,-1,318,379,380,-1,318,380,307,-1,318,307,308,-1,318,308,317,-1,312,314,311,-1,
  311,314,315,-1,311,315,310,-1,310,315,316,-1,310,316,309,-1,309,316,317,-1,309,317,308,-1,306,307,385,-1,306,385,386,-1,
  306,386,387,-1,306,387,388,-1,306,388,389,-1,306,389,370,-1,307,380,381,-1,307,381,382,-1,307,382,383,-1,307,383,384,-1,
  307,384,385,-1,414,390,401,-1,401,390,391,-1,401,391,400,-1,400,391,392,-1,400,392,399,-1,399,392,393,-1,399,393,398,-1,
  398,393,394,-1,398,394,397,-1,397,394,395,-1,397,395,396,-1,401,402,428,-1,401,428,429,-1,401,429,430,-1,401,430,431,-1,
  401,431,432,-1,401,432,433,-1,401,433,414,-1,407,409,406,-1,406,409,410,-1,406,410,405,-1,405,410,411,-1,405,411,404,-1,
  404,411,412,-1,404,412,403,-1,403,412,413,-1,403,413,402,-1,402,413,424,-1,402,424,425,-1,402,425,426,-1,402,426,427,-1,
  402,427,428,-1,390,414,415,-1,390,415,416,-1,390,416,417,-1,390,417,418,-1,390,418,419,-1,390,419,420,-1,390,420,421,-1,
  390,421,413,-1,413,421,422,-1,413,422,423,-1,413,423,424,-1,458,434,445,-1,445,434,435,-1,445,435,444,-1,444,435,436,-1,
  444,436,443,-1,443,436,437,-1,443,437,442,-1,442,437,438,-1,442,438,441,-1,441,438,439,-1,441,439,440,-1,445,446,472,-1,
  445,472,473,-1,445,473,474,-1,445,474,475,-1,445,475,476,-1,445,476,477,-1,445,477,458,-1,451,453,450,-1,450,453,454,-1,
  450,454,449,-1,449,454,455,-1,449,455,448,-1,448,455,456,-1,448,456,447,-1,447,456,457,-1,447,457,446,-1,446,457,468,-1,
  446,468,469,-1,446,469,470,-1,446,470,471,-1,446,471,472,-1,434,458,459,-1,434,459,460,-1,434,460,461,-1,434,461,462,-1,
  434,462,463,-1,434,463,464,-1,434,464,465,-1,434,465,457,-1,457,465,466,-1,457,466,467,-1,457,467,468,-1,453,451,452,-1,
  409,407,408,-1,314,312,313,-1,354,353,285,-1,269,243,284,-1,293,291,292,-1,150,134,149,-1,149,180,181,-1,22,20,21,-1,
  87,15,86,-1,13,74,59,-1,122,120,121,-1,8,6,7,-1]
  normalPerVertex TRUE
  normal DEF NORM_72 Normal { vector [
  0 0 1,0 0 1,
  0 0 1,0 0 1,
  0 0 1,0 0 1,
  0 0 1,0 0 1,
  0 0 1,0 0 1,
  0 0 1,0 0 1,
  0 0 1,0 0 1,
  0 0 1,0 0 1,
  0 0 1,0 0 1,
  0 0 1,0 0 1,
  0 0 1,0 0 1,
  0 0 1,0 0 1,
  0 0 1,0 0 1,
  0 0 1,0 0 1,
  0 0 1,0 0 1,
  0 0 1,0 0 1,
  0 0 1,0 0 1,
  0 0 1,0 0 1,
  0 0 1,0 0 1,
  0 0 1,0 0 1,
  0 0 1,0 0 1,
  0 0 1,0 0 1,
  0 0 1,0 0 1,
  0 0 1,0 0 1,
  0 0 1,0 0 1,
  0 0 1,0 0 1,
  0 0 1,0 0 1,
  0 0 1,0 0 1,
  0 0 1,0 0 1,
  0 0 1,0 0 1,
  0 0 1,0 0 1,
  0 0 1,0 0 1,
  0 0 1,0 0 1,
  0 0 1,0 0 1,
  0 0 1,0 0 1,
  0 0 1,0 0 1,
  0 0 1,0 0 1,
  0 0 1,0 0 1,
  0 0 1,0 0 1,
  0 0 1,0 0 1,
  0 0 1,0 0 1,
  0 0 1,0 0 1,
  0 0 1,0 0 1,
  0 0 1,0 0 1,
  0 0 1,0 0 1,
  0 0 1,0 0 1,
  0 0 1,0 0 1,
  0 0 1,0 0 1,
  0 0 1,0 0 1,
  0 0 1,0 0 1,
  0 0 1,0 0 1,
  0 0 1,0 0 1,
  0 0 1,0 0 1,
  0 0 1,0 0 1,
  0 0 1,0 0 1,
  0 0 1,0 0 1,
  0 0 1,0 0 1,
  0 0 1,0 0 1,
  0 0 1,0 0 1,
  0 0 1,0 0 1,
  0 0 1,0 0 1,
  0 0 1,0 0 1,
  0 0 1,0 0 1,
  0 0 1,0 0 1,
  0 0 1,0 0 1,
  0 0 1,0 0 1,
  0 0 1,0 0 1,
  0 0 1,0 0 1,
  0 0 1,0 0 1,
  0 0 1,0 0 1,
  0 0 1,0 0 1,
  0 0 1,0 0 1,
  0 0 1,0 0 1,
  0 0 1,0 0 1,
  0 0 1,0 0 1,
  0 0 1,0 0 1,
  0 0 1,0 0 1,
  0 0 1,0 0 1,
  0 0 1,0 0 1,
  0 0 1,0 0 1,
  0 0 1,0 0 1,
  0 0 1,0 0 1,
  0 0 1,0 0 1,
  0 0 1,0 0 1,
  0 0 1,0 0 1,
  0 0 1,0 0 1,
  0 0 1,0 0 1,
  0 0 1,0 0 1,
  0 0 1,0 0 1,
  0 0 1,0 0 1,
  0 0 1,0 0 1,
  0 0 1,0 0 1,
  0 0 1,0 0 1,
  0 0 1,0 0 1,
  0 0 1,0 0 1,
  0 0 1,0 0 1,
  0 0 1,0 0 1,
  0 0 1,0 0 1,
  0 0 1,0 0 1,
  0 0 1,0 0 1,
  0 0 1,0 0 1,
  0 0 1,0 0 1,
  0 0 1,0 0 1,
  0 0 1,0 0 1,
  0 0 1,0 0 1,
  0 0 1,0 0 1,
  0 0 1,0 0 1,
  0 0 1,0 0 1,
  0 0 1,0 0 1,
  0 0 1,0 0 1,
  0 0 1,0 0 1,
  0 0 1,0 0 1,
  0 0 1,0 0 1,
  0 0 1,0 0 1,
  0 0 1,0 0 1,
  0 0 1,0 0 1,
  0 0 1,0 0 1,
  0 0 1,0 0 1,
  0 0 1,0 0 1,
  0 0 1,0 0 1,
  0 0 1,0 0 1,
  0 0 1,0 0 1,
  0 0 1,0 0 1,
  0 0 1,0 0 1,
  0 0 1,0 0 1,
  0 0 1,0 0 1,
  0 0 1,0 0 1,
  0 0 1,0 0 1,
  0 0 1,0 0 1,
  0 0 1,0 0 1,
  0 0 1,0 0 1,
  0 0 1,0 0 1,
  0 0 1,0 0 1,
  0 0 1,0 0 1,
  0 0 1,0 0 1,
  0 0 1,0 0 1,
  0 0 1,0 0 1,
  0 0 1,0 0 1,
  0 0 1,0 0 1,
  0 0 1,0 0 1,
  0 0 1,0 0 1,
  0 0 1,0 0 1,
  0 0 1,0 0 1,
  0 0 1,0 0 1,
  0 0 1,0 0 1,
  0 0 1,0 0 1,
  0 0 1,0 0 1,
  0 0 1,0 0 1,
  0 0 1,0 0 1,
  0 0 1,0 0 1,
  0 0 1,0 0 1,
  0 0 1,0 0 1,
  0 0 1,0 0 1,
  0 0 1,0 0 1,
  0 0 1,0 0 1,
  0 0 1,0 0 1,
  0 0 1,0 0 1,
  0 0 1,0 0 1,
  0 0 1,0 0 1,
  0 0 1,0 0 1,
  0 0 1,0 0 1,
  0 0 1,0 0 1,
  0 0 1,0 0 1,
  0 0 1,0 0 1,
  0 0 1,0 0 1,
  0 0 1,0 0 1,
  0 0 1,0 0 1,
  0 0 1,0 0 1,
  0 0 1,0 0 1,
  0 0 1,0 0 1,
  0 0 1,0 0 1,
  0 0 1,0 0 1,
  0 0 1,0 0 1,
  0 0 1,0 0 1,
  0 0 1,0 0 1,
  0 0 1,0 0 1,
  0 0 1,0 0 1,
  0 0 1,0 0 1,
  0 0 1,0 0 1,
  0 0 1,0 0 1,
  0 0 1,0 0 1,
  0 0 1,0 0 1,
  0 0 1,0 0 1,
  0 0 1,0 0 1,
  0 0 1,0 0 1,
  0 0 1,0 0 1,
  0 0 1,0 0 1,
  0 0 1,0 0 1,
  0 0 1,0 0 1,
  0 0 1,0 0 1,
  0 0 1,0 0 1,
  0 0 1,0 0 1,
  0 0 1,0 0 1,
  0 0 1,0 0 1,
  0 0 1,0 0 1,
  0 0 1,0 0 1,
  0 0 1,0 0 1,
  0 0 1,0 0 1,
  0 0 1,0 0 1,
  0 0 1,0 0 1,
  0 0 1,0 0 1,
  0 0 1,0 0 1,
  0 0 1,0 0 1,
  0 0 1,0 0 1,
  0 0 1,0 0 1,
  0 0 1,0 0 1,
  0 0 1,0 0 1,
  0 0 1,0 0 1,
  0 0 1,0 0 1,
  0 0 1,0 0 1,
  0 0 1,0 0 1,
  0 0 1,0 0 1,
  0 0 1,0 0 1,
  0 0 1,0 0 1,
  0 0 1,0 0 1,
  0 0 1,0 0 1,
  0 0 1,0 0 1,
  0 0 1,0 0 1,
  0 0 1,0 0 1,
  0 0 1,0 0 1,
  0 0 1,0 0 1,
  0 0 1,0 0 1,
  0 0 1,0 0 1,
  0 0 1,0 0 1,
  0 0 1,0 0 1,
  0 0 1,0 0 1,
  0 0 1,0 0 1,
  0 0 1,0 0 1,
  0 0 1,0 0 1,
  0 0 1,0 0 1,
  0 0 1,0 0 1,
  0 0 1,0 0 1,
  0 0 1,0 0 1,
  0 0 1,0 0 1,
  0 0 1,0 0 1,
  0 0 1,0 0 1,
  0 0 1,0 0 1,
  0 0 1,0 0 1,
  0 0 1,0 0 1] }
}
}
] }
DEF TXFM_8 Transform {
  center 0 0 0
  rotation 0 0 1 0
  scale 1 1 1
  scaleOrientation 0 0 1 0
  translation 0 0 0
 children [
DEF SHAPE_73 Shape {
 appearance DEF APP_4 Appearance {
  material Material {
   ambientIntensity 1
   diffuseColor 0.078431375 0.2 0.14117648
   emissiveColor 0 0 0
   shininess 0.30000001
   specularColor 0.35490197 0.44 0.39882353
   transparency 0.17
} }
 geometry DEF FACE_73 IndexedFaceSet {
  coord DEF COORD_73 Coordinate { point [
  55.511811 -28.937008 0.31988189,55.511811 -32.007874 0.31988189,
  55.511811 -35 0.31988189,55.511811 -37.047244 0.31988189,
  55.511811 -39.094488 0.31988189,55.511811 -43.149606 0.31988189,
  55.511811 -48.378863 0.31988189,55.511811 -51.968504 0.31988189,
  62.598425 -51.968504 0.31988189,62.598425 -28.937008 0.31988189,
  57.893701 -39.645669 0.31988189,57.893701 -39.094488 0.31988189,
  57.896838 -39.067447 0.31988189,57.91437 -39.02774 0.31988189,
  57.945063 -38.997048 0.31988189,57.98477 -38.979515 0.31988189,
  58.011811 -38.976378 0.31988189,60.137795 -38.976378 0.31988189,
  60.164837 -38.979515 0.31988189,60.204544 -38.997048 0.31988189,
  60.235236 -39.02774 0.31988189,60.252768 -39.067447 0.31988189,
  60.255906 -39.094488 0.31988189,60.255906 -39.645669 0.31988189,
  60.252768 -39.672711 0.31988189,60.235236 -39.712418 0.31988189,
  60.204544 -39.74311 0.31988189,60.164837 -39.760642 0.31988189,
  60.137795 -39.76378 0.31988189,58.011811 -39.76378 0.31988189,
  57.98477 -39.760642 0.31988189,57.945063 -39.74311 0.31988189,
  57.91437 -39.712418 0.31988189,57.896838 -39.672711 0.31988189,
  57.874016 -43.031496 0.31988189,57.901057 -43.034633 0.31988189,
  57.940764 -43.052166 0.31988189,57.971456 -43.082858 0.31988189,
  57.988989 -43.122565 0.31988189,57.992126 -43.149606 0.31988189,
  57.992126 -45.275591 0.31988189,57.988989 -45.302632 0.31988189,
  57.971456 -45.342339 0.31988189,57.940764 -45.373031 0.31988189,
  57.901057 -45.390563 0.31988189,57.874016 -45.393701 0.31988189,
  57.322835 -45.393701 0.31988189,57.295793 -45.390563 0.31988189,
  57.256086 -45.373031 0.31988189,57.225394 -45.342339 0.31988189,
  57.207862 -45.302632 0.31988189,57.204724 -45.275591 0.31988189,
  57.204724 -43.149606 0.31988189,57.207862 -43.122565 0.31988189,
  57.225394 -43.082858 0.31988189,57.256086 -43.052166 0.31988189,
  57.295793 -43.034633 0.31988189,57.322835 -43.031496 0.31988189,
  57.677165 -32.007874 0.31988189,57.677165 -32.433981 0.31988189,
  57.677165 -32.952756 0.31988189,57.674028 -32.979797 0.31988189,
  57.656496 -33.019504 0.31988189,57.625804 -33.050196 0.31988189,
  57.586096 -33.067729 0.31988189,57.559055 -33.070866 0.31988189,
  56.614173 -33.070866 0.31988189,56.587132 -33.067729 0.31988189,
  56.547425 -33.050196 0.31988189,56.516733 -33.019504 0.31988189,
  56.4992 -32.979797 0.31988189,56.496063 -32.952756 0.31988189,
  56.496063 -32.007874 0.31988189,56.4992 -31.980833 0.31988189,
  56.516733 -31.941126 0.31988189,56.547425 -31.910433 0.31988189,
  56.587132 -31.892901 0.31988189,56.614173 -31.889764 0.31988189,
  57.559055 -31.889764 0.31988189,57.586096 -31.892901 0.31988189,
  57.625804 -31.910433 0.31988189,57.656496 -31.941126 0.31988189,
  57.674028 -31.980833 0.31988189,60.255906 -37.598425 0.31988189,
  60.252768 -37.625467 0.31988189,60.235236 -37.665174 0.31988189,
  60.204544 -37.695866 0.31988189,60.164837 -37.713398 0.31988189,
  60.137795 -37.716535 0.31988189,58.011811 -37.716535 0.31988189,
  57.98477 -37.713398 0.31988189,57.945063 -37.695866 0.31988189,
  57.91437 -37.665174 0.31988189,57.896838 -37.625467 0.31988189,
  57.893701 -37.598425 0.31988189,57.893701 -37.047244 0.31988189,
  57.896838 -37.020203 0.31988189,57.91437 -36.980496 0.31988189,
  57.945063 -36.949804 0.31988189,57.98477 -36.932271 0.31988189,
  58.011811 -36.929134 0.31988189,60.137795 -36.929134 0.31988189,
  60.164837 -36.932271 0.31988189,60.204544 -36.949804 0.31988189,
  60.235236 -36.980496 0.31988189,60.252768 -37.020203 0.31988189,
  60.255906 -37.047244 0.31988189,60.137795 -34.88189 0.31988189,
  60.164837 -34.885027 0.31988189,60.204544 -34.902559 0.31988189,
  60.235236 -34.933252 0.31988189,60.252768 -34.972959 0.31988189,
  60.255906 -35 0.31988189,60.255906 -35.551181 0.31988189,
  60.252768 -35.578222 0.31988189,60.235236 -35.61793 0.31988189,
  60.204544 -35.648622 0.31988189,60.164837 -35.666154 0.31988189,
  60.137795 -35.669291 0.31988189,58.011811 -35.669291 0.31988189,
  57.98477 -35.666154 0.31988189,57.945063 -35.648622 0.31988189,
  57.91437 -35.61793 0.31988189,57.896838 -35.578222 0.31988189,
  57.893701 -35.551181 0.31988189,57.893701 -35 0.31988189,
  57.896838 -34.972959 0.31988189,57.91437 -34.933252 0.31988189,
  57.945063 -34.902559 0.31988189,57.98477 -34.885027 0.31988189,
  58.011811 -34.88189 0.31988189,59.643849 -32.433981 0.31988189,
  59.643849 -32.526649 0.31988189,59.629352 -32.618176 0.31988189,
  59.600716 -32.706309 0.31988189,59.558646 -32.788877 0.31988189,
  59.504177 -32.863847 0.31988189,59.43865 -32.929374 0.31988189,
  59.36368 -32.983843 0.31988189,59.281112 -33.025913 0.31988189,
  59.19298 -33.054549 0.31988189,59.101452 -33.069046 0.31988189,
  59.008784 -33.069046 0.31988189,58.917257 -33.054549 0.31988189,
  58.829124 -33.025913 0.31988189,58.746556 -32.983843 0.31988189,
  58.671586 -32.929374 0.31988189,58.606059 -32.863847 0.31988189,
  58.551591 -32.788877 0.31988189,58.50952 -32.706309 0.31988189,
  58.480884 -32.618176 0.31988189,58.466387 -32.526649 0.31988189,
  58.466387 -32.433981 0.31988189,58.480884 -32.342454 0.31988189,
  58.50952 -32.254321 0.31988189,58.551591 -32.171753 0.31988189,
  58.606059 -32.096783 0.31988189,58.671586 -32.031256 0.31988189,
  58.746556 -31.976787 0.31988189,58.829124 -31.934717 0.31988189,
  58.917257 -31.906081 0.31988189,59.008784 -31.891584 0.31988189,
  59.101452 -31.891584 0.31988189,59.19298 -31.906081 0.31988189,
  59.281112 -31.934717 0.31988189,59.36368 -31.976787 0.31988189,
  59.43865 -32.031256 0.31988189,59.504177 -32.096783 0.31988189,
  59.558646 -32.171753 0.31988189,59.600716 -32.254321 0.31988189,
  59.629352 -32.342454 0.31988189,58.659597 -48.378863 0.31988189,
  58.659597 -48.471531 0.31988189,58.6451 -48.563058 0.31988189,
  58.616464 -48.651191 0.31988189,58.574394 -48.733759 0.31988189,
  58.519925 -48.808729 0.31988189,58.454398 -48.874256 0.31988189,
  58.379428 -48.928724 0.31988189,58.29686 -48.970795 0.31988189,
  58.208728 -48.999431 0.31988189,58.1172 -49.013928 0.31988189,
  58.024532 -49.013928 0.31988189,57.933005 -48.999431 0.31988189,
  57.844872 -48.970795 0.31988189,57.762304 -48.928724 0.31988189,
  57.687334 -48.874256 0.31988189,57.621807 -48.808729 0.31988189,
  57.567339 -48.733759 0.31988189,57.525268 -48.651191 0.31988189,
  57.496632 -48.563058 0.31988189,57.482135 -48.471531 0.31988189,
  57.482135 -48.378863 0.31988189,57.496632 -48.287335 0.31988189,
  57.525268 -48.199203 0.31988189,57.567339 -48.116635 0.31988189,
  57.621807 -48.041665 0.31988189,57.687334 -47.976138 0.31988189,
  57.762304 -47.921669 0.31988189,57.844872 -47.879599 0.31988189,
  57.933005 -47.850963 0.31988189,58.024532 -47.836466 0.31988189,
  58.1172 -47.836466 0.31988189,58.208728 -47.850963 0.31988189,
  58.29686 -47.879599 0.31988189,58.379428 -47.921669 0.31988189,
  58.422215 -47.952756 0.31988189,58.454398 -47.976138 0.31988189,
  58.519925 -48.041665 0.31988189,58.574394 -48.116635 0.31988189,
  58.616464 -48.199203 0.31988189,58.6451 -48.287335 0.31988189,
  60.629921 -47.952756 0.31988189,60.629921 -48.897638 0.31988189,
  60.626784 -48.924679 0.31988189,60.609252 -48.964386 0.31988189,
  60.578559 -48.995078 0.31988189,60.538852 -49.012611 0.31988189,
  60.511811 -49.015748 0.31988189,59.566929 -49.015748 0.31988189,
  59.539888 -49.012611 0.31988189,59.500181 -48.995078 0.31988189,
  59.469489 -48.964386 0.31988189,59.451956 -48.924679 0.31988189,
  59.448819 -48.897638 0.31988189,59.448819 -47.952756 0.31988189,
  59.451956 -47.925715 0.31988189,59.469489 -47.886007 0.31988189,
  59.500181 -47.855315 0.31988189,59.539888 -47.837783 0.31988189,
  59.566929 -47.834646 0.31988189,60.511811 -47.834646 0.31988189,
  60.538852 -47.837783 0.31988189,60.578559 -47.855315 0.31988189,
  60.609252 -47.886007 0.31988189,60.626784 -47.925715 0.31988189,
  60.434891 -32.526649 0.31988189,60.434891 -32.433981 0.31988189,
  60.449388 -32.342454 0.31988189,60.478024 -32.254321 0.31988189,
  60.520094 -32.171753 0.31988189,60.574563 -32.096783 0.31988189,
  60.64009 -32.031256 0.31988189,60.71506 -31.976787 0.31988189,
  60.797628 -31.934717 0.31988189,60.885761 -31.906081 0.31988189,
  60.977288 -31.891584 0.31988189,61.069956 -31.891584 0.31988189,
  61.161483 -31.906081 0.31988189,61.249616 -31.934717 0.31988189,
  61.332184 -31.976787 0.31988189,61.407154 -32.031256 0.31988189,
  61.472681 -32.096783 0.31988189,61.52715 -32.171753 0.31988189,
  61.56922 -32.254321 0.31988189,61.597856 -32.342454 0.31988189,
  61.612353 -32.433981 0.31988189,61.612353 -32.526649 0.31988189,
  61.597856 -32.618176 0.31988189,61.56922 -32.706309 0.31988189,
  61.52715 -32.788877 0.31988189,61.472681 -32.863847 0.31988189,
  61.407154 -32.929374 0.31988189,61.332184 -32.983843 0.31988189,
  61.249616 -33.025913 0.31988189,61.161483 -33.054549 0.31988189,
  61.069956 -33.069046 0.31988189,60.977288 -33.069046 0.31988189,
  60.885761 -33.054549 0.31988189,60.797628 -33.025913 0.31988189,
  60.71506 -32.983843 0.31988189,60.64009 -32.929374 0.31988189,
  60.574563 -32.863847 0.31988189,60.520094 -32.788877 0.31988189,
  60.478024 -32.706309 0.31988189,60.449388 -32.618176 0.31988189,
  60.275591 -43.031496 0.31988189,60.826772 -43.031496 0.31988189,
  60.853813 -43.034633 0.31988189,60.89352 -43.052166 0.31988189,
  60.924212 -43.082858 0.31988189,60.941744 -43.122565 0.31988189,
  60.944882 -43.149606 0.31988189,60.944882 -45.275591 0.31988189,
  60.941744 -45.302632 0.31988189,60.924212 -45.342339 0.31988189,
  60.89352 -45.373031 0.31988189,60.853813 -45.390563 0.31988189,
  60.826772 -45.393701 0.31988189,60.275591 -45.393701 0.31988189,
  60.248549 -45.390563 0.31988189,60.208842 -45.373031 0.31988189,
  60.17815 -45.342339 0.31988189,60.160618 -45.302632 0.31988189,
  60.15748 -45.275591 0.31988189,60.15748 -43.149606 0.31988189,
  60.160618 -43.122565 0.31988189,60.17815 -43.082858 0.31988189,
  60.208842 -43.052166 0.31988189,60.248549 -43.034633 0.31988189] }
 coordIndex [
  40,201,39,-1,39,201,29,-1,39,29,38,-1,38,29,30,-1,38,30,37,-1,37,30,31,-1,37,31,36,-1,36,31,32,-1,
  36,32,35,-1,35,32,33,-1,35,33,10,-1,113,106,276,-1,276,106,83,-1,276,83,22,-1,22,83,84,-1,22,84,21,-1,
  21,84,85,-1,21,85,20,-1,20,85,86,-1,20,86,19,-1,19,86,87,-1,19,87,18,-1,18,87,88,-1,18,88,17,-1,
  17,88,89,-1,17,89,16,-1,16,89,90,-1,16,90,15,-1,15,90,91,-1,15,91,14,-1,14,91,92,-1,14,92,13,-1,
  13,92,93,-1,13,93,12,-1,12,93,94,-1,12,94,11,-1,11,94,125,-1,11,125,10,-1,10,125,34,-1,10,34,35,-1,
  107,108,237,-1,107,237,131,-1,107,131,132,-1,107,132,133,-1,107,133,134,-1,107,134,135,-1,107,135,136,-1,107,136,137,-1,
  107,137,138,-1,107,138,139,-1,107,139,140,-1,107,140,141,-1,107,141,142,-1,107,142,143,-1,107,143,144,-1,107,144,145,-1,
  107,145,146,-1,107,146,147,-1,107,147,130,-1,130,147,148,-1,130,148,149,-1,130,149,150,-1,130,150,151,-1,130,151,152,-1,
  130,152,153,-1,130,153,129,-1,58,59,34,-1,58,34,125,-1,58,125,126,-1,58,126,153,-1,58,153,154,-1,58,154,155,-1,
  58,155,156,-1,58,156,157,-1,58,157,9,-1,58,9,82,-1,34,59,60,-1,34,60,61,-1,34,61,62,-1,34,62,63,-1,
  34,63,64,-1,34,64,65,-1,34,65,57,-1,65,66,52,-1,65,52,53,-1,65,53,54,-1,65,54,55,-1,65,55,56,-1,
  65,56,57,-1,51,52,66,-1,51,66,67,-1,51,67,68,-1,51,68,69,-1,51,69,70,-1,51,70,71,-1,51,71,0,-1,
  51,0,191,-1,51,191,50,-1,125,95,124,-1,124,95,96,-1,124,96,123,-1,123,96,97,-1,123,97,122,-1,122,97,98,-1,
  122,98,121,-1,121,98,99,-1,121,99,120,-1,120,99,100,-1,120,100,119,-1,119,100,101,-1,119,101,118,-1,118,101,102,-1,
  118,102,117,-1,117,102,103,-1,117,103,116,-1,116,103,104,-1,116,104,115,-1,115,104,105,-1,115,105,114,-1,114,105,106,-1,
  114,106,113,-1,288,289,231,-1,288,231,232,-1,288,232,233,-1,288,233,234,-1,288,234,235,-1,288,235,212,-1,288,212,8,-1,
  288,8,287,-1,231,289,290,-1,231,290,291,-1,231,291,292,-1,231,292,293,-1,231,293,230,-1,296,27,295,-1,295,27,28,-1,
  295,28,294,-1,294,28,230,-1,294,230,293,-1,28,29,201,-1,28,201,202,-1,28,202,203,-1,28,203,204,-1,28,204,205,-1,
  28,205,206,-1,28,206,207,-1,28,207,208,-1,28,208,209,-1,28,209,210,-1,28,210,211,-1,28,211,171,-1,28,171,225,-1,
  28,225,226,-1,28,226,227,-1,28,227,228,-1,28,228,229,-1,28,229,230,-1,171,172,8,-1,171,8,221,-1,171,221,222,-1,
  171,222,223,-1,171,223,224,-1,171,224,225,-1,201,40,41,-1,201,41,42,-1,201,42,43,-1,201,43,200,-1,198,199,45,-1,
  45,199,200,-1,45,200,44,-1,44,200,43,-1,45,46,192,-1,45,192,193,-1,45,193,194,-1,45,194,195,-1,45,195,196,-1,
  45,196,197,-1,45,197,198,-1,191,192,46,-1,191,46,47,-1,191,47,48,-1,191,48,49,-1,191,49,50,-1,267,268,279,-1,
  267,279,280,-1,267,280,281,-1,267,281,282,-1,267,282,8,-1,267,8,266,-1,268,269,277,-1,268,277,278,-1,268,278,279,-1,
  277,269,270,-1,277,270,271,-1,277,271,272,-1,277,272,273,-1,277,273,274,-1,277,274,275,-1,277,275,236,-1,277,236,276,-1,
  9,157,158,-1,9,158,159,-1,9,159,160,-1,9,160,161,-1,9,161,162,-1,9,162,163,-1,9,163,164,-1,9,164,165,-1,
  9,165,166,-1,9,166,167,-1,9,167,168,-1,9,168,169,-1,9,169,170,-1,9,170,131,-1,9,131,240,-1,9,240,241,-1,
  9,241,242,-1,9,242,243,-1,9,243,244,-1,9,244,245,-1,9,245,246,-1,9,246,247,-1,9,247,248,-1,9,248,249,-1,
  9,249,250,-1,9,250,251,-1,9,251,252,-1,9,252,253,-1,9,253,254,-1,9,254,255,-1,9,255,256,-1,9,256,8,-1,
  237,108,109,-1,237,109,110,-1,237,110,111,-1,237,111,112,-1,237,112,276,-1,237,276,236,-1,131,237,238,-1,131,238,239,-1,
  131,239,240,-1,153,126,127,-1,153,127,128,-1,153,128,129,-1,9,0,75,-1,9,75,76,-1,9,76,77,-1,9,77,78,-1,
  9,78,79,-1,9,79,80,-1,9,80,81,-1,9,81,82,-1,0,71,72,-1,0,72,73,-1,0,73,74,-1,0,74,75,-1,
  8,256,257,-1,8,257,258,-1,8,258,259,-1,8,259,260,-1,8,260,261,-1,8,261,262,-1,8,262,263,-1,8,263,264,-1,
  8,264,265,-1,8,265,266,-1,8,282,283,-1,8,283,284,-1,8,284,285,-1,8,285,286,-1,8,286,287,-1,8,212,213,-1,
  8,213,214,-1,8,214,215,-1,8,215,216,-1,8,216,217,-1,8,217,218,-1,8,218,219,-1,8,219,220,-1,8,220,221,-1,
  8,172,173,-1,8,173,174,-1,8,174,175,-1,8,175,176,-1,8,176,177,-1,8,177,178,-1,8,178,179,-1,8,179,180,-1,
  8,180,181,-1,8,181,182,-1,8,182,183,-1,8,183,184,-1,8,184,185,-1,8,185,6,-1,8,6,7,-1,191,0,1,-1,
  191,1,2,-1,191,2,3,-1,191,3,190,-1,187,188,6,-1,6,188,189,-1,6,189,5,-1,5,189,190,-1,5,190,4,-1,
  4,190,3,-1,6,185,186,-1,6,186,187,-1,22,23,276,-1,276,23,24,-1,276,24,299,-1,299,24,25,-1,299,25,298,-1,
  298,25,26,-1,298,26,297,-1,297,26,27,-1,297,27,296,-1,113,276,112,-1,125,94,95,-1]
  normalPerVertex TRUE
  normal DEF NORM_73 Normal { vector [
  0 0 1,0 0 1,
  0 0 1,0 0 1,
  0 0 1,0 0 1,
  0 0 1,0 0 1,
  0 0 1,0 0 1,
  0 0 1,0 0 1,
  0 0 1,0 0 1,
  0 0 1,0 0 1,
  0 0 1,0 0 1,
  0 0 1,0 0 1,
  0 0 1,0 0 1,
  0 0 1,0 0 1,
  0 0 1,0 0 1,
  0 0 1,0 0 1,
  0 0 1,0 0 1,
  0 0 1,0 0 1,
  0 0 1,0 0 1,
  0 0 1,0 0 1,
  0 0 1,0 0 1,
  0 0 1,0 0 1,
  0 0 1,0 0 1,
  0 0 1,0 0 1,
  0 0 1,0 0 1,
  0 0 1,0 0 1,
  0 0 1,0 0 1,
  0 0 1,0 0 1,
  0 0 1,0 0 1,
  0 0 1,0 0 1,
  0 0 1,0 0 1,
  0 0 1,0 0 1,
  0 0 1,0 0 1,
  0 0 1,0 0 1,
  0 0 1,0 0 1,
  0 0 1,0 0 1,
  0 0 1,0 0 1,
  0 0 1,0 0 1,
  0 0 1,0 0 1,
  0 0 1,0 0 1,
  0 0 1,0 0 1,
  0 0 1,0 0 1,
  0 0 1,0 0 1,
  0 0 1,0 0 1,
  0 0 1,0 0 1,
  0 0 1,0 0 1,
  0 0 1,0 0 1,
  0 0 1,0 0 1,
  0 0 1,0 0 1,
  0 0 1,0 0 1,
  0 0 1,0 0 1,
  0 0 1,0 0 1,
  0 0 1,0 0 1,
  0 0 1,0 0 1,
  0 0 1,0 0 1,
  0 0 1,0 0 1,
  0 0 1,0 0 1,
  0 0 1,0 0 1,
  0 0 1,0 0 1,
  0 0 1,0 0 1,
  0 0 1,0 0 1,
  0 0 1,0 0 1,
  0 0 1,0 0 1,
  0 0 1,0 0 1,
  0 0 1,0 0 1,
  0 0 1,0 0 1,
  0 0 1,0 0 1,
  0 0 1,0 0 1,
  0 0 1,0 0 1,
  0 0 1,0 0 1,
  0 0 1,0 0 1,
  0 0 1,0 0 1,
  0 0 1,0 0 1,
  0 0 1,0 0 1,
  0 0 1,0 0 1,
  0 0 1,0 0 1,
  0 0 1,0 0 1,
  0 0 1,0 0 1,
  0 0 1,0 0 1,
  0 0 1,0 0 1,
  0 0 1,0 0 1,
  0 0 1,0 0 1,
  0 0 1,0 0 1,
  0 0 1,0 0 1,
  0 0 1,0 0 1,
  0 0 1,0 0 1,
  0 0 1,0 0 1,
  0 0 1,0 0 1,
  0 0 1,0 0 1,
  0 0 1,0 0 1,
  0 0 1,0 0 1,
  0 0 1,0 0 1,
  0 0 1,0 0 1,
  0 0 1,0 0 1,
  0 0 1,0 0 1,
  0 0 1,0 0 1,
  0 0 1,0 0 1,
  0 0 1,0 0 1,
  0 0 1,0 0 1,
  0 0 1,0 0 1,
  0 0 1,0 0 1,
  0 0 1,0 0 1,
  0 0 1,0 0 1,
  0 0 1,0 0 1,
  0 0 1,0 0 1,
  0 0 1,0 0 1,
  0 0 1,0 0 1,
  0 0 1,0 0 1,
  0 0 1,0 0 1,
  0 0 1,0 0 1,
  0 0 1,0 0 1,
  0 0 1,0 0 1,
  0 0 1,0 0 1,
  0 0 1,0 0 1,
  0 0 1,0 0 1,
  0 0 1,0 0 1,
  0 0 1,0 0 1,
  0 0 1,0 0 1,
  0 0 1,0 0 1,
  0 0 1,0 0 1,
  0 0 1,0 0 1,
  0 0 1,0 0 1,
  0 0 1,0 0 1,
  0 0 1,0 0 1,
  0 0 1,0 0 1,
  0 0 1,0 0 1,
  0 0 1,0 0 1,
  0 0 1,0 0 1,
  0 0 1,0 0 1,
  0 0 1,0 0 1,
  0 0 1,0 0 1,
  0 0 1,0 0 1,
  0 0 1,0 0 1,
  0 0 1,0 0 1,
  0 0 1,0 0 1,
  0 0 1,0 0 1,
  0 0 1,0 0 1,
  0 0 1,0 0 1,
  0 0 1,0 0 1,
  0 0 1,0 0 1,
  0 0 1,0 0 1,
  0 0 1,0 0 1,
  0 0 1,0 0 1,
  0 0 1,0 0 1,
  0 0 1,0 0 1,
  0 0 1,0 0 1,
  0 0 1,0 0 1,
  0 0 1,0 0 1,
  0 0 1,0 0 1,
  0 0 1,0 0 1,
  0 0 1,0 0 1,
  0 0 1,0 0 1] }
}
}
] }
DEF TXFM_9 Transform {
  center 0 0 0
  rotation 0 0 1 0
  scale 1 1 1
  scaleOrientation 0 0 1 0
  translation 0 0 0
 children [
DEF SHAPE_74 Shape {
 appearance USE APP_3
 geometry DEF FACE_74 IndexedFaceSet {
  coord DEF COORD_74 Coordinate { point [
  58.746556 -31.976787 -0.31496063,58.671586 -32.031256 -0.31496063,
  58.606059 -32.096783 -0.31496063,58.551591 -32.171753 -0.31496063,
  58.50952 -32.254321 -0.31496063,58.480884 -32.342454 -0.31496063,
  58.466387 -32.433981 -0.31496063,58.466387 -32.526649 -0.31496063,
  58.480884 -32.618176 -0.31496063,58.50952 -32.706309 -0.31496063,
  58.551591 -32.788877 -0.31496063,58.606059 -32.863847 -0.31496063,
  58.661417 -32.919205 -0.31496063,58.661417 -34.88189 -0.31496063,
  58.011811 -34.88189 -0.31496063,57.98477 -34.885027 -0.31496063,
  57.945063 -34.902559 -0.31496063,57.91437 -34.933252 -0.31496063,
  57.896838 -34.972959 -0.31496063,57.893701 -35 -0.31496063,
  57.893701 -35.551181 -0.31496063,57.896838 -35.578222 -0.31496063,
  57.91437 -35.61793 -0.31496063,57.945063 -35.648622 -0.31496063,
  57.98477 -35.666154 -0.31496063,58.011811 -35.669291 -0.31496063,
  60.137795 -35.669291 -0.31496063,60.164837 -35.666154 -0.31496063,
  60.204544 -35.648622 -0.31496063,60.235236 -35.61793 -0.31496063,
  60.252768 -35.578222 -0.31496063,60.255906 -35.551181 -0.31496063,
  60.255906 -35 -0.31496063,60.252768 -34.972959 -0.31496063,
  60.235236 -34.933252 -0.31496063,60.204544 -34.902559 -0.31496063,
  60.164837 -34.885027 -0.31496063,60.137795 -34.88189 -0.31496063,
  59.448819 -34.88189 -0.31496063,59.448819 -32.919205 -0.31496063,
  59.504177 -32.863847 -0.31496063,59.558646 -32.788877 -0.31496063,
  59.600716 -32.706309 -0.31496063,59.629352 -32.618176 -0.31496063,
  59.643849 -32.526649 -0.31496063,59.643849 -32.433981 -0.31496063,
  59.629352 -32.342454 -0.31496063,59.600716 -32.254321 -0.31496063,
  59.558646 -32.171753 -0.31496063,59.504177 -32.096783 -0.31496063,
  59.43865 -32.031256 -0.31496063,59.36368 -31.976787 -0.31496063,
  59.281112 -31.934717 -0.31496063,59.19298 -31.906081 -0.31496063,
  59.101452 -31.891584 -0.31496063,59.008784 -31.891584 -0.31496063,
  58.917257 -31.906081 -0.31496063,58.829124 -31.934717 -0.31496063,
  58.797244 -32.480315 -0.31496063,58.816874 -32.381631 -0.31496063,
  58.872774 -32.29797 -0.31496063,58.956434 -32.24207 -0.31496063,
  59.055118 -32.222441 -0.31496063,59.153802 -32.24207 -0.31496063,
  59.237463 -32.29797 -0.31496063,59.293363 -32.381631 -0.31496063,
  59.312992 -32.480315 -0.31496063,59.293363 -32.578999 -0.31496063,
  59.237463 -32.662659 -0.31496063,59.153802 -32.718559 -0.31496063,
  59.055118 -32.738189 -0.31496063,58.956434 -32.718559 -0.31496063,
  58.872774 -32.662659 -0.31496063,58.816874 -32.578999 -0.31496063,
  60.097301 -35.251492 -0.31496063,60.097301 -35.299689 -0.31496063,
  60.080817 -35.34498 -0.31496063,60.049836 -35.381902 -0.31496063,
  60.008095 -35.406001 -0.31496063,59.96063 -35.41437 -0.31496063,
  58.188976 -35.41437 -0.31496063,58.141511 -35.406001 -0.31496063,
  58.099771 -35.381902 -0.31496063,58.06879 -35.34498 -0.31496063,
  58.052305 -35.299689 -0.31496063,58.052305 -35.251492 -0.31496063,
  58.06879 -35.206201 -0.31496063,58.099771 -35.169279 -0.31496063,
  58.141511 -35.14518 -0.31496063,58.188976 -35.136811 -0.31496063,
  59.96063 -35.136811 -0.31496063,60.008095 -35.14518 -0.31496063,
  60.049836 -35.169279 -0.31496063,60.080817 -35.206201 -0.31496063,
  57.559055 -33.070866 -0.31496063,57.586096 -33.067729 -0.31496063,
  57.625804 -33.050196 -0.31496063,57.656496 -33.019504 -0.31496063,
  57.674028 -32.979797 -0.31496063,57.677165 -32.952756 -0.31496063,
  57.677165 -32.007874 -0.31496063,57.674028 -31.980833 -0.31496063,
  57.656496 -31.941126 -0.31496063,57.625804 -31.910433 -0.31496063,
  57.586096 -31.892901 -0.31496063,57.559055 -31.889764 -0.31496063,
  56.614173 -31.889764 -0.31496063,56.587132 -31.892901 -0.31496063,
  56.547425 -31.910433 -0.31496063,56.516733 -31.941126 -0.31496063,
  56.4992 -31.980833 -0.31496063,56.496063 -32.007874 -0.31496063,
  56.496063 -32.514089 -0.31496063,56.217674 -32.792478 -0.31496063,
  56.191728 -32.821105 -0.31496063,56.163169 -32.863847 -0.31496063,
  56.14885 -32.885277 -0.31496063,56.119315 -32.956581 -0.31496063,
  56.104258 -33.032277 -0.31496063,56.102362 -33.070866 -0.31496063,
  56.102362 -37.007874 -0.31496063,56.104258 -37.046463 -0.31496063,
  56.119315 -37.122159 -0.31496063,56.14885 -37.193463 -0.31496063,
  56.15893 -37.20855 -0.31496063,56.191728 -37.257635 -0.31496063,
  56.217674 -37.286263 -0.31496063,56.532635 -37.601223 -0.31496063,
  56.561263 -37.62717 -0.31496063,56.599731 -37.652873 -0.31496063,
  56.625434 -37.670048 -0.31496063,56.696738 -37.699583 -0.31496063,
  56.772434 -37.71464 -0.31496063,56.811024 -37.716535 -0.31496063,
  58.011811 -37.716535 -0.31496063,60.137795 -37.716535 -0.31496063,
  60.164837 -37.713398 -0.31496063,60.204544 -37.695866 -0.31496063,
  60.235236 -37.665174 -0.31496063,60.252768 -37.625467 -0.31496063,
  60.255906 -37.598425 -0.31496063,60.255906 -37.047244 -0.31496063,
  60.252768 -37.020203 -0.31496063,60.235236 -36.980496 -0.31496063,
  60.204544 -36.949804 -0.31496063,60.164837 -36.932271 -0.31496063,
  60.137795 -36.929134 -0.31496063,59.074803 -36.929134 -0.31496063,
  56.9741 -36.929134 -0.31496063,56.889764 -36.844798 -0.31496063,
  56.889764 -33.233943 -0.31496063,57.05284 -33.070866 -0.31496063,
  57.344488 -32.480315 -0.31496063,57.324859 -32.578999 -0.31496063,
  57.268959 -32.662659 -0.31496063,57.185298 -32.718559 -0.31496063,
  57.086614 -32.738189 -0.31496063,56.98793 -32.718559 -0.31496063,
  56.90427 -32.662659 -0.31496063,56.84837 -32.578999 -0.31496063,
  56.82874 -32.480315 -0.31496063,56.84837 -32.381631 -0.31496063,
  56.90427 -32.29797 -0.31496063,56.98793 -32.24207 -0.31496063,
  57.086614 -32.222441 -0.31496063,57.185298 -32.24207 -0.31496063,
  57.268959 -32.29797 -0.31496063,57.324859 -32.381631 -0.31496063,
  60.097301 -37.298736 -0.31496063,60.097301 -37.346933 -0.31496063,
  60.080817 -37.392224 -0.31496063,60.049836 -37.429146 -0.31496063,
  60.008095 -37.453245 -0.31496063,59.96063 -37.461614 -0.31496063,
  58.188976 -37.461614 -0.31496063,58.141511 -37.453245 -0.31496063,
  58.099771 -37.429146 -0.31496063,58.06879 -37.392224 -0.31496063,
  58.052305 -37.346933 -0.31496063,58.052305 -37.298736 -0.31496063,
  58.06879 -37.253445 -0.31496063,58.099771 -37.216523 -0.31496063,
  58.141511 -37.192425 -0.31496063,58.188976 -37.184055 -0.31496063,
  59.96063 -37.184055 -0.31496063,60.008095 -37.192425 -0.31496063,
  60.049836 -37.216523 -0.31496063,60.080817 -37.253445 -0.31496063,
  60.690376 -48.05258 -0.31496063,60.70735 -48.033224 -0.31496063,
  60.707353 -48.033221 -0.31496063,60.733047 -47.988717 -0.31496063,
  60.736418 -47.976138 -0.31496063,60.746348 -47.93908 -0.31496063,
  60.746348 -47.939074 -0.31496063,60.748031 -47.913386 -0.31496063,
  60.748031 -45.393701 -0.31496063,60.826772 -45.393701 -0.31496063,
  60.853813 -45.390563 -0.31496063,60.89352 -45.373031 -0.31496063,
  60.924212 -45.342339 -0.31496063,60.941744 -45.302632 -0.31496063,
  60.944882 -45.275591 -0.31496063,60.944882 -43.149606 -0.31496063,
  60.941744 -43.122565 -0.31496063,60.924212 -43.082858 -0.31496063,
  60.89352 -43.052166 -0.31496063,60.853813 -43.034633 -0.31496063,
  60.826772 -43.031496 -0.31496063,60.275591 -43.031496 -0.31496063,
  60.248549 -43.034633 -0.31496063,60.208842 -43.052166 -0.31496063,
  60.17815 -43.082858 -0.31496063,60.160618 -43.122565 -0.31496063,
  60.15748 -43.149606 -0.31496063,60.15748 -45.275591 -0.31496063,
  60.160618 -45.302632 -0.31496063,60.17815 -45.342339 -0.31496063,
  60.208842 -45.373031 -0.31496063,60.248549 -45.390563 -0.31496063,
  60.275591 -45.393701 -0.31496063,60.354331 -45.393701 -0.31496063,
  60.354331 -47.831848 -0.31496063,60.351533 -47.834646 -0.31496063,
  59.566929 -47.834646 -0.31496063,59.539888 -47.837783 -0.31496063,
  59.500181 -47.855315 -0.31496063,59.469489 -47.886007 -0.31496063,
  59.451956 -47.925715 -0.31496063,59.448819 -47.952756 -0.31496063,
  59.448819 -48.897638 -0.31496063,59.451956 -48.924679 -0.31496063,
  59.469489 -48.964386 -0.31496063,59.500181 -48.995078 -0.31496063,
  59.539888 -49.012611 -0.31496063,59.566929 -49.015748 -0.31496063,
  60.511811 -49.015748 -0.31496063,60.538852 -49.012611 -0.31496063,
  60.578559 -48.995078 -0.31496063,60.609252 -48.964386 -0.31496063,
  60.626784 -48.924679 -0.31496063,60.629921 -48.897638 -0.31496063,
  60.629921 -48.113034 -0.31496063,60.689961 -43.326772 -0.31496063,
  60.689961 -45.098425 -0.31496063,60.681591 -45.145891 -0.31496063,
  60.657492 -45.187631 -0.31496063,60.620571 -45.218612 -0.31496063,
  60.57528 -45.235096 -0.31496063,60.527082 -45.235096 -0.31496063,
  60.481791 -45.218612 -0.31496063,60.44487 -45.187631 -0.31496063,
  60.420771 -45.145891 -0.31496063,60.412402 -45.098425 -0.31496063,
  60.412402 -43.326772 -0.31496063,60.420771 -43.279306 -0.31496063,
  60.44487 -43.237566 -0.31496063,60.481791 -43.206585 -0.31496063,
  60.527082 -43.1901 -0.31496063,60.57528 -43.1901 -0.31496063,
  60.620571 -43.206585 -0.31496063,60.657492 -43.237566 -0.31496063,
  60.681591 -43.279306 -0.31496063,59.781496 -48.425197 -0.31496063,
  59.801126 -48.326513 -0.31496063,59.857026 -48.242852 -0.31496063,
  59.940686 -48.186952 -0.31496063,60.03937 -48.167323 -0.31496063,
  60.138054 -48.186952 -0.31496063,60.221715 -48.242852 -0.31496063,
  60.277615 -48.326513 -0.31496063,60.297244 -48.425197 -0.31496063,
  60.277615 -48.523881 -0.31496063,60.221715 -48.607541 -0.31496063,
  60.138054 -48.663441 -0.31496063,60.03937 -48.683071 -0.31496063,
  59.940686 -48.663441 -0.31496063,59.857026 -48.607541 -0.31496063,
  59.801126 -48.523881 -0.31496063,57.762304 -48.928724 -0.31496063,
  57.844872 -48.970795 -0.31496063,57.933005 -48.999431 -0.31496063,
  58.024532 -49.013928 -0.31496063,58.1172 -49.013928 -0.31496063,
  58.208728 -48.999431 -0.31496063,58.29686 -48.970795 -0.31496063,
  58.379428 -48.928724 -0.31496063,58.454398 -48.874256 -0.31496063,
  58.519925 -48.808729 -0.31496063,58.574394 -48.733759 -0.31496063,
  58.616464 -48.651191 -0.31496063,58.6451 -48.563058 -0.31496063,
  58.659597 -48.471531 -0.31496063,58.659597 -48.378863 -0.31496063,
  58.6451 -48.287335 -0.31496063,58.616464 -48.199203 -0.31496063,
  58.574394 -48.116635 -0.31496063,58.519925 -48.041665 -0.31496063,
  58.454398 -47.976138 -0.31496063,58.379428 -47.921669 -0.31496063,
  58.29686 -47.879599 -0.31496063,58.208728 -47.850963 -0.31496063,
  58.1172 -47.836466 -0.31496063,58.024532 -47.836466 -0.31496063,
  57.933005 -47.850963 -0.31496063,57.844872 -47.879599 -0.31496063,
  57.817568 -47.893511 -0.31496063,57.795276 -47.871218 -0.31496063,
  57.795276 -45.393701 -0.31496063,57.874016 -45.393701 -0.31496063,
  57.901057 -45.390563 -0.31496063,57.940764 -45.373031 -0.31496063,
  57.971456 -45.342339 -0.31496063,57.988989 -45.302632 -0.31496063,
  57.992126 -45.275591 -0.31496063,57.992126 -43.149606 -0.31496063,
  57.988989 -43.122565 -0.31496063,57.971456 -43.082858 -0.31496063,
  57.940764 -43.052166 -0.31496063,57.901057 -43.034633 -0.31496063,
  57.874016 -43.031496 -0.31496063,57.322835 -43.031496 -0.31496063,
  57.295793 -43.034633 -0.31496063,57.256086 -43.052166 -0.31496063,
  57.225394 -43.082858 -0.31496063,57.207862 -43.122565 -0.31496063,
  57.204724 -43.149606 -0.31496063,57.204724 -45.275591 -0.31496063,
  57.207862 -45.302632 -0.31496063,57.225394 -45.342339 -0.31496063,
  57.256086 -45.373031 -0.31496063,57.295793 -45.390563 -0.31496063,
  57.322835 -45.393701 -0.31496063,57.401575 -45.393701 -0.31496063,
  57.401575 -47.952756 -0.31496063,57.403259 -47.978444 -0.31496063,
  57.403259 -47.97845 -0.31496063,57.416559 -48.028087 -0.31496063,
  57.442253 -48.072591 -0.31496063,57.442259 -48.072597 -0.31496063,
  57.459231 -48.09195 -0.31496063,57.53918 -48.171899 -0.31496063,
  57.525268 -48.199203 -0.31496063,57.496632 -48.287335 -0.31496063,
  57.482135 -48.378863 -0.31496063,57.482135 -48.471531 -0.31496063,
  57.496632 -48.563058 -0.31496063,57.525268 -48.651191 -0.31496063,
  57.567339 -48.733759 -0.31496063,57.621807 -48.808729 -0.31496063,
  57.687334 -48.874256 -0.31496063,57.737205 -43.326772 -0.31496063,
  57.737205 -45.098425 -0.31496063,57.728835 -45.145891 -0.31496063,
  57.704736 -45.187631 -0.31496063,57.667815 -45.218612 -0.31496063,
  57.622524 -45.235096 -0.31496063,57.574326 -45.235096 -0.31496063,
  57.529035 -45.218612 -0.31496063,57.492114 -45.187631 -0.31496063,
  57.468015 -45.145891 -0.31496063,57.459646 -45.098425 -0.31496063,
  57.459646 -43.326772 -0.31496063,57.468015 -43.279306 -0.31496063,
  57.492114 -43.237566 -0.31496063,57.529035 -43.206585 -0.31496063,
  57.574326 -43.1901 -0.31496063,57.622524 -43.1901 -0.31496063,
  57.667815 -43.206585 -0.31496063,57.704736 -43.237566 -0.31496063,
  57.728835 -43.279306 -0.31496063,57.812992 -48.425197 -0.31496063,
  57.832622 -48.326513 -0.31496063,57.888522 -48.242852 -0.31496063,
  57.972182 -48.186952 -0.31496063,58.070866 -48.167323 -0.31496063,
  58.16955 -48.186952 -0.31496063,58.253211 -48.242852 -0.31496063,
  58.309111 -48.326513 -0.31496063,58.32874 -48.425197 -0.31496063,
  58.309111 -48.523881 -0.31496063,58.253211 -48.607541 -0.31496063,
  58.16955 -48.663441 -0.31496063,58.070866 -48.683071 -0.31496063,
  57.972182 -48.663441 -0.31496063,57.888522 -48.607541 -0.31496063,
  57.832622 -48.523881 -0.31496063,60.71506 -31.976787 -0.31496063,
  60.64009 -32.031256 -0.31496063,60.574563 -32.096783 -0.31496063,
  60.520094 -32.171753 -0.31496063,60.478024 -32.254321 -0.31496063,
  60.449388 -32.342454 -0.31496063,60.434891 -32.433981 -0.31496063,
  60.434891 -32.526649 -0.31496063,60.449388 -32.618176 -0.31496063,
  60.478024 -32.706309 -0.31496063,60.520094 -32.788877 -0.31496063,
  60.574563 -32.863847 -0.31496063,60.64009 -32.929374 -0.31496063,
  60.71506 -32.983843 -0.31496063,60.797628 -33.025913 -0.31496063,
  60.885761 -33.054549 -0.31496063,60.977288 -33.069046 -0.31496063,
  61.055576 -33.069046 -0.31496063,61.220472 -33.233943 -0.31496063,
  61.220472 -38.813302 -0.31496063,61.057396 -38.976378 -0.31496063,
  60.137795 -38.976378 -0.31496063,58.011811 -38.976378 -0.31496063,
  57.98477 -38.979515 -0.31496063,57.945063 -38.997048 -0.31496063,
  57.91437 -39.02774 -0.31496063,57.896838 -39.067447 -0.31496063,
  57.893701 -39.094488 -0.31496063,57.893701 -39.645669 -0.31496063,
  57.896838 -39.672711 -0.31496063,57.91437 -39.712418 -0.31496063,
  57.945063 -39.74311 -0.31496063,57.98477 -39.760642 -0.31496063,
  58.011811 -39.76378 -0.31496063,59.074803 -39.76378 -0.31496063,
  61.220472 -39.76378 -0.31496063,61.259062 -39.761884 -0.31496063,
  61.334758 -39.746827 -0.31496063,61.406062 -39.717292 -0.31496063,
  61.424414 -39.705029 -0.31496063,61.470234 -39.674414 -0.31496063,
  61.498861 -39.648467 -0.31496063,61.892562 -39.254766 -0.31496063,
  61.918508 -39.226139 -0.31496063,61.961387 -39.161967 -0.31496063,
  61.990922 -39.090663 -0.31496063,62.005978 -39.014967 -0.31496063,
  62.007874 -38.976378 -0.31496063,62.007874 -33.070866 -0.31496063,
  62.005978 -33.032277 -0.31496063,61.990921 -32.956581 -0.31496063,
  61.961386 -32.885277 -0.31496063,61.947067 -32.863847 -0.31496063,
  61.918508 -32.821105 -0.31496063,61.892562 -32.792478 -0.31496063,
  61.612353 -32.512269 -0.31496063,61.612353 -32.433981 -0.31496063,
  61.597856 -32.342454 -0.31496063,61.56922 -32.254321 -0.31496063,
  61.52715 -32.171753 -0.31496063,61.472681 -32.096783 -0.31496063,
  61.407154 -32.031256 -0.31496063,61.332184 -31.976787 -0.31496063,
  61.249616 -31.934717 -0.31496063,61.161483 -31.906081 -0.31496063,
  61.069956 -31.891584 -0.31496063,60.977288 -31.891584 -0.31496063,
  60.885761 -31.906081 -0.31496063,60.797628 -31.934717 -0.31496063,
  60.765748 -32.480315 -0.31496063,60.785378 -32.381631 -0.31496063,
  60.841278 -32.29797 -0.31496063,60.924938 -32.24207 -0.31496063,
  61.023622 -32.222441 -0.31496063,61.122306 -32.24207 -0.31496063,
  61.205967 -32.29797 -0.31496063,61.261867 -32.381631 -0.31496063,
  61.281496 -32.480315 -0.31496063,61.261867 -32.578999 -0.31496063,
  61.205967 -32.662659 -0.31496063,61.122306 -32.718559 -0.31496063,
  61.023622 -32.738189 -0.31496063,60.924938 -32.718559 -0.31496063,
  60.841278 -32.662659 -0.31496063,60.785378 -32.578999 -0.31496063,
  60.097301 -39.34598 -0.31496063,60.097301 -39.394178 -0.31496063,
  60.080817 -39.439469 -0.31496063,60.049836 -39.47639 -0.31496063,
  60.008095 -39.500489 -0.31496063,59.96063 -39.508858 -0.31496063,
  58.188976 -39.508858 -0.31496063,58.141511 -39.500489 -0.31496063,
  58.099771 -39.47639 -0.31496063,58.06879 -39.439469 -0.31496063,
  58.052305 -39.394178 -0.31496063,58.052305 -39.34598 -0.31496063,
  58.06879 -39.300689 -0.31496063,58.099771 -39.263767 -0.31496063,
  58.141511 -39.239669 -0.31496063,58.188976 -39.231299 -0.31496063,
  59.96063 -39.231299 -0.31496063,60.008095 -39.239669 -0.31496063,
  60.049836 -39.263767 -0.31496063,60.080817 -39.300689 -0.31496063] }
 coordIndex [
  59,58,57,-1,59,57,60,-1,60,57,56,-1,60,56,61,-1,61,56,55,-1,61,55,62,-1,62,55,54,-1,62,54,63,-1,
  63,54,53,-1,63,53,64,-1,64,53,52,-1,64,52,65,-1,65,52,51,-1,65,51,66,-1,66,51,38,-1,66,38,67,-1,
  67,38,68,-1,90,89,13,-1,90,13,38,-1,38,13,12,-1,38,12,73,-1,73,12,1,-1,73,1,58,-1,58,1,0,-1,
  58,0,57,-1,8,6,5,-1,8,5,9,-1,9,5,4,-1,9,4,10,-1,10,4,3,-1,10,3,11,-1,11,3,2,-1,
  11,2,12,-1,12,2,1,-1,94,152,105,-1,94,105,95,-1,95,105,104,-1,95,104,96,-1,96,104,103,-1,96,103,97,-1,
  97,103,102,-1,97,102,98,-1,98,102,101,-1,98,101,99,-1,99,101,100,-1,106,105,163,-1,163,105,164,-1,164,105,165,-1,
  165,105,166,-1,166,105,167,-1,167,105,152,-1,157,156,151,-1,157,151,158,-1,158,151,150,-1,158,150,159,-1,159,150,149,-1,
  159,149,160,-1,160,149,133,-1,160,133,132,-1,127,109,108,-1,127,108,128,-1,128,108,107,-1,128,107,129,-1,129,107,106,-1,
  129,106,130,-1,130,106,160,-1,130,160,131,-1,131,160,132,-1,160,106,161,-1,161,106,162,-1,162,106,163,-1,109,127,110,-1,
  110,127,111,-1,111,127,112,-1,112,127,113,-1,113,127,126,-1,121,119,118,-1,121,118,122,-1,122,118,117,-1,122,117,123,-1,
  123,117,116,-1,123,116,124,-1,124,116,115,-1,124,115,125,-1,125,115,114,-1,125,114,126,-1,126,114,113,-1,152,94,153,-1,
  153,94,154,-1,154,94,155,-1,155,94,156,-1,156,94,151,-1,40,39,49,-1,40,49,41,-1,41,49,48,-1,41,48,42,-1,
  42,48,47,-1,42,47,43,-1,43,47,46,-1,43,46,44,-1,44,46,45,-1,51,50,38,-1,38,50,39,-1,39,50,49,-1,
  26,74,37,-1,26,37,27,-1,27,37,36,-1,27,36,28,-1,28,36,35,-1,28,35,29,-1,29,35,34,-1,29,34,30,-1,
  30,34,33,-1,30,33,31,-1,31,33,32,-1,38,37,90,-1,90,37,91,-1,91,37,92,-1,92,37,93,-1,93,37,74,-1,
  68,38,69,-1,69,38,70,-1,70,38,71,-1,71,38,72,-1,72,38,73,-1,87,86,14,-1,87,14,88,-1,88,14,13,-1,
  88,13,89,-1,21,19,18,-1,21,18,22,-1,22,18,17,-1,22,17,23,-1,23,17,16,-1,23,16,24,-1,24,16,15,-1,
  24,15,25,-1,25,15,14,-1,25,14,84,-1,84,14,85,-1,74,26,75,-1,75,26,76,-1,76,26,77,-1,77,26,78,-1,
  78,26,79,-1,79,26,80,-1,80,26,25,-1,80,25,81,-1,81,25,82,-1,82,25,83,-1,83,25,84,-1,135,168,146,-1,
  135,146,136,-1,136,146,145,-1,136,145,137,-1,137,145,144,-1,137,144,138,-1,138,144,143,-1,138,143,139,-1,139,143,142,-1,
  139,142,140,-1,140,142,141,-1,147,146,184,-1,184,146,185,-1,185,146,186,-1,186,146,187,-1,187,146,168,-1,181,180,148,-1,
  181,148,182,-1,182,148,147,-1,182,147,183,-1,183,147,184,-1,135,134,174,-1,174,134,175,-1,175,134,176,-1,176,134,177,-1,
  177,134,178,-1,178,134,179,-1,179,134,148,-1,148,134,133,-1,168,135,169,-1,169,135,170,-1,170,135,171,-1,171,135,172,-1,
  172,135,173,-1,173,135,174,-1,440,439,430,-1,440,430,441,-1,441,430,429,-1,441,429,442,-1,442,429,444,-1,442,444,443,-1,
  437,436,432,-1,432,436,433,-1,433,436,434,-1,434,436,435,-1,432,431,437,-1,437,431,438,-1,438,431,439,-1,439,431,430,-1,
  427,426,447,-1,427,447,428,-1,428,447,446,-1,428,446,429,-1,429,446,445,-1,429,445,444,-1,449,448,424,-1,424,448,425,-1,
  425,448,426,-1,426,448,447,-1,457,456,455,-1,457,455,458,-1,458,455,454,-1,458,454,459,-1,459,454,453,-1,459,453,460,-1,
  460,453,452,-1,460,452,461,-1,461,452,451,-1,461,451,462,-1,462,451,450,-1,462,450,463,-1,463,450,449,-1,463,449,464,-1,
  464,449,424,-1,464,424,465,-1,465,424,423,-1,465,423,405,-1,405,423,406,-1,466,465,405,-1,466,405,467,-1,467,405,404,-1,
  467,404,468,-1,468,404,403,-1,468,403,469,-1,469,403,402,-1,469,402,470,-1,470,402,401,-1,470,401,471,-1,471,401,456,-1,
  395,393,392,-1,395,392,396,-1,396,392,391,-1,396,391,397,-1,397,391,390,-1,397,390,398,-1,398,390,389,-1,398,389,399,-1,
  399,389,388,-1,399,388,400,-1,400,388,387,-1,400,387,401,-1,401,387,456,-1,224,223,265,-1,265,223,266,-1,266,223,267,-1,
  267,223,268,-1,268,223,269,-1,269,223,270,-1,270,223,271,-1,271,223,236,-1,236,223,222,-1,225,224,235,-1,235,224,278,-1,
  278,224,263,-1,263,224,264,-1,264,224,265,-1,197,196,208,-1,197,208,198,-1,198,208,207,-1,198,207,199,-1,199,207,206,-1,
  199,206,200,-1,200,206,205,-1,200,205,201,-1,201,205,204,-1,201,204,202,-1,202,204,203,-1,208,196,243,-1,243,196,188,-1,
  188,196,189,-1,190,196,191,-1,191,196,192,-1,192,196,194,-1,194,196,195,-1,209,208,257,-1,257,208,258,-1,258,208,259,-1,
  259,208,260,-1,260,208,261,-1,261,208,262,-1,262,208,243,-1,254,253,221,-1,254,221,209,-1,209,221,220,-1,209,220,210,-1,
  210,220,219,-1,210,219,211,-1,211,219,218,-1,211,218,212,-1,212,218,217,-1,212,217,213,-1,213,217,216,-1,213,216,214,-1,
  214,216,215,-1,254,209,255,-1,255,209,256,-1,256,209,257,-1,243,188,244,-1,244,188,245,-1,245,188,246,-1,246,188,242,-1,
  239,238,247,-1,239,247,240,-1,240,247,242,-1,240,242,241,-1,236,250,249,-1,236,249,237,-1,237,249,248,-1,237,248,238,-1,
  238,248,247,-1,250,236,251,-1,251,236,252,-1,252,236,253,-1,253,236,221,-1,221,236,222,-1,271,236,272,-1,272,236,273,-1,
  273,236,274,-1,274,236,275,-1,275,236,276,-1,276,236,235,-1,278,277,235,-1,235,277,276,-1,225,235,234,-1,225,234,226,-1,
  226,234,233,-1,226,233,227,-1,227,233,232,-1,227,232,228,-1,228,232,231,-1,228,231,229,-1,229,231,230,-1,309,308,320,-1,
  309,320,310,-1,310,320,319,-1,310,319,311,-1,311,319,318,-1,311,318,312,-1,312,318,317,-1,312,317,313,-1,313,317,316,-1,
  313,316,314,-1,314,316,315,-1,370,369,320,-1,370,320,351,-1,351,320,308,-1,351,308,279,-1,279,308,307,-1,279,307,371,-1,
  371,307,306,-1,371,306,372,-1,372,306,305,-1,372,305,373,-1,373,305,304,-1,373,304,374,-1,374,304,303,-1,374,303,375,-1,
  375,303,302,-1,375,302,376,-1,376,302,301,-1,376,301,377,-1,377,301,300,-1,377,300,378,-1,378,300,299,-1,378,299,379,-1,
  379,299,286,-1,379,286,380,-1,380,286,285,-1,380,285,381,-1,381,285,284,-1,381,284,382,-1,382,284,283,-1,382,283,383,-1,
  383,283,282,-1,383,282,384,-1,384,282,281,-1,384,281,385,-1,385,281,280,-1,385,280,386,-1,386,280,371,-1,321,320,365,-1,
  365,320,366,-1,366,320,367,-1,367,320,368,-1,368,320,369,-1,363,362,321,-1,321,362,333,-1,333,362,335,-1,335,362,337,-1,
  337,362,338,-1,339,362,340,-1,340,362,361,-1,363,321,364,-1,364,321,365,-1,321,333,332,-1,321,332,322,-1,322,332,331,-1,
  322,331,323,-1,323,331,330,-1,323,330,324,-1,324,330,329,-1,324,329,325,-1,325,329,328,-1,325,328,326,-1,326,328,327,-1,
  351,279,352,-1,352,279,353,-1,353,279,354,-1,354,279,350,-1,355,354,350,-1,355,350,356,-1,356,350,349,-1,356,349,357,-1,
  357,349,348,-1,357,348,341,-1,341,348,342,-1,357,341,358,-1,358,341,359,-1,359,341,360,-1,360,341,361,-1,361,341,340,-1,
  342,348,347,-1,342,347,343,-1,343,347,346,-1,343,346,344,-1,344,346,345,-1,287,299,298,-1,287,298,288,-1,288,298,297,-1,
  288,297,289,-1,289,297,296,-1,289,296,290,-1,290,296,295,-1,290,295,291,-1,291,295,294,-1,291,294,292,-1,292,294,293,-1,
  423,422,406,-1,406,422,407,-1,407,422,408,-1,408,422,472,-1,472,422,473,-1,473,422,474,-1,474,422,475,-1,475,422,476,-1,
  476,422,477,-1,477,422,421,-1,478,477,421,-1,478,421,479,-1,479,421,420,-1,479,420,480,-1,480,420,481,-1,481,420,482,-1,
  482,420,409,-1,409,420,410,-1,410,420,419,-1,416,414,413,-1,416,413,417,-1,417,413,412,-1,417,412,418,-1,418,412,411,-1,
  418,411,419,-1,419,411,410,-1,409,408,487,-1,487,408,488,-1,488,408,489,-1,489,408,490,-1,490,408,491,-1,491,408,472,-1,
  482,409,483,-1,483,409,484,-1,484,409,485,-1,485,409,486,-1,486,409,487,-1,414,416,415,-1,455,456,387,-1,279,371,280,-1,
  286,299,287,-1,333,335,334,-1,242,247,246,-1,393,395,394,-1,133,149,148,-1,179,148,180,-1,19,21,20,-1,14,86,85,-1,
  119,121,120,-1,6,8,7,-1]
  normalPerVertex TRUE
  normal DEF NORM_74 Normal { vector [
  0 0 -1,0 0 -1,
  0 0 -1,0 0 -1,
  0 0 -1,0 0 -1,
  0 0 -1,0 0 -1,
  0 0 -1,0 0 -1,
  0 0 -1,0 0 -1,
  0 0 -1,0 0 -1,
  0 0 -1,0 0 -1,
  0 0 -1,0 0 -1,
  0 0 -1,0 0 -1,
  0 0 -1,0 0 -1,
  0 0 -1,0 0 -1,
  0 0 -1,0 0 -1,
  0 0 -1,0 0 -1,
  0 0 -1,0 0 -1,
  0 0 -1,0 0 -1,
  0 0 -1,0 0 -1,
  0 0 -1,0 0 -1,
  0 0 -1,0 0 -1,
  0 0 -1,0 0 -1,
  0 0 -1,0 0 -1,
  0 0 -1,0 0 -1,
  0 0 -1,0 0 -1,
  0 0 -1,0 0 -1,
  0 0 -1,0 0 -1,
  0 0 -1,0 0 -1,
  0 0 -1,0 0 -1,
  0 0 -1,0 0 -1,
  0 0 -1,0 0 -1,
  0 0 -1,0 0 -1,
  0 0 -1,0 0 -1,
  0 0 -1,0 0 -1,
  0 0 -1,0 0 -1,
  0 0 -1,0 0 -1,
  0 0 -1,0 0 -1,
  0 0 -1,0 0 -1,
  0 0 -1,0 0 -1,
  0 0 -1,0 0 -1,
  0 0 -1,0 0 -1,
  0 0 -1,0 0 -1,
  0 0 -1,0 0 -1,
  0 0 -1,0 0 -1,
  0 0 -1,0 0 -1,
  0 0 -1,0 0 -1,
  0 0 -1,0 0 -1,
  0 0 -1,0 0 -1,
  0 0 -1,0 0 -1,
  0 0 -1,0 0 -1,
  0 0 -1,0 0 -1,
  0 0 -1,0 0 -1,
  0 0 -1,0 0 -1,
  0 0 -1,0 0 -1,
  0 0 -1,0 0 -1,
  0 0 -1,0 0 -1,
  0 0 -1,0 0 -1,
  0 0 -1,0 0 -1,
  0 0 -1,0 0 -1,
  0 0 -1,0 0 -1,
  0 0 -1,0 0 -1,
  0 0 -1,0 0 -1,
  0 0 -1,0 0 -1,
  0 0 -1,0 0 -1,
  0 0 -1,0 0 -1,
  0 0 -1,0 0 -1,
  0 0 -1,0 0 -1,
  0 0 -1,0 0 -1,
  0 0 -1,0 0 -1,
  0 0 -1,0 0 -1,
  0 0 -1,0 0 -1,
  0 0 -1,0 0 -1,
  0 0 -1,0 0 -1,
  0 0 -1,0 0 -1,
  0 0 -1,0 0 -1,
  0 0 -1,0 0 -1,
  0 0 -1,0 0 -1,
  0 0 -1,0 0 -1,
  0 0 -1,0 0 -1,
  0 0 -1,0 0 -1,
  0 0 -1,0 0 -1,
  0 0 -1,0 0 -1,
  0 0 -1,0 0 -1,
  0 0 -1,0 0 -1,
  0 0 -1,0 0 -1,
  0 0 -1,0 0 -1,
  0 0 -1,0 0 -1,
  0 0 -1,0 0 -1,
  0 0 -1,0 0 -1,
  0 0 -1,0 0 -1,
  0 0 -1,0 0 -1,
  0 0 -1,0 0 -1,
  0 0 -1,0 0 -1,
  0 0 -1,0 0 -1,
  0 0 -1,0 0 -1,
  0 0 -1,0 0 -1,
  0 0 -1,0 0 -1,
  0 0 -1,0 0 -1,
  0 0 -1,0 0 -1,
  0 0 -1,0 0 -1,
  0 0 -1,0 0 -1,
  0 0 -1,0 0 -1,
  0 0 -1,0 0 -1,
  0 0 -1,0 0 -1,
  0 0 -1,0 0 -1,
  0 0 -1,0 0 -1,
  0 0 -1,0 0 -1,
  0 0 -1,0 0 -1,
  0 0 -1,0 0 -1,
  0 0 -1,0 0 -1,
  0 0 -1,0 0 -1,
  0 0 -1,0 0 -1,
  0 0 -1,0 0 -1,
  0 0 -1,0 0 -1,
  0 0 -1,0 0 -1,
  0 0 -1,0 0 -1,
  0 0 -1,0 0 -1,
  0 0 -1,0 0 -1,
  0 0 -1,0 0 -1,
  0 0 -1,0 0 -1,
  0 0 -1,0 0 -1,
  0 0 -1,0 0 -1,
  0 0 -1,0 0 -1,
  0 0 -1,0 0 -1,
  0 0 -1,0 0 -1,
  0 0 -1,0 0 -1,
  0 0 -1,0 0 -1,
  0 0 -1,0 0 -1,
  0 0 -1,0 0 -1,
  0 0 -1,0 0 -1,
  0 0 -1,0 0 -1,
  0 0 -1,0 0 -1,
  0 0 -1,0 0 -1,
  0 0 -1,0 0 -1,
  0 0 -1,0 0 -1,
  0 0 -1,0 0 -1,
  0 0 -1,0 0 -1,
  0 0 -1,0 0 -1,
  0 0 -1,0 0 -1,
  0 0 -1,0 0 -1,
  0 0 -1,0 0 -1,
  0 0 -1,0 0 -1,
  0 0 -1,0 0 -1,
  0 0 -1,0 0 -1,
  0 0 -1,0 0 -1,
  0 0 -1,0 0 -1,
  0 0 -1,0 0 -1,
  0 0 -1,0 0 -1,
  0 0 -1,0 0 -1,
  0 0 -1,0 0 -1,
  0 0 -1,0 0 -1,
  0 0 -1,0 0 -1,
  0 0 -1,0 0 -1,
  0 0 -1,0 0 -1,
  0 0 -1,0 0 -1,
  0 0 -1,0 0 -1,
  0 0 -1,0 0 -1,
  0 0 -1,0 0 -1,
  0 0 -1,0 0 -1,
  0 0 -1,0 0 -1,
  0 0 -1,0 0 -1,
  0 0 -1,0 0 -1,
  0 0 -1,0 0 -1,
  0 0 -1,0 0 -1,
  0 0 -1,0 0 -1,
  0 0 -1,0 0 -1,
  0 0 -1,0 0 -1,
  0 0 -1,0 0 -1,
  0 0 -1,0 0 -1,
  0 0 -1,0 0 -1,
  0 0 -1,0 0 -1,
  0 0 -1,0 0 -1,
  0 0 -1,0 0 -1,
  0 0 -1,0 0 -1,
  0 0 -1,0 0 -1,
  0 0 -1,0 0 -1,
  0 0 -1,0 0 -1,
  0 0 -1,0 0 -1,
  0 0 -1,0 0 -1,
  0 0 -1,0 0 -1,
  0 0 -1,0 0 -1,
  0 0 -1,0 0 -1,
  0 0 -1,0 0 -1,
  0 0 -1,0 0 -1,
  0 0 -1,0 0 -1,
  0 0 -1,0 0 -1,
  0 0 -1,0 0 -1,
  0 0 -1,0 0 -1,
  0 0 -1,0 0 -1,
  0 0 -1,0 0 -1,
  0 0 -1,0 0 -1,
  0 0 -1,0 0 -1,
  0 0 -1,0 0 -1,
  0 0 -1,0 0 -1,
  0 0 -1,0 0 -1,
  0 0 -1,0 0 -1,
  0 0 -1,0 0 -1,
  0 0 -1,0 0 -1,
  0 0 -1,0 0 -1,
  0 0 -1,0 0 -1,
  0 0 -1,0 0 -1,
  0 0 -1,0 0 -1,
  0 0 -1,0 0 -1,
  0 0 -1,0 0 -1,
  0 0 -1,0 0 -1,
  0 0 -1,0 0 -1,
  0 0 -1,0 0 -1,
  0 0 -1,0 0 -1,
  0 0 -1,0 0 -1,
  0 0 -1,0 0 -1,
  0 0 -1,0 0 -1,
  0 0 -1,0 0 -1,
  0 0 -1,0 0 -1,
  0 0 -1,0 0 -1,
  0 0 -1,0 0 -1,
  0 0 -1,0 0 -1,
  0 0 -1,0 0 -1,
  0 0 -1,0 0 -1,
  0 0 -1,0 0 -1,
  0 0 -1,0 0 -1,
  0 0 -1,0 0 -1,
  0 0 -1,0 0 -1,
  0 0 -1,0 0 -1,
  0 0 -1,0 0 -1,
  0 0 -1,0 0 -1,
  0 0 -1,0 0 -1,
  0 0 -1,0 0 -1,
  0 0 -1,0 0 -1,
  0 0 -1,0 0 -1,
  0 0 -1,0 0 -1,
  0 0 -1,0 0 -1,
  0 0 -1,0 0 -1,
  0 0 -1,0 0 -1,
  0 0 -1,0 0 -1,
  0 0 -1,0 0 -1,
  0 0 -1,0 0 -1,
  0 0 -1,0 0 -1,
  0 0 -1,0 0 -1,
  0 0 -1,0 0 -1,
  0 0 -1,0 0 -1,
  0 0 -1,0 0 -1,
  0 0 -1,0 0 -1,
  0 0 -1,0 0 -1,
  0 0 -1,0 0 -1,
  0 0 -1,0 0 -1,
  0 0 -1,0 0 -1,
  0 0 -1,0 0 -1,
  0 0 -1,0 0 -1] }
}
}
] }
DEF TXFM_10 Transform {
  center 0 0 0
  rotation 0 0 1 0
  scale 1 1 1
  scaleOrientation 0 0 1 0
  translation 0 0 0
 children [
DEF SHAPE_75 Shape {
 appearance DEF APP_5 Appearance {
  material Material {
   ambientIntensity 1
   diffuseColor 0.078431375 0.2 0.14117648
   emissiveColor 0 0 0
   shininess 0.30000001
   specularColor 0.35490197 0.44 0.39882353
   transparency 0.17
} }
 geometry DEF FACE_75 IndexedFaceSet {
  coord DEF COORD_75 Coordinate { point [
  55.511811 -28.937008 -0.31988189,55.511811 -32.007874 -0.31988189,
  55.511811 -35 -0.31988189,55.511811 -37.047244 -0.31988189,
  55.511811 -39.094488 -0.31988189,55.511811 -43.149606 -0.31988189,
  55.511811 -48.378863 -0.31988189,55.511811 -51.968504 -0.31988189,
  62.598425 -51.968504 -0.31988189,62.598425 -28.937008 -0.31988189,
  57.893701 -39.645669 -0.31988189,57.893701 -39.094488 -0.31988189,
  57.896838 -39.067447 -0.31988189,57.91437 -39.02774 -0.31988189,
  57.945063 -38.997048 -0.31988189,57.98477 -38.979515 -0.31988189,
  58.011811 -38.976378 -0.31988189,60.137795 -38.976378 -0.31988189,
  60.164837 -38.979515 -0.31988189,60.204544 -38.997048 -0.31988189,
  60.235236 -39.02774 -0.31988189,60.252768 -39.067447 -0.31988189,
  60.255906 -39.094488 -0.31988189,60.255906 -39.645669 -0.31988189,
  60.252768 -39.672711 -0.31988189,60.235236 -39.712418 -0.31988189,
  60.204544 -39.74311 -0.31988189,60.164837 -39.760642 -0.31988189,
  60.137795 -39.76378 -0.31988189,58.011811 -39.76378 -0.31988189,
  57.98477 -39.760642 -0.31988189,57.945063 -39.74311 -0.31988189,
  57.91437 -39.712418 -0.31988189,57.896838 -39.672711 -0.31988189,
  57.874016 -43.031496 -0.31988189,57.901057 -43.034633 -0.31988189,
  57.940764 -43.052166 -0.31988189,57.971456 -43.082858 -0.31988189,
  57.988989 -43.122565 -0.31988189,57.992126 -43.149606 -0.31988189,
  57.992126 -45.275591 -0.31988189,57.988989 -45.302632 -0.31988189,
  57.971456 -45.342339 -0.31988189,57.940764 -45.373031 -0.31988189,
  57.901057 -45.390563 -0.31988189,57.874016 -45.393701 -0.31988189,
  57.322835 -45.393701 -0.31988189,57.295793 -45.390563 -0.31988189,
  57.256086 -45.373031 -0.31988189,57.225394 -45.342339 -0.31988189,
  57.207862 -45.302632 -0.31988189,57.204724 -45.275591 -0.31988189,
  57.204724 -43.149606 -0.31988189,57.207862 -43.122565 -0.31988189,
  57.225394 -43.082858 -0.31988189,57.256086 -43.052166 -0.31988189,
  57.295793 -43.034633 -0.31988189,57.322835 -43.031496 -0.31988189,
  57.677165 -32.007874 -0.31988189,57.677165 -32.433981 -0.31988189,
  57.677165 -32.952756 -0.31988189,57.674028 -32.979797 -0.31988189,
  57.656496 -33.019504 -0.31988189,57.625804 -33.050196 -0.31988189,
  57.586096 -33.067729 -0.31988189,57.559055 -33.070866 -0.31988189,
  56.614173 -33.070866 -0.31988189,56.587132 -33.067729 -0.31988189,
  56.547425 -33.050196 -0.31988189,56.516733 -33.019504 -0.31988189,
  56.4992 -32.979797 -0.31988189,56.496063 -32.952756 -0.31988189,
  56.496063 -32.007874 -0.31988189,56.4992 -31.980833 -0.31988189,
  56.516733 -31.941126 -0.31988189,56.547425 -31.910433 -0.31988189,
  56.587132 -31.892901 -0.31988189,56.614173 -31.889764 -0.31988189,
  57.559055 -31.889764 -0.31988189,57.586096 -31.892901 -0.31988189,
  57.625804 -31.910433 -0.31988189,57.656496 -31.941126 -0.31988189,
  57.674028 -31.980833 -0.31988189,60.255906 -37.598425 -0.31988189,
  60.252768 -37.625467 -0.31988189,60.235236 -37.665174 -0.31988189,
  60.204544 -37.695866 -0.31988189,60.164837 -37.713398 -0.31988189,
  60.137795 -37.716535 -0.31988189,58.011811 -37.716535 -0.31988189,
  57.98477 -37.713398 -0.31988189,57.945063 -37.695866 -0.31988189,
  57.91437 -37.665174 -0.31988189,57.896838 -37.625467 -0.31988189,
  57.893701 -37.598425 -0.31988189,57.893701 -37.047244 -0.31988189,
  57.896838 -37.020203 -0.31988189,57.91437 -36.980496 -0.31988189,
  57.945063 -36.949804 -0.31988189,57.98477 -36.932271 -0.31988189,
  58.011811 -36.929134 -0.31988189,60.137795 -36.929134 -0.31988189,
  60.164837 -36.932271 -0.31988189,60.204544 -36.949804 -0.31988189,
  60.235236 -36.980496 -0.31988189,60.252768 -37.020203 -0.31988189,
  60.255906 -37.047244 -0.31988189,60.137795 -34.88189 -0.31988189,
  60.164837 -34.885027 -0.31988189,60.204544 -34.902559 -0.31988189,
  60.235236 -34.933252 -0.31988189,60.252768 -34.972959 -0.31988189,
  60.255906 -35 -0.31988189,60.255906 -35.551181 -0.31988189,
  60.252768 -35.578222 -0.31988189,60.235236 -35.61793 -0.31988189,
  60.204544 -35.648622 -0.31988189,60.164837 -35.666154 -0.31988189,
  60.137795 -35.669291 -0.31988189,58.011811 -35.669291 -0.31988189,
  57.98477 -35.666154 -0.31988189,57.945063 -35.648622 -0.31988189,
  57.91437 -35.61793 -0.31988189,57.896838 -35.578222 -0.31988189,
  57.893701 -35.551181 -0.31988189,57.893701 -35 -0.31988189,
  57.896838 -34.972959 -0.31988189,57.91437 -34.933252 -0.31988189,
  57.945063 -34.902559 -0.31988189,57.98477 -34.885027 -0.31988189,
  58.011811 -34.88189 -0.31988189,59.643849 -32.433981 -0.31988189,
  59.643849 -32.526649 -0.31988189,59.629352 -32.618176 -0.31988189,
  59.600716 -32.706309 -0.31988189,59.558646 -32.788877 -0.31988189,
  59.504177 -32.863847 -0.31988189,59.43865 -32.929374 -0.31988189,
  59.36368 -32.983843 -0.31988189,59.281112 -33.025913 -0.31988189,
  59.19298 -33.054549 -0.31988189,59.101452 -33.069046 -0.31988189,
  59.008784 -33.069046 -0.31988189,58.917257 -33.054549 -0.31988189,
  58.829124 -33.025913 -0.31988189,58.746556 -32.983843 -0.31988189,
  58.671586 -32.929374 -0.31988189,58.606059 -32.863847 -0.31988189,
  58.551591 -32.788877 -0.31988189,58.50952 -32.706309 -0.31988189,
  58.480884 -32.618176 -0.31988189,58.466387 -32.526649 -0.31988189,
  58.466387 -32.433981 -0.31988189,58.480884 -32.342454 -0.31988189,
  58.50952 -32.254321 -0.31988189,58.551591 -32.171753 -0.31988189,
  58.606059 -32.096783 -0.31988189,58.671586 -32.031256 -0.31988189,
  58.746556 -31.976787 -0.31988189,58.829124 -31.934717 -0.31988189,
  58.917257 -31.906081 -0.31988189,59.008784 -31.891584 -0.31988189,
  59.101452 -31.891584 -0.31988189,59.19298 -31.906081 -0.31988189,
  59.281112 -31.934717 -0.31988189,59.36368 -31.976787 -0.31988189,
  59.43865 -32.031256 -0.31988189,59.504177 -32.096783 -0.31988189,
  59.558646 -32.171753 -0.31988189,59.600716 -32.254321 -0.31988189,
  59.629352 -32.342454 -0.31988189,58.659597 -48.378863 -0.31988189,
  58.659597 -48.471531 -0.31988189,58.6451 -48.563058 -0.31988189,
  58.616464 -48.651191 -0.31988189,58.574394 -48.733759 -0.31988189,
  58.519925 -48.808729 -0.31988189,58.454398 -48.874256 -0.31988189,
  58.379428 -48.928724 -0.31988189,58.29686 -48.970795 -0.31988189,
  58.208728 -48.999431 -0.31988189,58.1172 -49.013928 -0.31988189,
  58.024532 -49.013928 -0.31988189,57.933005 -48.999431 -0.31988189,
  57.844872 -48.970795 -0.31988189,57.762304 -48.928724 -0.31988189,
  57.687334 -48.874256 -0.31988189,57.621807 -48.808729 -0.31988189,
  57.567339 -48.733759 -0.31988189,57.525268 -48.651191 -0.31988189,
  57.496632 -48.563058 -0.31988189,57.482135 -48.471531 -0.31988189,
  57.482135 -48.378863 -0.31988189,57.496632 -48.287335 -0.31988189,
  57.525268 -48.199203 -0.31988189,57.567339 -48.116635 -0.31988189,
  57.621807 -48.041665 -0.31988189,57.687334 -47.976138 -0.31988189,
  57.762304 -47.921669 -0.31988189,57.844872 -47.879599 -0.31988189,
  57.933005 -47.850963 -0.31988189,58.024532 -47.836466 -0.31988189,
  58.1172 -47.836466 -0.31988189,58.208728 -47.850963 -0.31988189,
  58.29686 -47.879599 -0.31988189,58.379428 -47.921669 -0.31988189,
  58.422215 -47.952756 -0.31988189,58.454398 -47.976138 -0.31988189,
  58.519925 -48.041665 -0.31988189,58.574394 -48.116635 -0.31988189,
  58.616464 -48.199203 -0.31988189,58.6451 -48.287335 -0.31988189,
  60.629921 -47.952756 -0.31988189,60.629921 -48.897638 -0.31988189,
  60.626784 -48.924679 -0.31988189,60.609252 -48.964386 -0.31988189,
  60.578559 -48.995078 -0.31988189,60.538852 -49.012611 -0.31988189,
  60.511811 -49.015748 -0.31988189,59.566929 -49.015748 -0.31988189,
  59.539888 -49.012611 -0.31988189,59.500181 -48.995078 -0.31988189,
  59.469489 -48.964386 -0.31988189,59.451956 -48.924679 -0.31988189,
  59.448819 -48.897638 -0.31988189,59.448819 -47.952756 -0.31988189,
  59.451956 -47.925715 -0.31988189,59.469489 -47.886007 -0.31988189,
  59.500181 -47.855315 -0.31988189,59.539888 -47.837783 -0.31988189,
  59.566929 -47.834646 -0.31988189,60.511811 -47.834646 -0.31988189,
  60.538852 -47.837783 -0.31988189,60.578559 -47.855315 -0.31988189,
  60.609252 -47.886007 -0.31988189,60.626784 -47.925715 -0.31988189,
  60.434891 -32.526649 -0.31988189,60.434891 -32.433981 -0.31988189,
  60.449388 -32.342454 -0.31988189,60.478024 -32.254321 -0.31988189,
  60.520094 -32.171753 -0.31988189,60.574563 -32.096783 -0.31988189,
  60.64009 -32.031256 -0.31988189,60.71506 -31.976787 -0.31988189,
  60.797628 -31.934717 -0.31988189,60.885761 -31.906081 -0.31988189,
  60.977288 -31.891584 -0.31988189,61.069956 -31.891584 -0.31988189,
  61.161483 -31.906081 -0.31988189,61.249616 -31.934717 -0.31988189,
  61.332184 -31.976787 -0.31988189,61.407154 -32.031256 -0.31988189,
  61.472681 -32.096783 -0.31988189,61.52715 -32.171753 -0.31988189,
  61.56922 -32.254321 -0.31988189,61.597856 -32.342454 -0.31988189,
  61.612353 -32.433981 -0.31988189,61.612353 -32.526649 -0.31988189,
  61.597856 -32.618176 -0.31988189,61.56922 -32.706309 -0.31988189,
  61.52715 -32.788877 -0.31988189,61.472681 -32.863847 -0.31988189,
  61.407154 -32.929374 -0.31988189,61.332184 -32.983843 -0.31988189,
  61.249616 -33.025913 -0.31988189,61.161483 -33.054549 -0.31988189,
  61.069956 -33.069046 -0.31988189,60.977288 -33.069046 -0.31988189,
  60.885761 -33.054549 -0.31988189,60.797628 -33.025913 -0.31988189,
  60.71506 -32.983843 -0.31988189,60.64009 -32.929374 -0.31988189,
  60.574563 -32.863847 -0.31988189,60.520094 -32.788877 -0.31988189,
  60.478024 -32.706309 -0.31988189,60.449388 -32.618176 -0.31988189,
  60.275591 -43.031496 -0.31988189,60.826772 -43.031496 -0.31988189,
  60.853813 -43.034633 -0.31988189,60.89352 -43.052166 -0.31988189,
  60.924212 -43.082858 -0.31988189,60.941744 -43.122565 -0.31988189,
  60.944882 -43.149606 -0.31988189,60.944882 -45.275591 -0.31988189,
  60.941744 -45.302632 -0.31988189,60.924212 -45.342339 -0.31988189,
  60.89352 -45.373031 -0.31988189,60.853813 -45.390563 -0.31988189,
  60.826772 -45.393701 -0.31988189,60.275591 -45.393701 -0.31988189,
  60.248549 -45.390563 -0.31988189,60.208842 -45.373031 -0.31988189,
  60.17815 -45.342339 -0.31988189,60.160618 -45.302632 -0.31988189,
  60.15748 -45.275591 -0.31988189,60.15748 -43.149606 -0.31988189,
  60.160618 -43.122565 -0.31988189,60.17815 -43.082858 -0.31988189,
  60.208842 -43.052166 -0.31988189,60.248549 -43.034633 -0.31988189] }
 coordIndex [
  201,40,39,-1,201,39,29,-1,29,39,38,-1,29,38,30,-1,30,38,37,-1,30,37,31,-1,31,37,36,-1,31,36,32,-1,
  32,36,35,-1,32,35,33,-1,33,35,10,-1,106,113,276,-1,106,276,83,-1,83,276,22,-1,83,22,84,-1,84,22,21,-1,
  84,21,85,-1,85,21,20,-1,85,20,86,-1,86,20,19,-1,86,19,87,-1,87,19,18,-1,87,18,88,-1,88,18,17,-1,
  88,17,89,-1,89,17,16,-1,89,16,90,-1,90,16,15,-1,90,15,91,-1,91,15,14,-1,91,14,92,-1,92,14,13,-1,
  92,13,93,-1,93,13,12,-1,93,12,94,-1,94,12,11,-1,94,11,125,-1,125,11,10,-1,125,10,34,-1,34,10,35,-1,
  108,107,237,-1,237,107,131,-1,131,107,132,-1,132,107,133,-1,133,107,134,-1,134,107,135,-1,135,107,136,-1,136,107,137,-1,
  137,107,138,-1,138,107,139,-1,139,107,140,-1,140,107,141,-1,141,107,142,-1,142,107,143,-1,143,107,144,-1,144,107,145,-1,
  145,107,146,-1,146,107,147,-1,147,107,130,-1,147,130,148,-1,148,130,149,-1,149,130,150,-1,150,130,151,-1,151,130,152,-1,
  152,130,153,-1,153,130,129,-1,59,58,34,-1,34,58,125,-1,125,58,126,-1,126,58,153,-1,153,58,154,-1,154,58,155,-1,
  155,58,156,-1,156,58,157,-1,157,58,9,-1,9,58,82,-1,59,34,60,-1,60,34,61,-1,61,34,62,-1,62,34,63,-1,
  63,34,64,-1,64,34,65,-1,65,34,57,-1,66,65,52,-1,52,65,53,-1,53,65,54,-1,54,65,55,-1,55,65,56,-1,
  56,65,57,-1,52,51,66,-1,66,51,67,-1,67,51,68,-1,68,51,69,-1,69,51,70,-1,70,51,71,-1,71,51,0,-1,
  0,51,191,-1,191,51,50,-1,95,125,124,-1,95,124,96,-1,96,124,123,-1,96,123,97,-1,97,123,122,-1,97,122,98,-1,
  98,122,121,-1,98,121,99,-1,99,121,120,-1,99,120,100,-1,100,120,119,-1,100,119,101,-1,101,119,118,-1,101,118,102,-1,
  102,118,117,-1,102,117,103,-1,103,117,116,-1,103,116,104,-1,104,116,115,-1,104,115,105,-1,105,115,114,-1,105,114,106,-1,
  106,114,113,-1,289,288,231,-1,231,288,232,-1,232,288,233,-1,233,288,234,-1,234,288,235,-1,235,288,212,-1,212,288,8,-1,
  8,288,287,-1,289,231,290,-1,290,231,291,-1,291,231,292,-1,292,231,293,-1,293,231,230,-1,27,296,295,-1,27,295,28,-1,
  28,295,294,-1,28,294,230,-1,230,294,293,-1,29,28,201,-1,201,28,202,-1,202,28,203,-1,203,28,204,-1,204,28,205,-1,
  205,28,206,-1,206,28,207,-1,207,28,208,-1,208,28,209,-1,209,28,210,-1,210,28,211,-1,211,28,171,-1,171,28,225,-1,
  225,28,226,-1,226,28,227,-1,227,28,228,-1,228,28,229,-1,229,28,230,-1,172,171,8,-1,8,171,221,-1,221,171,222,-1,
  222,171,223,-1,223,171,224,-1,224,171,225,-1,40,201,41,-1,41,201,42,-1,42,201,43,-1,43,201,200,-1,199,198,45,-1,
  199,45,200,-1,200,45,44,-1,200,44,43,-1,46,45,192,-1,192,45,193,-1,193,45,194,-1,194,45,195,-1,195,45,196,-1,
  196,45,197,-1,197,45,198,-1,192,191,46,-1,46,191,47,-1,47,191,48,-1,48,191,49,-1,49,191,50,-1,268,267,279,-1,
  279,267,280,-1,280,267,281,-1,281,267,282,-1,282,267,8,-1,8,267,266,-1,269,268,277,-1,277,268,278,-1,278,268,279,-1,
  269,277,270,-1,270,277,271,-1,271,277,272,-1,272,277,273,-1,273,277,274,-1,274,277,275,-1,275,277,236,-1,236,277,276,-1,
  157,9,158,-1,158,9,159,-1,159,9,160,-1,160,9,161,-1,161,9,162,-1,162,9,163,-1,163,9,164,-1,164,9,165,-1,
  165,9,166,-1,166,9,167,-1,167,9,168,-1,168,9,169,-1,169,9,170,-1,170,9,131,-1,131,9,240,-1,240,9,241,-1,
  241,9,242,-1,242,9,243,-1,243,9,244,-1,244,9,245,-1,245,9,246,-1,246,9,247,-1,247,9,248,-1,248,9,249,-1,
  249,9,250,-1,250,9,251,-1,251,9,252,-1,252,9,253,-1,253,9,254,-1,254,9,255,-1,255,9,256,-1,256,9,8,-1,
  108,237,109,-1,109,237,110,-1,110,237,111,-1,111,237,112,-1,112,237,276,-1,276,237,236,-1,237,131,238,-1,238,131,239,-1,
  239,131,240,-1,126,153,127,-1,127,153,128,-1,128,153,129,-1,0,9,75,-1,75,9,76,-1,76,9,77,-1,77,9,78,-1,
  78,9,79,-1,79,9,80,-1,80,9,81,-1,81,9,82,-1,71,0,72,-1,72,0,73,-1,73,0,74,-1,74,0,75,-1,
  256,8,257,-1,257,8,258,-1,258,8,259,-1,259,8,260,-1,260,8,261,-1,261,8,262,-1,262,8,263,-1,263,8,264,-1,
  264,8,265,-1,265,8,266,-1,282,8,283,-1,283,8,284,-1,284,8,285,-1,285,8,286,-1,286,8,287,-1,212,8,213,-1,
  213,8,214,-1,214,8,215,-1,215,8,216,-1,216,8,217,-1,217,8,218,-1,218,8,219,-1,219,8,220,-1,220,8,221,-1,
  172,8,173,-1,173,8,174,-1,174,8,175,-1,175,8,176,-1,176,8,177,-1,177,8,178,-1,178,8,179,-1,179,8,180,-1,
  180,8,181,-1,181,8,182,-1,182,8,183,-1,183,8,184,-1,184,8,185,-1,185,8,6,-1,6,8,7,-1,0,191,1,-1,
  1,191,2,-1,2,191,3,-1,3,191,190,-1,188,187,6,-1,188,6,189,-1,189,6,5,-1,189,5,190,-1,190,5,4,-1,
  190,4,3,-1,185,6,186,-1,186,6,187,-1,23,22,276,-1,23,276,24,-1,24,276,299,-1,24,299,25,-1,25,299,298,-1,
  25,298,26,-1,26,298,297,-1,26,297,27,-1,27,297,296,-1,276,113,112,-1,94,125,95,-1]
  normalPerVertex TRUE
  normal DEF NORM_75 Normal { vector [
  0 0 -1,0 0 -1,
  0 0 -1,0 0 -1,
  0 0 -1,0 0 -1,
  0 0 -1,0 0 -1,
  0 0 -1,0 0 -1,
  0 0 -1,0 0 -1,
  0 0 -1,0 0 -1,
  0 0 -1,0 0 -1,
  0 0 -1,0 0 -1,
  0 0 -1,0 0 -1,
  0 0 -1,0 0 -1,
  0 0 -1,0 0 -1,
  0 0 -1,0 0 -1,
  0 0 -1,0 0 -1,
  0 0 -1,0 0 -1,
  0 0 -1,0 0 -1,
  0 0 -1,0 0 -1,
  0 0 -1,0 0 -1,
  0 0 -1,0 0 -1,
  0 0 -1,0 0 -1,
  0 0 -1,0 0 -1,
  0 0 -1,0 0 -1,
  0 0 -1,0 0 -1,
  0 0 -1,0 0 -1,
  0 0 -1,0 0 -1,
  0 0 -1,0 0 -1,
  0 0 -1,0 0 -1,
  0 0 -1,0 0 -1,
  0 0 -1,0 0 -1,
  0 0 -1,0 0 -1,
  0 0 -1,0 0 -1,
  0 0 -1,0 0 -1,
  0 0 -1,0 0 -1,
  0 0 -1,0 0 -1,
  0 0 -1,0 0 -1,
  0 0 -1,0 0 -1,
  0 0 -1,0 0 -1,
  0 0 -1,0 0 -1,
  0 0 -1,0 0 -1,
  0 0 -1,0 0 -1,
  0 0 -1,0 0 -1,
  0 0 -1,0 0 -1,
  0 0 -1,0 0 -1,
  0 0 -1,0 0 -1,
  0 0 -1,0 0 -1,
  0 0 -1,0 0 -1,
  0 0 -1,0 0 -1,
  0 0 -1,0 0 -1,
  0 0 -1,0 0 -1,
  0 0 -1,0 0 -1,
  0 0 -1,0 0 -1,
  0 0 -1,0 0 -1,
  0 0 -1,0 0 -1,
  0 0 -1,0 0 -1,
  0 0 -1,0 0 -1,
  0 0 -1,0 0 -1,
  0 0 -1,0 0 -1,
  0 0 -1,0 0 -1,
  0 0 -1,0 0 -1,
  0 0 -1,0 0 -1,
  0 0 -1,0 0 -1,
  0 0 -1,0 0 -1,
  0 0 -1,0 0 -1,
  0 0 -1,0 0 -1,
  0 0 -1,0 0 -1,
  0 0 -1,0 0 -1,
  0 0 -1,0 0 -1,
  0 0 -1,0 0 -1,
  0 0 -1,0 0 -1,
  0 0 -1,0 0 -1,
  0 0 -1,0 0 -1,
  0 0 -1,0 0 -1,
  0 0 -1,0 0 -1,
  0 0 -1,0 0 -1,
  0 0 -1,0 0 -1,
  0 0 -1,0 0 -1,
  0 0 -1,0 0 -1,
  0 0 -1,0 0 -1,
  0 0 -1,0 0 -1,
  0 0 -1,0 0 -1,
  0 0 -1,0 0 -1,
  0 0 -1,0 0 -1,
  0 0 -1,0 0 -1,
  0 0 -1,0 0 -1,
  0 0 -1,0 0 -1,
  0 0 -1,0 0 -1,
  0 0 -1,0 0 -1,
  0 0 -1,0 0 -1,
  0 0 -1,0 0 -1,
  0 0 -1,0 0 -1,
  0 0 -1,0 0 -1,
  0 0 -1,0 0 -1,
  0 0 -1,0 0 -1,
  0 0 -1,0 0 -1,
  0 0 -1,0 0 -1,
  0 0 -1,0 0 -1,
  0 0 -1,0 0 -1,
  0 0 -1,0 0 -1,
  0 0 -1,0 0 -1,
  0 0 -1,0 0 -1,
  0 0 -1,0 0 -1,
  0 0 -1,0 0 -1,
  0 0 -1,0 0 -1,
  0 0 -1,0 0 -1,
  0 0 -1,0 0 -1,
  0 0 -1,0 0 -1,
  0 0 -1,0 0 -1,
  0 0 -1,0 0 -1,
  0 0 -1,0 0 -1,
  0 0 -1,0 0 -1,
  0 0 -1,0 0 -1,
  0 0 -1,0 0 -1,
  0 0 -1,0 0 -1,
  0 0 -1,0 0 -1,
  0 0 -1,0 0 -1,
  0 0 -1,0 0 -1,
  0 0 -1,0 0 -1,
  0 0 -1,0 0 -1,
  0 0 -1,0 0 -1,
  0 0 -1,0 0 -1,
  0 0 -1,0 0 -1,
  0 0 -1,0 0 -1,
  0 0 -1,0 0 -1,
  0 0 -1,0 0 -1,
  0 0 -1,0 0 -1,
  0 0 -1,0 0 -1,
  0 0 -1,0 0 -1,
  0 0 -1,0 0 -1,
  0 0 -1,0 0 -1,
  0 0 -1,0 0 -1,
  0 0 -1,0 0 -1,
  0 0 -1,0 0 -1,
  0 0 -1,0 0 -1,
  0 0 -1,0 0 -1,
  0 0 -1,0 0 -1,
  0 0 -1,0 0 -1,
  0 0 -1,0 0 -1,
  0 0 -1,0 0 -1,
  0 0 -1,0 0 -1,
  0 0 -1,0 0 -1,
  0 0 -1,0 0 -1,
  0 0 -1,0 0 -1,
  0 0 -1,0 0 -1,
  0 0 -1,0 0 -1,
  0 0 -1,0 0 -1,
  0 0 -1,0 0 -1,
  0 0 -1,0 0 -1,
  0 0 -1,0 0 -1,
  0 0 -1,0 0 -1,
  0 0 -1,0 0 -1] }
}
}
] }
DEF TXFM_11 Transform {
  center 0 0 0
  rotation 0 0 1 0
  scale 1 1 1
  scaleOrientation 0 0 1 0
  translation 0 0 0
 children [
DEF SHAPE_76 Shape {
 appearance DEF APP_6 Appearance {
  material Material {
   ambientIntensity 0.72857141
   diffuseColor 0.96078432 0.96078432 0.96078432
   emissiveColor 0 0 0
   shininess 0.02
   specularColor 0.96470588 0.96470588 0.96470588
   transparency 0
} }
 geometry DEF FACE_76 IndexedFaceSet {
  coord DEF COORD_76 Coordinate { point [
  60.426958 -50.400809 0.34448819,60.370715 -50.372687 0.34448819,
  60.361705 -50.369239 0.34448819,60.35994 -50.369113 0.34448819,
  60.358307 -50.368437 0.34448819,60.348706 -50.367491 0.34448819,
  60.208099 -50.367491 0.34448819,60.198498 -50.368437 0.34448819,
  60.196865 -50.369113 0.34448819,60.195101 -50.369239 0.34448819,
  60.186091 -50.372687 0.34448819,60.129847 -50.400809 0.34448819,
  60.125715 -50.403409 0.34448819,60.124515 -50.403907 0.34448819,
  60.123162 -50.405017 0.34448819,60.121683 -50.405948 0.34448819,
  60.120832 -50.406929 0.34448819,60.117057 -50.410027 0.34448819,
  60.088936 -50.438148 0.34448819,60.082816 -50.445606 0.34448819,
  60.075468 -50.463346 0.34448819,60.075468 -50.482548 0.34448819,
  60.082816 -50.500288 0.34448819,60.096394 -50.513865 0.34448819,
  60.114133 -50.521214 0.34448819,60.133336 -50.521214 0.34448819,
  60.151076 -50.513865 0.34448819,60.158533 -50.507745 0.34448819,
  60.181007 -50.485271 0.34448819,60.219717 -50.465917 0.34448819,
  60.337089 -50.465917 0.34448819,60.375798 -50.485271 0.34448819,
  60.392625 -50.502098 0.34448819,60.41198 -50.540807 0.34448819,
  60.41198 -50.577447 0.34448819,60.390057 -50.643213 0.34448819,
  60.060815 -50.972457 0.34448819,60.054696 -50.979912 0.34448819,
  60.054694 -50.979914 0.34448819,60.049815 -50.991693 0.34448819,
  60.047346 -50.997654 0.34448819,60.047346 -51.016856 0.34448819,
  60.049498 -51.022052 0.34448819,60.054694 -51.034596 0.34448819,
  60.068272 -51.048174 0.34448819,60.080816 -51.05337 0.34448819,
  60.086012 -51.055522 0.34448819,60.086012 -51.055522 0.34448819,
  60.095613 -51.056468 0.34448819,60.461193 -51.056468 0.34448819,
  60.470793 -51.055522 0.34448819,60.488533 -51.048174 0.34448819,
  60.502111 -51.034596 0.34448819,60.509459 -51.016856 0.34448819,
  60.509459 -50.997654 0.34448819,60.502111 -50.979914 0.34448819,
  60.488533 -50.966336 0.34448819,60.470793 -50.958988 0.34448819,
  60.461193 -50.958043 0.34448819,60.214422 -50.958043 0.34448819,
  60.467869 -50.704596 0.34448819,60.473989 -50.697139 0.34448819,
  60.474666 -50.695505 0.34448819,60.475825 -50.694169 0.34448819,
  60.479758 -50.68536 0.34448819,60.50788 -50.600996 0.34448819,
  60.508962 -50.596234 0.34448819,60.509459 -50.595034 0.34448819,
  60.509631 -50.593293 0.34448819,60.510019 -50.591589 0.34448819,
  60.509926 -50.590293 0.34448819,60.510405 -50.585433 0.34448819,
  60.510405 -50.52919 0.34448819,60.509459 -50.519589 0.34448819,
  60.508783 -50.517956 0.34448819,60.508657 -50.516191 0.34448819,
  60.505209 -50.507181 0.34448819,60.477088 -50.450938 0.34448819,
  60.474487 -50.446806 0.34448819,60.473989 -50.445606 0.34448819,
  60.47288 -50.444253 0.34448819,60.471948 -50.442774 0.34448819,
  60.470967 -50.441923 0.34448819,60.467869 -50.438148 0.34448819,
  60.439748 -50.410027 0.34448819,60.435974 -50.40693 0.34448819,
  60.435122 -50.405948 0.34448819,60.433641 -50.405016 0.34448819,
  60.432291 -50.403907 0.34448819,60.431091 -50.40341 0.34448819,
  58.283012 -50.389406 0.34448819,58.229473 -50.469715 0.34448819,
  58.182322 -50.516866 0.34448819,58.133222 -50.541416 0.34448819,
  58.125058 -50.546556 0.34448819,58.112477 -50.561061 0.34448819,
  58.106404 -50.579278 0.34448819,58.107766 -50.598431 0.34448819,
  58.116353 -50.615606 0.34448819,58.130859 -50.628187 0.34448819,
  58.149076 -50.634259 0.34448819,58.168229 -50.632898 0.34448819,
  58.177239 -50.62945 0.34448819,58.233482 -50.601328 0.34448819,
  58.237615 -50.598727 0.34448819,58.238815 -50.59823 0.34448819,
  58.240165 -50.597121 0.34448819,58.241646 -50.596189 0.34448819,
  58.242498 -50.595207 0.34448819,58.246272 -50.59211 0.34448819,
  58.274747 -50.563635 0.34448819,58.274747 -50.958043 0.34448819,
  58.155231 -50.958043 0.34448819,58.14563 -50.958988 0.34448819,
  58.12789 -50.966336 0.34448819,58.114312 -50.979914 0.34448819,
  58.106964 -50.997654 0.34448819,58.106964 -51.016856 0.34448819,
  58.114312 -51.034596 0.34448819,58.12789 -51.048174 0.34448819,
  58.14563 -51.055522 0.34448819,58.155231 -51.056468 0.34448819,
  58.492689 -51.056468 0.34448819,58.502289 -51.055522 0.34448819,
  58.52003 -51.048174 0.34448819,58.533607 -51.034596 0.34448819,
  58.540956 -51.016856 0.34448819,58.540956 -50.997654 0.34448819,
  58.533607 -50.979914 0.34448819,58.52003 -50.966336 0.34448819,
  58.502289 -50.958988 0.34448819,58.492689 -50.958043 0.34448819,
  58.373172 -50.958043 0.34448819,58.373172 -50.416704 0.34448819,
  58.373169 -50.416669 0.34448819,58.373172 -50.416652 0.34448819,
  58.373162 -50.416602 0.34448819,58.372226 -50.407103 0.34448819,
  58.370362 -50.402602 0.34448819,58.369406 -50.397823 0.34448819,
  58.366723 -50.393817 0.34448819,58.364878 -50.389363 0.34448819,
  58.361433 -50.385918 0.34448819,58.358722 -50.381869 0.34448819,
  58.354709 -50.379194 0.34448819,58.3513 -50.375785 0.34448819,
  58.346799 -50.37392 0.34448819,58.342745 -50.371218 0.34448819,
  58.338014 -50.370281 0.34448819,58.33356 -50.368437 0.34448819,
  58.328689 -50.368437 0.34448819,58.323908 -50.367491 0.34448819,
  58.31918 -50.368437 0.34448819,58.314359 -50.368437 0.34448819,
  58.309857 -50.370301 0.34448819,58.305079 -50.371257 0.34448819,
  58.301073 -50.37394 0.34448819,58.296619 -50.375785 0.34448819,
  58.293173 -50.37923 0.34448819,58.289124 -50.381942 0.34448819,
  58.283076 -50.389327 0.34448819,58.283041 -50.389363 0.34448819,
  58.283034 -50.389379 0.34448819,57.894789 -50.887739 0.34448819,
  57.939815 -51.022818 0.34448819,57.943748 -51.031627 0.34448819,
  57.956329 -51.046133 0.34448819,57.973504 -51.05472 0.34448819,
  57.992657 -51.056081 0.34448819,58.010874 -51.050009 0.34448819,
  58.02538 -51.037428 0.34448819,58.033967 -51.020254 0.34448819,
  58.035328 -51.0011 0.34448819,58.033189 -50.991693 0.34448819,
  57.836339 -50.401142 0.34448819,57.832406 -50.392333 0.34448819,
  57.830102 -50.389677 0.34448819,57.828529 -50.386531 0.34448819,
  57.823867 -50.382487 0.34448819,57.819825 -50.377826 0.34448819,
  57.81668 -50.376254 0.34448819,57.814023 -50.37395 0.34448819,
  57.808169 -50.371998 0.34448819,57.80265 -50.369239 0.34448819,
  57.799142 -50.368989 0.34448819,57.795807 -50.367878 0.34448819,
  57.789652 -50.368315 0.34448819,57.783496 -50.367878 0.34448819,
  57.780161 -50.368989 0.34448819,57.776654 -50.369239 0.34448819,
  57.771133 -50.371999 0.34448819,57.76528 -50.37395 0.34448819,
  57.762624 -50.376253 0.34448819,57.759478 -50.377826 0.34448819,
  57.755435 -50.382488 0.34448819,57.750774 -50.386531 0.34448819,
  57.749201 -50.389676 0.34448819,57.746898 -50.392332 0.34448819,
  57.742965 -50.401141 0.34448819,57.613574 -50.789314 0.34448819,
  57.546114 -50.991693 0.34448819,57.543975 -51.0011 0.34448819,
  57.545336 -51.020253 0.34448819,57.553924 -51.037428 0.34448819,
  57.56843 -51.050009 0.34448819,57.586646 -51.056081 0.34448819,
  57.605799 -51.05472 0.34448819,57.622974 -51.046133 0.34448819,
  57.635555 -51.031626 0.34448819,57.639488 -51.022817 0.34448819,
  57.684514 -50.887739 0.34448819,57.86198 -50.789314 0.34448819,
  57.717323 -50.789314 0.34448819,57.789651 -50.572327 0.34448819,
  59.863293 -50.887739 0.34448819,59.908319 -51.022818 0.34448819,
  59.912252 -51.031627 0.34448819,59.924833 -51.046133 0.34448819,
  59.942008 -51.05472 0.34448819,59.961161 -51.056081 0.34448819,
  59.979378 -51.050009 0.34448819,59.993883 -51.037428 0.34448819,
  60.002471 -51.020254 0.34448819,60.003832 -51.0011 0.34448819,
  60.001693 -50.991693 0.34448819,59.804843 -50.401142 0.34448819,
  59.800909 -50.392333 0.34448819,59.798606 -50.389677 0.34448819,
  59.797033 -50.386531 0.34448819,59.792371 -50.382487 0.34448819,
  59.788329 -50.377826 0.34448819,59.785183 -50.376254 0.34448819,
  59.782527 -50.37395 0.34448819,59.776673 -50.371998 0.34448819,
  59.771154 -50.369239 0.34448819,59.767646 -50.368989 0.34448819,
  59.764311 -50.367878 0.34448819,59.758156 -50.368315 0.34448819,
  59.752 -50.367878 0.34448819,59.748665 -50.368989 0.34448819,
  59.745157 -50.369239 0.34448819,59.739637 -50.371999 0.34448819,
  59.733784 -50.37395 0.34448819,59.731128 -50.376253 0.34448819,
  59.727982 -50.377826 0.34448819,59.723939 -50.382488 0.34448819,
  59.719278 -50.386531 0.34448819,59.717705 -50.389676 0.34448819,
  59.715402 -50.392332 0.34448819,59.711469 -50.401141 0.34448819,
  59.582078 -50.789314 0.34448819,59.514618 -50.991693 0.34448819,
  59.512479 -51.0011 0.34448819,59.51384 -51.020253 0.34448819,
  59.522428 -51.037428 0.34448819,59.536934 -51.050009 0.34448819,
  59.55515 -51.056081 0.34448819,59.574303 -51.05472 0.34448819,
  59.591478 -51.046133 0.34448819,59.604059 -51.031626 0.34448819,
  59.607992 -51.022817 0.34448819,59.653018 -50.887739 0.34448819,
  59.830484 -50.789314 0.34448819,59.685827 -50.789314 0.34448819,
  59.758155 -50.572327 0.34448819,60.172972 -46.82271 0.34448819,
  60.136557 -46.877332 0.34448819,60.1027 -46.911189 0.34448819,
  60.068062 -46.928509 0.34448819,60.061994 -46.933218 0.34448819,
  60.05723 -46.947511 0.34448819,60.063968 -46.960987 0.34448819,
  60.078261 -46.965751 0.34448819,60.085669 -46.963722 0.34448819,
  60.123164 -46.944975 0.34448819,60.125657 -46.943039 0.34448819,
  60.12828 -46.941287 0.34448819,60.165775 -46.903792 0.34448819,
  60.166857 -46.902172 0.34448819,60.168235 -46.900792 0.34448819,
  60.169666 -46.898645 0.34448819,60.169666 -47.207645 0.34448819,
  60.076865 -47.207645 0.34448819,60.069332 -47.209144 0.34448819,
  60.058679 -47.219797 0.34448819,60.058679 -47.234863 0.34448819,
  60.069332 -47.245517 0.34448819,60.076865 -47.247015 0.34448819,
  60.301837 -47.247015 0.34448819,60.30937 -47.245517 0.34448819,
  60.320024 -47.234863 0.34448819,60.320024 -47.219797 0.34448819,
  60.30937 -47.209144 0.34448819,60.301837 -47.207645 0.34448819,
  60.209036 -47.207645 0.34448819,60.209036 -46.83363 0.34448819,
  60.207538 -46.826096 0.34448819,60.206104 -46.824663 0.34448819,
  60.205707 -46.822676 0.34448819,60.200937 -46.819496 0.34448819,
  60.196884 -46.815443 0.34448819,60.194858 -46.815443 0.34448819,
  60.193172 -46.814319 0.34448819,60.18755 -46.815443 0.34448819,
  60.181818 -46.815443 0.34448819,60.180385 -46.816876 0.34448819,
  60.178398 -46.817274 0.34448819,59.927821 -46.83363 0.34448819,
  59.926323 -46.826096 0.34448819,59.915669 -46.815443 0.34448819,
  59.900603 -46.815443 0.34448819,59.88995 -46.826096 0.34448819,
  59.888451 -46.83363 0.34448819,59.888451 -47.11165 0.34448819,
  59.872183 -47.160454 0.34448819,59.841259 -47.191377 0.34448819,
  59.792456 -47.207645 0.34448819,59.758155 -47.207645 0.34448819,
  59.750622 -47.209144 0.34448819,59.739969 -47.219797 0.34448819,
  59.739969 -47.234863 0.34448819,59.750622 -47.245517 0.34448819,
  59.758155 -47.247015 0.34448819,59.79565 -47.247015 0.34448819,
  59.798746 -47.2464 0.34448819,59.801875 -47.246005 0.34448819,
  59.858118 -47.227257 0.34448819,59.858974 -47.226769 0.34448819,
  59.859427 -47.226769 0.34448819,59.862053 -47.225014 0.34448819,
  59.864791 -47.223454 0.34448819,59.864992 -47.22305 0.34448819,
  59.865813 -47.222502 0.34448819,59.903308 -47.185006 0.34448819,
  59.903856 -47.184186 0.34448819,59.90426 -47.183985 0.34448819,
  59.905822 -47.181244 0.34448819,59.907575 -47.17862 0.34448819,
  59.907575 -47.178168 0.34448819,59.908063 -47.177312 0.34448819,
  59.926811 -47.121069 0.34448819,59.927206 -47.117939 0.34448819,
  59.927821 -47.114844 0.34448819,59.035433 -46.673228 0.34448819,
  59.035433 -49.783465 0.34448819,57.106299 -49.783465 0.34448819,
  57.106299 -46.673228 0.34448819,61.023622 -50.216535 0.34448819,
  61.031155 -50.215037 0.34448819,61.041809 -50.204383 0.34448819,
  61.043307 -50.19685 0.34448819,61.043307 -46.653543 0.34448819,
  61.041809 -46.64601 0.34448819,61.031155 -46.635357 0.34448819,
  61.023622 -46.633858 0.34448819,57.086614 -46.633858 0.34448819,
  57.079081 -46.635357 0.34448819,57.068428 -46.64601 0.34448819,
  57.066929 -46.653543 0.34448819,57.066929 -49.783465 0.34448819,
  57.066929 -50.177165 0.34448819,57.066929 -50.19685 0.34448819,
  57.068428 -50.204383 0.34448819,57.079081 -50.215037 0.34448819,
  57.086614 -50.216535 0.34448819,61.003937 -46.673228 0.34448819,
  61.003937 -49.783465 0.34448819,59.074803 -49.783465 0.34448819,
  59.074803 -46.673228 0.34448819,59.074803 -49.822835 0.34448819,
  61.003937 -49.822835 0.34448819,61.003937 -50.177165 0.34448819,
  59.074803 -50.177165 0.34448819,57.106299 -49.822835 0.34448819,
  59.035433 -49.822835 0.34448819,59.035433 -50.177165 0.34448819,
  57.106299 -50.177165 0.34448819,62.284229 -45.968622 0.34448819,
  62.269251 -45.938666 0.34448819,62.023617 -45.938666 0.34448819,
  62.008639 -45.968622 0.34448819,62.008639 -46.049317 0.34448819,
  62.027629 -46.087297 0.34448819,62.045609 -46.105277 0.34448819,
  62.083589 -46.124267 0.34448819,62.209279 -46.124267 0.34448819,
  62.24726 -46.105276 0.34448819,62.265239 -46.087297 0.34448819,
  62.284229 -46.049317 0.34448819,62.143622 -45.536528 0.34448819,
  62.143622 -45.644368 0.34448819,62.161106 -45.679336 0.34448819,
  62.196075 -45.696821 0.34448819,62.231776 -45.696821 0.34448819,
  62.266745 -45.679336 0.34448819,62.284229 -45.644367 0.34448819,
  62.284229 -45.541175 0.34448819,62.269251 -45.511219 0.34448819,
  62.133291 -45.511219 0.34448819,62.141544 -45.527725 0.34448819,
  62.141804 -45.528676 0.34448819,62.142124 -45.528995 0.34448819,
  62.142739 -45.53209 0.34448819,62.143572 -45.535133 0.34448819,
  62.14343 -45.535561 0.34448819,62.284229 -43.088982 0.34448819,
  62.265239 -43.051001 0.34448819,62.247259 -43.033022 0.34448819,
  62.209279 -43.014031 0.34448819,62.083589 -43.014031 0.34448819,
  62.045608 -43.033022 0.34448819,62.027629 -43.051001 0.34448819,
  62.008639 -43.088982 0.34448819,62.008639 -43.14718 0.34448819,
  62.027629 -43.18516 0.34448819,62.045609 -43.20314 0.34448819,
  62.083589 -43.22213 0.34448819,62.209279 -43.22213 0.34448819,
  62.24726 -43.203139 0.34448819,62.265239 -43.18516 0.34448819,
  62.284229 -43.14718 0.34448819,62.284229 -41.604168 0.34448819,
  62.265239 -41.566187 0.34448819,62.247259 -41.548208 0.34448819,
  62.209279 -41.529217 0.34448819,62.083589 -41.529217 0.34448819,
  62.045608 -41.548208 0.34448819,62.027629 -41.566187 0.34448819,
  62.008639 -41.604168 0.34448819,62.008639 -41.662365 0.34448819,
  62.027629 -41.700346 0.34448819,62.045609 -41.718326 0.34448819,
  62.083589 -41.737316 0.34448819,62.209279 -41.737316 0.34448819,
  62.24726 -41.718325 0.34448819,62.265239 -41.700346 0.34448819,
  62.284229 -41.662365 0.34448819,62.323599 -45.963975 0.34448819,
  62.323599 -46.053964 0.34448819,62.323407 -46.054931 0.34448819,
  62.32355 -46.055359 0.34448819,62.322716 -46.058402 0.34448819,
  62.322101 -46.061497 0.34448819,62.321781 -46.061816 0.34448819,
  62.321521 -46.062767 0.34448819,62.299024 -46.107761 0.34448819,
  62.297091 -46.110252 0.34448819,62.295337 -46.112878 0.34448819,
  62.272839 -46.135374 0.34448819,62.270217 -46.137126 0.34448819,
  62.267724 -46.139062 0.34448819,62.222729 -46.161559 0.34448819,
  62.221778 -46.161819 0.34448819,62.221459 -46.162139 0.34448819,
  62.218363 -46.162754 0.34448819,62.215321 -46.163588 0.34448819,
  62.214893 -46.163445 0.34448819,62.213926 -46.163637 0.34448819,
  62.078943 -46.163637 0.34448819,62.077975 -46.163445 0.34448819,
  62.077547 -46.163588 0.34448819,62.074504 -46.162754 0.34448819,
  62.071409 -46.162139 0.34448819,62.07109 -46.16182 0.34448819,
  62.070139 -46.161559 0.34448819,62.025144 -46.139062 0.34448819,
  62.022653 -46.137128 0.34448819,62.020028 -46.135374 0.34448819,
  61.997531 -46.112877 0.34448819,61.995779 -46.110255 0.34448819,
  61.993844 -46.107761 0.34448819,61.971347 -46.062767 0.34448819,
  61.971086 -46.061816 0.34448819,61.970767 -46.061497 0.34448819,
  61.970151 -46.058402 0.34448819,61.969318 -46.055359 0.34448819,
  61.969461 -46.054931 0.34448819,61.969269 -46.053964 0.34448819,
  61.969269 -45.963975 0.34448819,61.969461 -45.963007 0.34448819,
  61.969318 -45.962579 0.34448819,61.970151 -45.959537 0.34448819,
  61.970767 -45.956442 0.34448819,61.971086 -45.956122 0.34448819,
  61.971347 -45.955171 0.34448819,61.9796 -45.938666 0.34448819,
  61.831473 -45.938666 0.34448819,61.82394 -45.937167 0.34448819,
  61.813287 -45.926514 0.34448819,61.813287 -45.911448 0.34448819,
  61.82394 -45.900794 0.34448819,61.831473 -45.899296 0.34448819,
  62.303914 -45.899296 0.34448819,62.311447 -45.900794 0.34448819,
  62.322101 -45.911448 0.34448819,62.322101 -45.926514 0.34448819,
  62.312161 -45.936453 0.34448819,62.321521 -45.955171 0.34448819,
  62.321781 -45.956122 0.34448819,62.322101 -45.956442 0.34448819,
  62.322716 -45.959537 0.34448819,62.32355 -45.962579 0.34448819,
  62.323407 -45.963007 0.34448819,61.894654 -43.819209 0.34448819,
  61.894654 -43.819209 0.34448819,61.894654 -43.834276 0.34448819,
  61.890387 -43.840662 0.34448819,61.86789 -43.863159 0.34448819,
  61.861504 -43.867426 0.34448819,61.846437 -43.867426 0.34448819,
  61.846437 -43.867426 0.34448819,61.840051 -43.863159 0.34448819,
  61.817554 -43.840662 0.34448819,61.813287 -43.834276 0.34448819,
  61.813287 -43.819209 0.34448819,61.813287 -43.819209 0.34448819,
  61.817554 -43.812823 0.34448819,61.840051 -43.790326 0.34448819,
  61.846437 -43.786059 0.34448819,61.861504 -43.786059 0.34448819,
  61.86789 -43.790326 0.34448819,61.890387 -43.812823 0.34448819,
  61.969269 -45.199071 0.34448819,61.969269 -45.131579 0.34448819,
  61.969461 -45.130612 0.34448819,61.969318 -45.130183 0.34448819,
  61.970151 -45.127141 0.34448819,61.970767 -45.124046 0.34448819,
  61.971086 -45.123726 0.34448819,61.971347 -45.122776 0.34448819,
  61.993844 -45.077781 0.34448819,61.996247 -45.074684 0.34448819,
  61.99658 -45.073687 0.34448819,61.99769 -45.072825 0.34448819,
  61.998553 -45.071713 0.34448819,61.999551 -45.07138 0.34448819,
  62.002648 -45.068978 0.34448819,62.047642 -45.046481 0.34448819,
  62.048593 -45.04622 0.34448819,62.048912 -45.045901 0.34448819,
  62.052008 -45.045285 0.34448819,62.05505 -45.044452 0.34448819,
  62.055478 -45.044595 0.34448819,62.056445 -45.044403 0.34448819,
  62.303914 -45.044403 0.34448819,62.311447 -45.045901 0.34448819,
  62.322101 -45.056555 0.34448819,62.322101 -45.071621 0.34448819,
  62.311447 -45.082274 0.34448819,62.303914 -45.083773 0.34448819,
  62.061093 -45.083773 0.34448819,62.026123 -45.101257 0.34448819,
  62.008639 -45.136226 0.34448819,62.008639 -45.194424 0.34448819,
  62.027629 -45.232404 0.34448819,62.042102 -45.246877 0.34448819,
  62.303914 -45.246877 0.34448819,62.311447 -45.248376 0.34448819,
  62.322101 -45.259029 0.34448819,62.322101 -45.274095 0.34448819,
  62.311447 -45.284749 0.34448819,62.303914 -45.286247 0.34448819,
  61.988954 -45.286247 0.34448819,61.98142 -45.284749 0.34448819,
  61.970767 -45.274095 0.34448819,61.970767 -45.259029 0.34448819,
  61.98142 -45.248376 0.34448819,61.988954 -45.246877 0.34448819,
  61.990848 -45.246877 0.34448819,61.971347 -45.207874 0.34448819,
  61.971086 -45.206923 0.34448819,61.970767 -45.206604 0.34448819,
  61.970151 -45.203509 0.34448819,61.969318 -45.200467 0.34448819,
  61.969461 -45.200038 0.34448819,61.969318 -44.11781 0.34448819,
  61.970151 -44.114768 0.34448819,61.970767 -44.111673 0.34448819,
  61.971086 -44.111353 0.34448819,61.971347 -44.110402 0.34448819,
  61.993844 -44.065408 0.34448819,61.996247 -44.062311 0.34448819,
  61.99658 -44.061314 0.34448819,61.99769 -44.060452 0.34448819,
  61.998553 -44.05934 0.34448819,61.999551 -44.059007 0.34448819,
  62.002648 -44.056604 0.34448819,62.047642 -44.034108 0.34448819,
  62.048593 -44.033847 0.34448819,62.048912 -44.033528 0.34448819,
  62.052008 -44.032912 0.34448819,62.05505 -44.032079 0.34448819,
  62.055478 -44.032222 0.34448819,62.056445 -44.03203 0.34448819,
  62.303914 -44.03203 0.34448819,62.311447 -44.033528 0.34448819,
  62.322101 -44.044181 0.34448819,62.322101 -44.059248 0.34448819,
  62.311447 -44.069901 0.34448819,62.303914 -44.0714 0.34448819,
  62.061093 -44.0714 0.34448819,62.026123 -44.088884 0.34448819,
  62.008639 -44.123853 0.34448819,62.008639 -44.18205 0.34448819,
  62.027629 -44.220031 0.34448819,62.042102 -44.234504 0.34448819,
  62.303914 -44.234504 0.34448819,62.311447 -44.236002 0.34448819,
  62.322101 -44.246656 0.34448819,62.322101 -44.261722 0.34448819,
  62.311447 -44.272376 0.34448819,62.303914 -44.273874 0.34448819,
  61.988954 -44.273874 0.34448819,61.98142 -44.272376 0.34448819,
  61.970767 -44.261722 0.34448819,61.970767 -44.246656 0.34448819,
  61.98142 -44.236002 0.34448819,61.988954 -44.234504 0.34448819,
  61.990848 -44.234504 0.34448819,61.971347 -44.195501 0.34448819,
  61.971086 -44.19455 0.34448819,61.970767 -44.194231 0.34448819,
  61.970151 -44.191135 0.34448819,61.969318 -44.188093 0.34448819,
  61.969461 -44.187665 0.34448819,61.969269 -44.186698 0.34448819,
  61.969269 -44.119206 0.34448819,61.969461 -44.118239 0.34448819,
  62.322101 -42.371959 0.34448819,62.3221 -42.371959 0.34448819,
  62.317834 -42.378344 0.34448819,62.295337 -42.400842 0.34448819,
  62.288951 -42.405109 0.34448819,62.273884 -42.405109 0.34448819,
  62.273884 -42.405109 0.34448819,62.267498 -42.400842 0.34448819,
  62.245001 -42.378344 0.34448819,62.240733 -42.371958 0.34448819,
  62.240733 -42.356892 0.34448819,62.240734 -42.356892 0.34448819,
  62.245001 -42.350506 0.34448819,62.267498 -42.328009 0.34448819,
  62.273884 -42.323741 0.34448819,62.28895 -42.323741 0.34448819,
  62.288951 -42.323741 0.34448819,62.295337 -42.328009 0.34448819,
  62.317834 -42.350506 0.34448819,62.3221 -42.356891 0.34448819,
  62.322101 -42.356892 0.34448819,62.322101 -42.356892 0.34448819,
  61.969269 -42.72438 0.34448819,61.969269 -42.656889 0.34448819,
  61.969461 -42.655921 0.34448819,61.969318 -42.655493 0.34448819,
  61.970151 -42.65245 0.34448819,61.970767 -42.649356 0.34448819,
  61.971086 -42.649036 0.34448819,61.971347 -42.648085 0.34448819,
  61.993844 -42.603091 0.34448819,61.996247 -42.599994 0.34448819,
  61.99658 -42.598996 0.34448819,61.99769 -42.598134 0.34448819,
  61.998553 -42.597023 0.34448819,61.999551 -42.59669 0.34448819,
  62.002648 -42.594287 0.34448819,62.047642 -42.571791 0.34448819,
  62.048593 -42.57153 0.34448819,62.048912 -42.571211 0.34448819,
  62.052008 -42.570594 0.34448819,62.05505 -42.569762 0.34448819,
  62.055478 -42.569904 0.34448819,62.056445 -42.569712 0.34448819,
  62.303914 -42.569712 0.34448819,62.311447 -42.571211 0.34448819,
  62.322101 -42.581864 0.34448819,62.322101 -42.59693 0.34448819,
  62.311447 -42.607584 0.34448819,62.303914 -42.609082 0.34448819,
  62.061093 -42.609082 0.34448819,62.026123 -42.626567 0.34448819,
  62.008639 -42.661535 0.34448819,62.008639 -42.719733 0.34448819,
  62.027629 -42.757714 0.34448819,62.042102 -42.772187 0.34448819,
  62.303914 -42.772187 0.34448819,62.311447 -42.773685 0.34448819,
  62.322101 -42.784339 0.34448819,62.322101 -42.799405 0.34448819,
  62.311447 -42.810058 0.34448819,62.303914 -42.811557 0.34448819,
  61.988954 -42.811557 0.34448819,61.98142 -42.810058 0.34448819,
  61.970767 -42.799405 0.34448819,61.970767 -42.784339 0.34448819,
  61.98142 -42.773685 0.34448819,61.988954 -42.772187 0.34448819,
  61.990848 -42.772187 0.34448819,61.971347 -42.733184 0.34448819,
  61.971086 -42.732233 0.34448819,61.970767 -42.731913 0.34448819,
  61.970151 -42.728818 0.34448819,61.969318 -42.725776 0.34448819,
  61.969461 -42.725347 0.34448819,62.323599 -41.599521 0.34448819,
  62.323599 -41.667013 0.34448819,62.323407 -41.66798 0.34448819,
  62.32355 -41.668408 0.34448819,62.322716 -41.67145 0.34448819,
  62.322101 -41.674546 0.34448819,62.321781 -41.674865 0.34448819,
  62.321521 -41.675816 0.34448819,62.299024 -41.72081 0.34448819,
  62.297091 -41.7233 0.34448819,62.295337 -41.725926 0.34448819,
  62.272839 -41.748423 0.34448819,62.270217 -41.750175 0.34448819,
  62.267724 -41.752111 0.34448819,62.222729 -41.774608 0.34448819,
  62.221778 -41.774868 0.34448819,62.221459 -41.775188 0.34448819,
  62.218363 -41.775803 0.34448819,62.215321 -41.776637 0.34448819,
  62.214893 -41.776494 0.34448819,62.213926 -41.776686 0.34448819,
  62.078943 -41.776686 0.34448819,62.077975 -41.776494 0.34448819,
  62.077547 -41.776637 0.34448819,62.074504 -41.775803 0.34448819,
  62.071409 -41.775188 0.34448819,62.07109 -41.774869 0.34448819,
  62.070139 -41.774608 0.34448819,62.025144 -41.752111 0.34448819,
  62.022653 -41.750177 0.34448819,62.020028 -41.748423 0.34448819,
  61.997531 -41.725926 0.34448819,61.995779 -41.723304 0.34448819,
  61.993844 -41.72081 0.34448819,61.971347 -41.675816 0.34448819,
  61.971086 -41.674865 0.34448819,61.970767 -41.674546 0.34448819,
  61.970151 -41.67145 0.34448819,61.969318 -41.668408 0.34448819,
  61.969461 -41.66798 0.34448819,61.969269 -41.667013 0.34448819,
  61.969269 -41.599521 0.34448819,61.969461 -41.598554 0.34448819,
  61.969318 -41.598125 0.34448819,61.970151 -41.595083 0.34448819,
  61.970767 -41.591988 0.34448819,61.971086 -41.591668 0.34448819,
  61.971347 -41.590717 0.34448819,61.993844 -41.545723 0.34448819,
  61.995778 -41.543231 0.34448819,61.997531 -41.540607 0.34448819,
  62.020029 -41.51811 0.34448819,62.022653 -41.516356 0.34448819,
  62.025144 -41.514423 0.34448819,62.070139 -41.491925 0.34448819,
  62.07109 -41.491665 0.34448819,62.071409 -41.491346 0.34448819,
  62.074504 -41.49073 0.34448819,62.077547 -41.489897 0.34448819,
  62.077975 -41.490039 0.34448819,62.078943 -41.489847 0.34448819,
  62.213926 -41.489847 0.34448819,62.214893 -41.490039 0.34448819,
  62.215321 -41.489897 0.34448819,62.218363 -41.49073 0.34448819,
  62.221459 -41.491346 0.34448819,62.221778 -41.491665 0.34448819,
  62.222729 -41.491926 0.34448819,62.267724 -41.514423 0.34448819,
  62.270215 -41.516356 0.34448819,62.272839 -41.51811 0.34448819,
  62.295337 -41.540607 0.34448819,62.29709 -41.543231 0.34448819,
  62.299024 -41.545723 0.34448819,62.321521 -41.590717 0.34448819,
  62.321781 -41.591668 0.34448819,62.322101 -41.591988 0.34448819,
  62.322717 -41.595084 0.34448819,62.32355 -41.598126 0.34448819,
  62.323407 -41.598554 0.34448819,62.322101 -43.819209 0.34448819,
  62.322101 -43.834276 0.34448819,62.311447 -43.844929 0.34448819,
  62.303914 -43.846428 0.34448819,61.988954 -43.846428 0.34448819,
  61.98142 -43.844929 0.34448819,61.970767 -43.834276 0.34448819,
  61.970767 -43.819209 0.34448819,61.98142 -43.808556 0.34448819,
  61.988954 -43.807057 0.34448819,62.303914 -43.807057 0.34448819,
  62.311447 -43.808556 0.34448819,61.969269 -41.239566 0.34448819,
  61.969269 -41.172074 0.34448819,61.969461 -41.171107 0.34448819,
  61.969318 -41.170679 0.34448819,61.970151 -41.167636 0.34448819,
  61.970767 -41.164541 0.34448819,61.971086 -41.164222 0.34448819,
  61.971347 -41.163271 0.34448819,61.993844 -41.118276 0.34448819,
  61.996247 -41.11518 0.34448819,61.99658 -41.114182 0.34448819,
  61.99769 -41.11332 0.34448819,61.998553 -41.112209 0.34448819,
  61.999551 -41.111876 0.34448819,62.002648 -41.109473 0.34448819,
  62.012428 -41.104583 0.34448819,62.002647 -41.099693 0.34448819,
  61.999551 -41.09729 0.34448819,61.998553 -41.096957 0.34448819,
  61.997691 -41.095846 0.34448819,61.99658 -41.094983 0.34448819,
  61.996246 -41.093985 0.34448819,61.993844 -41.090889 0.34448819,
  61.971347 -41.045895 0.34448819,61.971086 -41.044944 0.34448819,
  61.970767 -41.044624 0.34448819,61.970151 -41.041529 0.34448819,
  61.969318 -41.038487 0.34448819,61.969461 -41.038058 0.34448819,
  61.969269 -41.037091 0.34448819,61.969269 -40.9696 0.34448819,
  61.969461 -40.968632 0.34448819,61.969318 -40.968204 0.34448819,
  61.970151 -40.965161 0.34448819,61.970767 -40.962067 0.34448819,
  61.971086 -40.961747 0.34448819,61.971347 -40.960796 0.34448819,
  61.993844 -40.915802 0.34448819,61.996246 -40.912706 0.34448819,
  61.99658 -40.911708 0.34448819,61.997691 -40.910845 0.34448819,
  61.998553 -40.909734 0.34448819,61.999551 -40.909401 0.34448819,
  62.002647 -40.906999 0.34448819,62.047642 -40.884501 0.34448819,
  62.048593 -40.884241 0.34448819,62.048912 -40.883922 0.34448819,
  62.052007 -40.883306 0.34448819,62.05505 -40.882473 0.34448819,
  62.055478 -40.882615 0.34448819,62.056445 -40.882423 0.34448819,
  62.303914 -40.882423 0.34448819,62.311447 -40.883922 0.34448819,
  62.322101 -40.894575 0.34448819,62.322101 -40.909641 0.34448819,
  62.311447 -40.920295 0.34448819,62.303914 -40.921793 0.34448819,
  62.061092 -40.921793 0.34448819,62.026123 -40.939278 0.34448819,
  62.008639 -40.974246 0.34448819,62.008639 -41.032444 0.34448819,
  62.026123 -41.067413 0.34448819,62.061092 -41.084898 0.34448819,
  62.303914 -41.084898 0.34448819,62.311447 -41.086396 0.34448819,
  62.322101 -41.09705 0.34448819,62.322101 -41.112116 0.34448819,
  62.311447 -41.12277 0.34448819,62.303914 -41.124268 0.34448819,
  62.061093 -41.124268 0.34448819,62.026123 -41.141752 0.34448819,
  62.008639 -41.176721 0.34448819,62.008639 -41.234919 0.34448819,
  62.027629 -41.2729 0.34448819,62.042102 -41.287372 0.34448819,
  62.303914 -41.287372 0.34448819,62.311447 -41.288871 0.34448819,
  62.322101 -41.299524 0.34448819,62.322101 -41.314591 0.34448819,
  62.311447 -41.325244 0.34448819,62.303914 -41.326743 0.34448819,
  61.988954 -41.326743 0.34448819,61.98142 -41.325244 0.34448819,
  61.970767 -41.314591 0.34448819,61.970767 -41.299524 0.34448819,
  61.98142 -41.288871 0.34448819,61.988954 -41.287372 0.34448819,
  61.990848 -41.287372 0.34448819,61.971347 -41.24837 0.34448819,
  61.971086 -41.247419 0.34448819,61.970767 -41.247099 0.34448819,
  61.970151 -41.244004 0.34448819,61.969318 -41.240962 0.34448819,
  61.969461 -41.240533 0.34448819,62.323599 -41.981973 0.34448819,
  62.323599 -42.071962 0.34448819,62.323407 -42.072929 0.34448819,
  62.32355 -42.073357 0.34448819,62.322716 -42.0764 0.34448819,
  62.322101 -42.079495 0.34448819,62.321781 -42.079814 0.34448819,
  62.321521 -42.080765 0.34448819,62.299024 -42.125759 0.34448819,
  62.297091 -42.12825 0.34448819,62.295337 -42.130876 0.34448819,
  62.272839 -42.153372 0.34448819,62.270217 -42.155124 0.34448819,
  62.267724 -42.15706 0.34448819,62.222729 -42.179557 0.34448819,
  62.221778 -42.179817 0.34448819,62.221459 -42.180137 0.34448819,
  62.218363 -42.180752 0.34448819,62.215321 -42.181586 0.34448819,
  62.214893 -42.181443 0.34448819,62.213926 -42.181635 0.34448819,
  62.078943 -42.181635 0.34448819,62.077975 -42.181443 0.34448819,
  62.077547 -42.181586 0.34448819,62.074504 -42.180752 0.34448819,
  62.071409 -42.180137 0.34448819,62.07109 -42.179818 0.34448819,
  62.070139 -42.179557 0.34448819,62.025144 -42.15706 0.34448819,
  62.022653 -42.155126 0.34448819,62.020028 -42.153372 0.34448819,
  61.997531 -42.130875 0.34448819,61.995779 -42.128253 0.34448819,
  61.993844 -42.125759 0.34448819,61.971347 -42.080765 0.34448819,
  61.971086 -42.079814 0.34448819,61.970767 -42.079495 0.34448819,
  61.970151 -42.0764 0.34448819,61.969318 -42.073357 0.34448819,
  61.969461 -42.072929 0.34448819,61.969269 -42.071962 0.34448819,
  61.969269 -41.981973 0.34448819,61.969461 -41.981006 0.34448819,
  61.969318 -41.980577 0.34448819,61.970151 -41.977535 0.34448819,
  61.970767 -41.97444 0.34448819,61.971086 -41.97412 0.34448819,
  61.971347 -41.973169 0.34448819,61.993844 -41.928175 0.34448819,
  61.998553 -41.922107 0.34448819,62.012846 -41.917343 0.34448819,
  62.026322 -41.924081 0.34448819,62.031086 -41.938374 0.34448819,
  62.029057 -41.945782 0.34448819,62.008639 -41.98662 0.34448819,
  62.008639 -42.067315 0.34448819,62.027629 -42.105295 0.34448819,
  62.045609 -42.123275 0.34448819,62.083589 -42.142265 0.34448819,
  62.209279 -42.142265 0.34448819,62.24726 -42.123274 0.34448819,
  62.265239 -42.105295 0.34448819,62.284229 -42.067315 0.34448819,
  62.284229 -41.98662 0.34448819,62.263811 -41.945782 0.34448819,
  62.261782 -41.938374 0.34448819,62.266546 -41.924081 0.34448819,
  62.280022 -41.917343 0.34448819,62.294315 -41.922108 0.34448819,
  62.299024 -41.928175 0.34448819,62.321521 -41.973169 0.34448819,
  62.321781 -41.97412 0.34448819,62.322101 -41.97444 0.34448819,
  62.322716 -41.977535 0.34448819,62.32355 -41.980577 0.34448819,
  62.323407 -41.981006 0.34448819,62.376093 -46.216131 0.34448819,
  62.376093 -40.82993 0.34448819,61.760793 -40.82993 0.34448819,
  61.760793 -40.9696 0.34448819,61.760793 -41.599521 0.34448819,
  61.760793 -41.981973 0.34448819,61.760793 -42.356892 0.34448819,
  61.760793 -42.656889 0.34448819,61.760793 -43.084335 0.34448819,
  61.760793 -43.393983 0.34448819,61.760793 -43.819209 0.34448819,
  61.760793 -44.119206 0.34448819,61.760793 -44.479161 0.34448819,
  61.760793 -45.131579 0.34448819,61.760793 -45.559026 0.34448819,
  61.760793 -45.911448 0.34448819,61.760793 -46.216131 0.34448819,
  62.143622 -44.479161 0.34448819,62.143622 -44.839116 0.34448819,
  62.142124 -44.846649 0.34448819,62.13147 -44.857302 0.34448819,
  62.116404 -44.857302 0.34448819,62.10575 -44.846649 0.34448819,
  62.104252 -44.839116 0.34448819,62.104252 -44.479161 0.34448819,
  62.10575 -44.471628 0.34448819,62.116404 -44.460974 0.34448819,
  62.13147 -44.460974 0.34448819,62.142124 -44.471628 0.34448819,
  62.216596 -35.12606 0.34448819,62.21835 -35.123435 0.34448819,
  62.220284 -35.120944 0.34448819,62.239031 -35.083448 0.34448819,
  62.239292 -35.082497 0.34448819,62.239611 -35.082178 0.34448819,
  62.240227 -35.079083 0.34448819,62.24106 -35.076041 0.34448819,
  62.240917 -35.075612 0.34448819,62.24111 -35.074645 0.34448819,
  62.24111 -35.03715 0.34448819,62.240917 -35.036182 0.34448819,
  62.24106 -35.035754 0.34448819,62.240227 -35.032711 0.34448819,
  62.239611 -35.029617 0.34448819,62.239292 -35.029297 0.34448819,
  62.239031 -35.028346 0.34448819,62.220284 -34.990851 0.34448819,
  62.21835 -34.988359 0.34448819,62.216596 -34.985735 0.34448819,
  62.197848 -34.966987 0.34448819,62.195224 -34.965233 0.34448819,
  62.192732 -34.9633 0.34448819,62.155237 -34.944552 0.34448819,
  62.153158 -34.943983 0.34448819,62.151208 -34.943062 0.34448819,
  62.076218 -34.924314 0.34448819,62.073809 -34.924197 0.34448819,
  62.071443 -34.923726 0.34448819,61.977705 -34.923726 0.34448819,
  61.975339 -34.924197 0.34448819,61.972931 -34.924314 0.34448819,
  61.89794 -34.943062 0.34448819,61.89599 -34.943983 0.34448819,
  61.893911 -34.944552 0.34448819,61.856416 -34.9633 0.34448819,
  61.853924 -34.965233 0.34448819,61.8513 -34.966987 0.34448819,
  61.832552 -34.985735 0.34448819,61.8308 -34.988357 0.34448819,
  61.828865 -34.990851 0.34448819,61.810117 -35.028346 0.34448819,
  61.809857 -35.029297 0.34448819,61.809537 -35.029617 0.34448819,
  61.808922 -35.032711 0.34448819,61.808089 -35.035754 0.34448819,
  61.808231 -35.036182 0.34448819,61.808039 -35.03715 0.34448819,
  61.808039 -35.041796 0.34448819,61.808039 -35.074645 0.34448819,
  61.808231 -35.075612 0.34448819,61.808089 -35.076041 0.34448819,
  61.808922 -35.079083 0.34448819,61.809537 -35.082178 0.34448819,
  61.809857 -35.082497 0.34448819,61.810117 -35.083448 0.34448819,
  61.828865 -35.120943 0.34448819,61.8308 -35.123437 0.34448819,
  61.832552 -35.126059 0.34448819,61.8513 -35.144807 0.34448819,
  61.853924 -35.146561 0.34448819,61.856416 -35.148494 0.34448819,
  61.893911 -35.167242 0.34448819,61.89599 -35.167811 0.34448819,
  61.89794 -35.168733 0.34448819,61.972931 -35.18748 0.34448819,
  61.975339 -35.187597 0.34448819,61.977705 -35.188068 0.34448819,
  62.071443 -35.188068 0.34448819,62.073809 -35.187597 0.34448819,
  62.076218 -35.18748 0.34448819,62.151208 -35.168733 0.34448819,
  62.153158 -35.167811 0.34448819,62.155237 -35.167242 0.34448819,
  62.192732 -35.148495 0.34448819,62.195224 -35.146561 0.34448819,
  62.197848 -35.144807 0.34448819,62.20174 -35.041796 0.34448819,
  62.20174 -35.069998 0.34448819,62.186499 -35.100479 0.34448819,
  62.172268 -35.114709 0.34448819,62.139563 -35.131062 0.34448819,
  62.06902 -35.148698 0.34448819,61.980128 -35.148698 0.34448819,
  61.909585 -35.131062 0.34448819,61.87688 -35.114709 0.34448819,
  61.86265 -35.10048 0.34448819,61.847409 -35.069998 0.34448819,
  61.847409 -35.041796 0.34448819,61.86265 -35.011315 0.34448819,
  61.87688 -34.997085 0.34448819,61.909585 -34.980732 0.34448819,
  61.980128 -34.963096 0.34448819,62.06902 -34.963096 0.34448819,
  62.139563 -34.980732 0.34448819,62.172268 -34.997085 0.34448819,
  62.186499 -35.011315 0.34448819,62.32355 -43.153222 0.34448819,
  62.322716 -43.156265 0.34448819,62.322101 -43.15936 0.34448819,
  62.321781 -43.159679 0.34448819,62.321521 -43.16063 0.34448819,
  62.299024 -43.205624 0.34448819,62.297091 -43.208115 0.34448819,
  62.295337 -43.210741 0.34448819,62.272839 -43.233237 0.34448819,
  62.270217 -43.234989 0.34448819,62.267724 -43.236925 0.34448819,
  62.222729 -43.259422 0.34448819,62.221778 -43.259682 0.34448819,
  62.221459 -43.260002 0.34448819,62.218363 -43.260617 0.34448819,
  62.215321 -43.261451 0.34448819,62.214893 -43.261308 0.34448819,
  62.213926 -43.2615 0.34448819,62.078943 -43.2615 0.34448819,
  62.077975 -43.261308 0.34448819,62.077547 -43.261451 0.34448819,
  62.074504 -43.260617 0.34448819,62.071409 -43.260002 0.34448819,
  62.07109 -43.259683 0.34448819,62.070139 -43.259422 0.34448819,
  62.025144 -43.236925 0.34448819,62.022653 -43.234991 0.34448819,
  62.020028 -43.233237 0.34448819,61.997531 -43.21074 0.34448819,
  61.995779 -43.208118 0.34448819,61.993844 -43.205624 0.34448819,
  61.971347 -43.16063 0.34448819,61.971086 -43.159679 0.34448819,
  61.970767 -43.15936 0.34448819,61.970151 -43.156265 0.34448819,
  61.969318 -43.153222 0.34448819,61.969461 -43.152794 0.34448819,
  61.969269 -43.151827 0.34448819,61.969269 -43.084335 0.34448819,
  61.969461 -43.083368 0.34448819,61.969318 -43.082939 0.34448819,
  61.970151 -43.079897 0.34448819,61.970767 -43.076802 0.34448819,
  61.971086 -43.076482 0.34448819,61.971347 -43.075531 0.34448819,
  61.993844 -43.030537 0.34448819,61.995778 -43.028045 0.34448819,
  61.997531 -43.025421 0.34448819,62.020029 -43.002924 0.34448819,
  62.022653 -43.00117 0.34448819,62.025144 -42.999237 0.34448819,
  62.070139 -42.976739 0.34448819,62.07109 -42.976479 0.34448819,
  62.071409 -42.97616 0.34448819,62.074504 -42.975544 0.34448819,
  62.077547 -42.974711 0.34448819,62.077975 -42.974854 0.34448819,
  62.078943 -42.974661 0.34448819,62.213926 -42.974661 0.34448819,
  62.214893 -42.974854 0.34448819,62.215321 -42.974711 0.34448819,
  62.218363 -42.975544 0.34448819,62.221459 -42.97616 0.34448819,
  62.221778 -42.976479 0.34448819,62.222729 -42.97674 0.34448819,
  62.267724 -42.999237 0.34448819,62.270215 -43.00117 0.34448819,
  62.272839 -43.002924 0.34448819,62.295337 -43.025421 0.34448819,
  62.29709 -43.028045 0.34448819,62.299024 -43.030537 0.34448819,
  62.321521 -43.075531 0.34448819,62.321781 -43.076482 0.34448819,
  62.322101 -43.076802 0.34448819,62.322717 -43.079898 0.34448819,
  62.32355 -43.08294 0.34448819,62.323407 -43.083368 0.34448819,
  62.323599 -43.084335 0.34448819,62.323599 -43.151827 0.34448819,
  62.323407 -43.152794 0.34448819,62.32355 -45.535133 0.34448819,
  62.323407 -45.535561 0.34448819,62.323599 -45.536528 0.34448819,
  62.323599 -45.649015 0.34448819,62.323407 -45.649981 0.34448819,
  62.32355 -45.65041 0.34448819,62.322716 -45.653452 0.34448819,
  62.322101 -45.656548 0.34448819,62.321781 -45.656867 0.34448819,
  62.321521 -45.657818 0.34448819,62.299024 -45.702812 0.34448819,
  62.296621 -45.705907 0.34448819,62.296289 -45.706906 0.34448819,
  62.295176 -45.707769 0.34448819,62.294315 -45.70888 0.34448819,
  62.293317 -45.709212 0.34448819,62.290221 -45.711615 0.34448819,
  62.245226 -45.734113 0.34448819,62.244275 -45.734373 0.34448819,
  62.243956 -45.734693 0.34448819,62.240861 -45.735308 0.34448819,
  62.237819 -45.736141 0.34448819,62.23739 -45.735998 0.34448819,
  62.236423 -45.736191 0.34448819,62.191428 -45.736191 0.34448819,
  62.190461 -45.735998 0.34448819,62.190033 -45.736141 0.34448819,
  62.18699 -45.735308 0.34448819,62.183895 -45.734693 0.34448819,
  62.183576 -45.734373 0.34448819,62.182625 -45.734113 0.34448819,
  62.13763 -45.711615 0.34448819,62.134533 -45.709212 0.34448819,
  62.133536 -45.70888 0.34448819,62.132674 -45.707769 0.34448819,
  62.131563 -45.706906 0.34448819,62.13123 -45.705908 0.34448819,
  62.128827 -45.702812 0.34448819,62.10633 -45.657818 0.34448819,
  62.10607 -45.656867 0.34448819,62.10575 -45.656548 0.34448819,
  62.105134 -45.653451 0.34448819,62.104302 -45.65041 0.34448819,
  62.104444 -45.649981 0.34448819,62.104252 -45.649015 0.34448819,
  62.104252 -45.541175 0.34448819,62.089274 -45.511219 0.34448819,
  62.061093 -45.511219 0.34448819,62.026123 -45.528704 0.34448819,
  62.008639 -45.563672 0.34448819,62.008639 -45.644367 0.34448819,
  62.029057 -45.685205 0.34448819,62.031086 -45.692613 0.34448819,
  62.026322 -45.706906 0.34448819,62.012846 -45.713644 0.34448819,
  61.998553 -45.70888 0.34448819,61.993844 -45.702812 0.34448819,
  61.971347 -45.657818 0.34448819,61.971086 -45.656867 0.34448819,
  61.970767 -45.656548 0.34448819,61.970151 -45.653452 0.34448819,
  61.969318 -45.65041 0.34448819,61.969461 -45.649981 0.34448819,
  61.969269 -45.649015 0.34448819,61.969269 -45.559026 0.34448819,
  61.969461 -45.558058 0.34448819,61.969318 -45.55763 0.34448819,
  61.970151 -45.554587 0.34448819,61.970767 -45.551493 0.34448819,
  61.971086 -45.551173 0.34448819,61.971347 -45.550222 0.34448819,
  61.993844 -45.505228 0.34448819,61.996247 -45.502131 0.34448819,
  61.99658 -45.501133 0.34448819,61.99769 -45.500271 0.34448819,
  61.998553 -45.49916 0.34448819,61.999551 -45.498827 0.34448819,
  62.002648 -45.496424 0.34448819,62.047642 -45.473928 0.34448819,
  62.048593 -45.473667 0.34448819,62.048912 -45.473348 0.34448819,
  62.052008 -45.472731 0.34448819,62.05505 -45.471899 0.34448819,
  62.055478 -45.472041 0.34448819,62.056445 -45.471849 0.34448819,
  62.303914 -45.471849 0.34448819,62.311447 -45.473348 0.34448819,
  62.322101 -45.484001 0.34448819,62.322101 -45.499067 0.34448819,
  62.312161 -45.509006 0.34448819,62.321521 -45.527725 0.34448819,
  62.321781 -45.528676 0.34448819,62.322101 -45.528995 0.34448819,
  62.322716 -45.53209 0.34448819,62.322869 -43.393983 0.34448819,
  62.321074 -43.408943 0.34448819,62.316076 -43.414775 0.34448819,
  62.178296 -43.52303 0.34448819,62.316076 -43.631286 0.34448819,
  62.321074 -43.637119 0.34448819,62.322869 -43.652078 0.34448819,
  62.313561 -43.663924 0.34448819,62.298601 -43.665719 0.34448819,
  62.291752 -43.662244 0.34448819,62.146434 -43.548065 0.34448819,
  62.001115 -43.662244 0.34448819,61.994266 -43.66572 0.34448819,
  61.979307 -43.663924 0.34448819,61.969999 -43.652078 0.34448819,
  61.971794 -43.637119 0.34448819,61.976792 -43.631286 0.34448819,
  62.114572 -43.52303 0.34448819,61.976792 -43.414775 0.34448819,
  61.971794 -43.408943 0.34448819,61.969999 -43.393983 0.34448819,
  61.979307 -43.382137 0.34448819,61.994266 -43.380341 0.34448819,
  62.001115 -43.383817 0.34448819,62.146434 -43.497996 0.34448819,
  62.291752 -43.383817 0.34448819,62.298601 -43.380342 0.34448819,
  62.313561 -43.382137 0.34448819,55.870009 -46.154512 0.34448819,
  55.869176 -46.157555 0.34448819,55.869318 -46.157983 0.34448819,
  55.869126 -46.15895 0.34448819,55.869126 -46.196446 0.34448819,
  55.870624 -46.203979 0.34448819,55.881278 -46.214632 0.34448819,
  55.896344 -46.214632 0.34448819,55.906998 -46.203979 0.34448819,
  55.908496 -46.196446 0.34448819,55.908496 -46.163597 0.34448819,
  55.922231 -46.136127 0.34448819,55.949702 -46.122393 0.34448819,
  56.131593 -46.122393 0.34448819,56.131593 -46.196446 0.34448819,
  56.133092 -46.203979 0.34448819,56.143745 -46.214632 0.34448819,
  56.158811 -46.214632 0.34448819,56.169465 -46.203979 0.34448819,
  56.170963 -46.196446 0.34448819,56.170963 -46.122393 0.34448819,
  56.282512 -46.122393 0.34448819,56.290045 -46.120894 0.34448819,
  56.300698 -46.110241 0.34448819,56.300698 -46.095174 0.34448819,
  56.290045 -46.084521 0.34448819,56.282512 -46.083022 0.34448819,
  56.170963 -46.083022 0.34448819,56.170963 -46.046465 0.34448819,
  56.169465 -46.038931 0.34448819,56.158811 -46.028278 0.34448819,
  56.143745 -46.028278 0.34448819,56.133092 -46.038931 0.34448819,
  56.131593 -46.046465 0.34448819,56.131593 -46.083022 0.34448819,
  55.945054 -46.083022 0.34448819,55.944087 -46.083215 0.34448819,
  55.943659 -46.083072 0.34448819,55.940616 -46.083905 0.34448819,
  55.937521 -46.084521 0.34448819,55.937202 -46.08484 0.34448819,
  55.936251 -46.085101 0.34448819,55.898756 -46.103848 0.34448819,
  55.895659 -46.106251 0.34448819,55.894661 -46.106584 0.34448819,
  55.893799 -46.107695 0.34448819,55.892688 -46.108557 0.34448819,
  55.892355 -46.109556 0.34448819,55.889952 -46.112652 0.34448819,
  55.871204 -46.150147 0.34448819,55.870944 -46.151098 0.34448819,
  55.870624 -46.151417 0.34448819,59.23559 -45.051057 0.34448819,
  59.199174 -45.105679 0.34448819,59.165318 -45.139536 0.34448819,
  59.130679 -45.156855 0.34448819,59.124611 -45.161564 0.34448819,
  59.119847 -45.175857 0.34448819,59.126585 -45.189333 0.34448819,
  59.140878 -45.194097 0.34448819,59.148286 -45.192069 0.34448819,
  59.185781 -45.173321 0.34448819,59.188274 -45.171386 0.34448819,
  59.190897 -45.169633 0.34448819,59.228393 -45.132138 0.34448819,
  59.229474 -45.130519 0.34448819,59.230852 -45.129138 0.34448819,
  59.232283 -45.126991 0.34448819,59.232283 -45.435992 0.34448819,
  59.139483 -45.435992 0.34448819,59.13195 -45.43749 0.34448819,
  59.121296 -45.448144 0.34448819,59.121296 -45.46321 0.34448819,
  59.13195 -45.473863 0.34448819,59.139483 -45.475362 0.34448819,
  59.364454 -45.475362 0.34448819,59.371987 -45.473863 0.34448819,
  59.382641 -45.46321 0.34448819,59.382641 -45.448144 0.34448819,
  59.371987 -45.43749 0.34448819,59.364454 -45.435992 0.34448819,
  59.271654 -45.435992 0.34448819,59.271654 -45.061976 0.34448819,
  59.270155 -45.054443 0.34448819,59.268722 -45.053009 0.34448819,
  59.268324 -45.051022 0.34448819,59.263554 -45.047842 0.34448819,
  59.259502 -45.043789 0.34448819,59.257476 -45.043789 0.34448819,
  59.255789 -45.042665 0.34448819,59.250168 -45.043789 0.34448819,
  59.244435 -45.043789 0.34448819,59.243002 -45.045222 0.34448819,
  59.241015 -45.04562 0.34448819,58.784215 -45.239424 0.34448819,
  58.784215 -45.061976 0.34448819,58.782716 -45.054443 0.34448819,
  58.772063 -45.043789 0.34448819,58.756996 -45.043789 0.34448819,
  58.746343 -45.054443 0.34448819,58.744844 -45.061976 0.34448819,
  58.744844 -45.455677 0.34448819,58.746343 -45.46321 0.34448819,
  58.756996 -45.473863 0.34448819,58.772063 -45.473863 0.34448819,
  58.782716 -45.46321 0.34448819,58.784215 -45.455677 0.34448819,
  58.784215 -45.295101 0.34448819,58.818642 -45.260673 0.34448819,
  58.973753 -45.467488 0.34448819,58.979472 -45.472615 0.34448819,
  58.994387 -45.474746 0.34448819,59.00644 -45.465706 0.34448819,
  59.00857 -45.450791 0.34448819,59.005249 -45.443866 0.34448819,
  58.846764 -45.232552 0.34448819,59.00342 -45.075895 0.34448819,
  59.007688 -45.069509 0.34448819,59.007688 -45.054443 0.34448819,
  58.997034 -45.043789 0.34448819,58.981968 -45.043789 0.34448819,
  58.975582 -45.048057 0.34448819,61.633858 -46.200787 0.34448819,
  61.641391 -46.199289 0.34448819,61.652045 -46.188635 0.34448819,
  61.653543 -46.181102 0.34448819,61.653543 -34.76378 0.34448819,
  61.652045 -34.756246 0.34448819,61.641391 -34.745593 0.34448819,
  61.633858 -34.744094 0.34448819,56.515748 -34.744094 0.34448819,
  56.508215 -34.745593 0.34448819,56.497561 -34.756246 0.34448819,
  56.496063 -34.76378 0.34448819,56.496063 -46.161417 0.34448819,
  56.496063 -46.181102 0.34448819,56.497561 -46.188635 0.34448819,
  56.508215 -46.199289 0.34448819,56.515748 -46.200787 0.34448819,
  61.614173 -34.783465 0.34448819,61.614173 -46.161417 0.34448819,
  56.535433 -46.161417 0.34448819,56.535433 -34.783465 0.34448819,
  56.17008 -45.798307 0.34448819,56.169465 -45.795212 0.34448819,
  56.169145 -45.794892 0.34448819,56.168885 -45.793941 0.34448819,
  56.15467 -45.765512 0.34448819,56.158811 -45.764689 0.34448819,
  56.169465 -45.754035 0.34448819,56.169465 -45.738969 0.34448819,
  56.158811 -45.728315 0.34448819,56.151278 -45.726817 0.34448819,
  55.888811 -45.726817 0.34448819,55.881278 -45.728315 0.34448819,
  55.870624 -45.738969 0.34448819,55.870624 -45.754035 0.34448819,
  55.881278 -45.764689 0.34448819,55.888811 -45.766187 0.34448819,
  56.10563 -45.766187 0.34448819,56.116352 -45.77691 0.34448819,
  56.131593 -45.807392 0.34448819,56.131593 -45.854341 0.34448819,
  56.117858 -45.881811 0.34448819,56.090389 -45.895546 0.34448819,
  55.888811 -45.895546 0.34448819,55.881278 -45.897044 0.34448819,
  55.870624 -45.907698 0.34448819,55.870624 -45.922764 0.34448819,
  55.881278 -45.933417 0.34448819,55.888811 -45.934916 0.34448819,
  56.095035 -45.934916 0.34448819,56.096002 -45.934723 0.34448819,
  56.096431 -45.934866 0.34448819,56.099473 -45.934033 0.34448819,
  56.102569 -45.933417 0.34448819,56.102888 -45.933098 0.34448819,
  56.103839 -45.932837 0.34448819,56.141334 -45.91409 0.34448819,
  56.14443 -45.911687 0.34448819,56.145428 -45.911354 0.34448819,
  56.146291 -45.910243 0.34448819,56.147402 -45.909381 0.34448819,
  56.147734 -45.908383 0.34448819,56.150137 -45.905287 0.34448819,
  56.168885 -45.867791 0.34448819,56.169145 -45.86684 0.34448819,
  56.169465 -45.866521 0.34448819,56.17008 -45.863426 0.34448819,
  56.170914 -45.860383 0.34448819,56.170771 -45.859955 0.34448819,
  56.170963 -45.858988 0.34448819,56.170963 -45.802745 0.34448819,
  56.170771 -45.801778 0.34448819,56.170914 -45.801349 0.34448819,
  56.14645 -45.197992 0.34448819,56.148204 -45.195367 0.34448819,
  56.150137 -45.192876 0.34448819,56.168885 -45.15538 0.34448819,
  56.169145 -45.154429 0.34448819,56.169465 -45.15411 0.34448819,
  56.17008 -45.151015 0.34448819,56.170914 -45.147972 0.34448819,
  56.170771 -45.147544 0.34448819,56.170963 -45.146577 0.34448819,
  56.170963 -45.090334 0.34448819,56.170771 -45.089367 0.34448819,
  56.170914 -45.088938 0.34448819,56.17008 -45.085896 0.34448819,
  56.169465 -45.082801 0.34448819,56.169145 -45.082481 0.34448819,
  56.168885 -45.08153 0.34448819,56.150137 -45.044035 0.34448819,
  56.148204 -45.041543 0.34448819,56.14645 -45.038919 0.34448819,
  56.127702 -45.020172 0.34448819,56.12508 -45.018419 0.34448819,
  56.122586 -45.016484 0.34448819,56.085091 -44.997737 0.34448819,
  56.08414 -44.997476 0.34448819,56.083821 -44.997157 0.34448819,
  56.080726 -44.996541 0.34448819,56.077683 -44.995708 0.34448819,
  56.077255 -44.99585 0.34448819,56.076288 -44.995658 0.34448819,
  55.963802 -44.995658 0.34448819,55.962835 -44.99585 0.34448819,
  55.962406 -44.995708 0.34448819,55.959364 -44.996541 0.34448819,
  55.956269 -44.997157 0.34448819,55.955949 -44.997476 0.34448819,
  55.954998 -44.997737 0.34448819,55.917503 -45.016484 0.34448819,
  55.915011 -45.018418 0.34448819,55.912387 -45.020172 0.34448819,
  55.89364 -45.038919 0.34448819,55.891887 -45.041541 0.34448819,
  55.889952 -45.044035 0.34448819,55.871204 -45.08153 0.34448819,
  55.870944 -45.082481 0.34448819,55.870624 -45.082801 0.34448819,
  55.870009 -45.085896 0.34448819,55.869176 -45.088938 0.34448819,
  55.869318 -45.089367 0.34448819,55.869126 -45.090334 0.34448819,
  55.869126 -45.094981 0.34448819,55.869126 -45.146577 0.34448819,
  55.869318 -45.147544 0.34448819,55.869176 -45.147972 0.34448819,
  55.870009 -45.151015 0.34448819,55.870624 -45.15411 0.34448819,
  55.870944 -45.154429 0.34448819,55.871204 -45.15538 0.34448819,
  55.889952 -45.192876 0.34448819,55.891887 -45.195369 0.34448819,
  55.89364 -45.197991 0.34448819,55.912387 -45.216739 0.34448819,
  55.915011 -45.218493 0.34448819,55.917503 -45.220426 0.34448819,
  55.954998 -45.239174 0.34448819,55.955949 -45.239434 0.34448819,
  55.956269 -45.239754 0.34448819,55.959364 -45.240369 0.34448819,
  55.962406 -45.241203 0.34448819,55.962835 -45.24106 0.34448819,
  55.963802 -45.241252 0.34448819,56.076288 -45.241252 0.34448819,
  56.077255 -45.24106 0.34448819,56.077683 -45.241203 0.34448819,
  56.080726 -45.240369 0.34448819,56.083821 -45.239754 0.34448819,
  56.08414 -45.239434 0.34448819,56.085091 -45.239174 0.34448819,
  56.122586 -45.220427 0.34448819,56.12508 -45.218491 0.34448819,
  56.127702 -45.216739 0.34448819,56.131593 -45.094981 0.34448819,
  56.131593 -45.14193 0.34448819,56.116352 -45.172411 0.34448819,
  56.102122 -45.186641 0.34448819,56.071641 -45.201882 0.34448819,
  55.968449 -45.201882 0.34448819,55.937967 -45.186641 0.34448819,
  55.923737 -45.172411 0.34448819,55.908496 -45.14193 0.34448819,
  55.908496 -45.094981 0.34448819,55.923737 -45.064499 0.34448819,
  55.937967 -45.050269 0.34448819,55.968449 -45.035028 0.34448819,
  56.071641 -45.035028 0.34448819,56.102122 -45.050269 0.34448819,
  56.116352 -45.064499 0.34448819,55.888811 -45.57871 0.34448819,
  56.151278 -45.57871 0.34448819,56.158811 -45.577212 0.34448819,
  56.169465 -45.566558 0.34448819,56.169465 -45.551492 0.34448819,
  56.158811 -45.540839 0.34448819,56.151278 -45.53934 0.34448819,
  55.934461 -45.53934 0.34448819,55.923737 -45.528617 0.34448819,
  55.908496 -45.498135 0.34448819,55.908496 -45.451186 0.34448819,
  55.922231 -45.423716 0.34448819,55.949702 -45.409981 0.34448819,
  56.151278 -45.409981 0.34448819,56.158811 -45.408483 0.34448819,
  56.169465 -45.39783 0.34448819,56.169465 -45.382763 0.34448819,
  56.158811 -45.37211 0.34448819,56.151278 -45.370611 0.34448819,
  55.945054 -45.370611 0.34448819,55.944087 -45.370804 0.34448819,
  55.943659 -45.370661 0.34448819,55.940616 -45.371494 0.34448819,
  55.937521 -45.37211 0.34448819,55.937202 -45.372429 0.34448819,
  55.936251 -45.37269 0.34448819,55.898756 -45.391437 0.34448819,
  55.895659 -45.39384 0.34448819,55.894661 -45.394173 0.34448819,
  55.893799 -45.395284 0.34448819,55.892688 -45.396146 0.34448819,
  55.892355 -45.397144 0.34448819,55.889952 -45.400241 0.34448819,
  55.871204 -45.437736 0.34448819,55.870944 -45.438687 0.34448819,
  55.870624 -45.439006 0.34448819,55.870009 -45.442101 0.34448819,
  55.869176 -45.445144 0.34448819,55.869318 -45.445572 0.34448819,
  55.869126 -45.446539 0.34448819,55.869126 -45.502782 0.34448819,
  55.869318 -45.503749 0.34448819,55.869176 -45.504178 0.34448819,
  55.870009 -45.50722 0.34448819,55.870624 -45.510315 0.34448819,
  55.870944 -45.510635 0.34448819,55.871204 -45.511586 0.34448819,
  55.885419 -45.540015 0.34448819,55.881278 -45.540839 0.34448819,
  55.870624 -45.551492 0.34448819,55.870624 -45.566558 0.34448819,
  55.881278 -45.577212 0.34448819,56.282512 -44.564462 0.34448819,
  55.888811 -44.564462 0.34448819,55.881278 -44.565961 0.34448819,
  55.870624 -44.576614 0.34448819,55.870624 -44.59168 0.34448819,
  55.881278 -44.602334 0.34448819,55.888811 -44.603832 0.34448819,
  56.19378 -44.603832 0.34448819,55.992973 -44.697543 0.34448819,
  55.988882 -44.700543 0.34448819,55.988002 -44.700863 0.34448819,
  55.987771 -44.701358 0.34448819,55.98678 -44.702086 0.34448819,
  55.984479 -44.708413 0.34448819,55.981631 -44.714516 0.34448819,
  55.981945 -44.715381 0.34448819,55.981631 -44.716245 0.34448819,
  55.984479 -44.722348 0.34448819,55.98678 -44.728676 0.34448819,
  55.987771 -44.729403 0.34448819,55.988002 -44.729898 0.34448819,
  55.988882 -44.730218 0.34448819,55.992973 -44.733219 0.34448819,
  56.19378 -44.826929 0.34448819,55.888811 -44.826929 0.34448819,
  55.881278 -44.828428 0.34448819,55.870624 -44.839081 0.34448819,
  55.870624 -44.854147 0.34448819,55.881278 -44.864801 0.34448819,
  55.888811 -44.866299 0.34448819,56.282512 -44.866299 0.34448819,
  56.290045 -44.864801 0.34448819,56.292518 -44.862327 0.34448819,
  56.295807 -44.861131 0.34448819,56.297637 -44.857208 0.34448819,
  56.300698 -44.854147 0.34448819,56.300698 -44.850649 0.34448819,
  56.302178 -44.847479 0.34448819,56.300698 -44.84341 0.34448819,
  56.300698 -44.839081 0.34448819,56.298225 -44.836607 0.34448819,
  56.297029 -44.833319 0.34448819,56.290837 -44.828776 0.34448819,
  56.047846 -44.715381 0.34448819,56.290837 -44.601985 0.34448819,
  56.297029 -44.597442 0.34448819,56.298225 -44.594154 0.34448819,
  56.300698 -44.59168 0.34448819,56.300698 -44.587351 0.34448819,
  56.302178 -44.583283 0.34448819,56.300698 -44.580112 0.34448819,
  56.300698 -44.576614 0.34448819,56.297637 -44.573553 0.34448819,
  56.295807 -44.56963 0.34448819,56.292518 -44.568434 0.34448819,
  56.290045 -44.565961 0.34448819,56.300698 -44.070427 0.34448819,
  56.290045 -44.059774 0.34448819,56.282512 -44.058275 0.34448819,
  55.945054 -44.058275 0.34448819,55.944087 -44.058467 0.34448819,
  55.943659 -44.058325 0.34448819,55.940616 -44.059158 0.34448819,
  55.937521 -44.059774 0.34448819,55.937202 -44.060093 0.34448819,
  55.936251 -44.060354 0.34448819,55.898756 -44.079101 0.34448819,
  55.895659 -44.081504 0.34448819,55.894661 -44.081837 0.34448819,
  55.893799 -44.082948 0.34448819,55.892688 -44.08381 0.34448819,
  55.892355 -44.084808 0.34448819,55.889952 -44.087904 0.34448819,
  55.871204 -44.1254 0.34448819,55.869176 -44.132807 0.34448819,
  55.87394 -44.147101 0.34448819,55.887415 -44.153839 0.34448819,
  55.901709 -44.149074 0.34448819,55.906418 -44.143007 0.34448819,
  55.922231 -44.11138 0.34448819,55.949702 -44.097645 0.34448819,
  56.282512 -44.097645 0.34448819,56.290045 -44.096147 0.34448819,
  56.300698 -44.085493 0.34448819,56.028848 -43.704148 0.34448819,
  55.991353 -43.6854 0.34448819,55.990402 -43.68514 0.34448819,
  55.990083 -43.68482 0.34448819,55.986987 -43.684205 0.34448819,
  55.983945 -43.683372 0.34448819,55.983517 -43.683514 0.34448819,
  55.98255 -43.683322 0.34448819,55.945054 -43.683322 0.34448819,
  55.944087 -43.683514 0.34448819,55.943659 -43.683372 0.34448819,
  55.940616 -43.684205 0.34448819,55.937521 -43.68482 0.34448819,
  55.937202 -43.68514 0.34448819,55.936251 -43.6854 0.34448819,
  55.898756 -43.704148 0.34448819,55.895659 -43.70655 0.34448819,
  55.894661 -43.706883 0.34448819,55.893799 -43.707994 0.34448819,
  55.892688 -43.708857 0.34448819,55.892355 -43.709855 0.34448819,
  55.889952 -43.712951 0.34448819,55.871204 -43.750446 0.34448819,
  55.870944 -43.751397 0.34448819,55.870624 -43.751717 0.34448819,
  55.870009 -43.754812 0.34448819,55.869176 -43.757854 0.34448819,
  55.869318 -43.758283 0.34448819,55.869126 -43.75925 0.34448819,
  55.869126 -43.763897 0.34448819,55.869126 -43.852988 0.34448819,
  55.869318 -43.853955 0.34448819,55.869176 -43.854384 0.34448819,
  55.870009 -43.857426 0.34448819,55.870624 -43.860521 0.34448819,
  55.870944 -43.860841 0.34448819,55.871204 -43.861792 0.34448819,
  55.878064 -43.875511 0.34448819,55.870624 -43.88295 0.34448819,
  55.870624 -43.898017 0.34448819,55.881278 -43.90867 0.34448819,
  55.888811 -43.910169 0.34448819,56.095035 -43.910169 0.34448819,
  56.096002 -43.909976 0.34448819,56.096431 -43.910119 0.34448819,
  56.099473 -43.909285 0.34448819,56.102569 -43.90867 0.34448819,
  56.102888 -43.90835 0.34448819,56.103839 -43.90809 0.34448819,
  56.141334 -43.889343 0.34448819,56.14443 -43.88694 0.34448819,
  56.145428 -43.886607 0.34448819,56.146291 -43.885495 0.34448819,
  56.147402 -43.884633 0.34448819,56.147734 -43.883636 0.34448819,
  56.150137 -43.880539 0.34448819,56.168885 -43.843044 0.34448819,
  56.169145 -43.842093 0.34448819,56.169465 -43.841774 0.34448819,
  56.17008 -43.838678 0.34448819,56.170914 -43.835636 0.34448819,
  56.170771 -43.835207 0.34448819,56.170963 -43.834241 0.34448819,
  56.170963 -43.75925 0.34448819,56.170771 -43.758283 0.34448819,
  56.170914 -43.757854 0.34448819,56.17008 -43.754812 0.34448819,
  56.169465 -43.751717 0.34448819,56.169145 -43.751397 0.34448819,
  56.168885 -43.750446 0.34448819,56.150137 -43.712951 0.34448819,
  56.145428 -43.706883 0.34448819,56.131135 -43.702119 0.34448819,
  56.117659 -43.708857 0.34448819,56.112895 -43.72315 0.34448819,
  56.114924 -43.730558 0.34448819,56.131593 -43.763897 0.34448819,
  56.131593 -43.829593 0.34448819,56.117858 -43.857063 0.34448819,
  56.090389 -43.870798 0.34448819,56.069706 -43.870798 0.34448819,
  56.058478 -43.848341 0.34448819,56.058478 -43.75925 0.34448819,
  56.058285 -43.758283 0.34448819,56.058428 -43.757854 0.34448819,
  56.057594 -43.754812 0.34448819,56.056979 -43.751717 0.34448819,
  56.056659 -43.751397 0.34448819,56.056399 -43.750446 0.34448819,
  56.037652 -43.712951 0.34448819,56.035248 -43.709854 0.34448819,
  56.034916 -43.708857 0.34448819,56.033805 -43.707995 0.34448819,
  56.032943 -43.706883 0.34448819,56.031944 -43.70655 0.34448819,
  56.0193 -43.853955 0.34448819,56.019157 -43.854384 0.34448819,
  56.01999 -43.857426 0.34448819,56.020606 -43.860521 0.34448819,
  56.020925 -43.860841 0.34448819,56.021186 -43.861792 0.34448819,
  56.025689 -43.870798 0.34448819,55.919725 -43.870798 0.34448819,
  55.908496 -43.848341 0.34448819,55.908496 -43.763897 0.34448819,
  55.922231 -43.736427 0.34448819,55.949702 -43.722692 0.34448819,
  55.977903 -43.722692 0.34448819,56.005372 -43.736427 0.34448819,
  56.019107 -43.763897 0.34448819,56.019107 -43.852988 0.34448819,
  56.17008 -43.417354 0.34448819,56.169465 -43.414259 0.34448819,
  56.169145 -43.413939 0.34448819,56.168885 -43.412989 0.34448819,
  56.15467 -43.384559 0.34448819,56.158811 -43.383736 0.34448819,
  56.169465 -43.373082 0.34448819,56.169465 -43.358016 0.34448819,
  56.158811 -43.347363 0.34448819,56.151278 -43.345864 0.34448819,
  55.888811 -43.345864 0.34448819,55.881278 -43.347363 0.34448819,
  55.870624 -43.358016 0.34448819,55.870624 -43.373082 0.34448819,
  55.881278 -43.383736 0.34448819,55.888811 -43.385234 0.34448819,
  56.10563 -43.385234 0.34448819,56.116352 -43.395957 0.34448819,
  56.131593 -43.426439 0.34448819,56.131593 -43.473388 0.34448819,
  56.117858 -43.500858 0.34448819,56.090389 -43.514593 0.34448819,
  55.888811 -43.514593 0.34448819,55.881278 -43.516091 0.34448819,
  55.870624 -43.526745 0.34448819,55.870624 -43.541811 0.34448819,
  55.881278 -43.552465 0.34448819,55.888811 -43.553963 0.34448819,
  56.095035 -43.553963 0.34448819,56.096002 -43.55377 0.34448819,
  56.096431 -43.553913 0.34448819,56.099473 -43.55308 0.34448819,
  56.102569 -43.552465 0.34448819,56.102888 -43.552145 0.34448819,
  56.103839 -43.551885 0.34448819,56.141334 -43.533137 0.34448819,
  56.14443 -43.530734 0.34448819,56.145428 -43.530402 0.34448819,
  56.146291 -43.52929 0.34448819,56.147402 -43.528428 0.34448819,
  56.147734 -43.52743 0.34448819,56.150137 -43.524334 0.34448819,
  56.168885 -43.486839 0.34448819,56.169145 -43.485887 0.34448819,
  56.169465 -43.485568 0.34448819,56.17008 -43.482473 0.34448819,
  56.170914 -43.479431 0.34448819,56.170771 -43.479002 0.34448819,
  56.170963 -43.478035 0.34448819,56.170963 -43.421792 0.34448819,
  56.170771 -43.420825 0.34448819,56.170914 -43.420396 0.34448819,
  56.17008 -42.704943 0.34448819,56.169465 -42.701848 0.34448819,
  56.169145 -42.701529 0.34448819,56.168885 -42.700578 0.34448819,
  56.15467 -42.672149 0.34448819,56.158811 -42.671325 0.34448819,
  56.169465 -42.660672 0.34448819,56.169465 -42.645606 0.34448819,
  56.158811 -42.634952 0.34448819,56.151278 -42.633454 0.34448819,
  55.888811 -42.633454 0.34448819,55.881278 -42.634952 0.34448819,
  55.870624 -42.645606 0.34448819,55.870624 -42.660672 0.34448819,
  55.881278 -42.671325 0.34448819,55.888811 -42.672824 0.34448819,
  56.10563 -42.672824 0.34448819,56.116352 -42.683547 0.34448819,
  56.131593 -42.714028 0.34448819,56.131593 -42.760977 0.34448819,
  56.117858 -42.788447 0.34448819,56.090389 -42.802182 0.34448819,
  55.888811 -42.802182 0.34448819,55.881278 -42.803681 0.34448819,
  55.870624 -42.814334 0.34448819,55.870624 -42.8294 0.34448819,
  55.881278 -42.840054 0.34448819,55.888811 -42.841552 0.34448819,
  56.090389 -42.841552 0.34448819,56.117858 -42.855287 0.34448819,
  56.131593 -42.882757 0.34448819,56.131593 -42.929706 0.34448819,
  56.117858 -42.957176 0.34448819,56.090389 -42.970911 0.34448819,
  55.888811 -42.970911 0.34448819,55.881278 -42.97241 0.34448819,
  55.870624 -42.983063 0.34448819,55.870624 -42.99813 0.34448819,
  55.881278 -43.008783 0.34448819,55.888811 -43.010281 0.34448819,
  56.095035 -43.010281 0.34448819,56.096002 -43.010089 0.34448819,
  56.096431 -43.010232 0.34448819,56.099473 -43.009398 0.34448819,
  56.102569 -43.008783 0.34448819,56.102888 -43.008463 0.34448819,
  56.103839 -43.008203 0.34448819,56.141334 -42.989456 0.34448819,
  56.144431 -42.987052 0.34448819,56.145428 -42.98672 0.34448819,
  56.14629 -42.985609 0.34448819,56.147402 -42.984746 0.34448819,
  56.147734 -42.983748 0.34448819,56.150137 -42.980652 0.34448819,
  56.168885 -42.943157 0.34448819,56.169145 -42.942206 0.34448819,
  56.169465 -42.941886 0.34448819,56.17008 -42.938791 0.34448819,
  56.170914 -42.935749 0.34448819,56.170771 -42.93532 0.34448819,
  56.170963 -42.934353 0.34448819,56.170963 -42.87811 0.34448819,
  56.170771 -42.877143 0.34448819,56.170914 -42.876715 0.34448819,
  56.17008 -42.873672 0.34448819,56.169465 -42.870577 0.34448819,
  56.169145 -42.870257 0.34448819,56.168885 -42.869307 0.34448819,
  56.150137 -42.831811 0.34448819,56.147734 -42.828715 0.34448819,
  56.147402 -42.827717 0.34448819,56.146291 -42.826855 0.34448819,
  56.145428 -42.825744 0.34448819,56.14443 -42.825411 0.34448819,
  56.141334 -42.823008 0.34448819,56.139052 -42.821867 0.34448819,
  56.141334 -42.820727 0.34448819,56.14443 -42.818324 0.34448819,
  56.145428 -42.817991 0.34448819,56.146291 -42.816879 0.34448819,
  56.147402 -42.816017 0.34448819,56.147734 -42.81502 0.34448819,
  56.150137 -42.811923 0.34448819,56.168885 -42.774428 0.34448819,
  56.169145 -42.773477 0.34448819,56.169465 -42.773157 0.34448819,
  56.17008 -42.770062 0.34448819,56.170914 -42.76702 0.34448819,
  56.170771 -42.766591 0.34448819,56.170963 -42.765624 0.34448819,
  56.170963 -42.709381 0.34448819,56.170771 -42.708414 0.34448819,
  56.170914 -42.707986 0.34448819,56.17008 -42.479971 0.34448819,
  56.169465 -42.476876 0.34448819,56.169145 -42.476557 0.34448819,
  56.168885 -42.475606 0.34448819,56.150137 -42.438111 0.34448819,
  56.148204 -42.435619 0.34448819,56.14645 -42.432994 0.34448819,
  56.142559 -42.429104 0.34448819,56.151278 -42.429104 0.34448819,
  56.158811 -42.427606 0.34448819,56.169465 -42.416952 0.34448819,
  56.169465 -42.401886 0.34448819,56.158811 -42.391232 0.34448819,
  56.151278 -42.389734 0.34448819,55.888811 -42.389734 0.34448819,
  55.881278 -42.391232 0.34448819,55.870624 -42.401886 0.34448819,
  55.870624 -42.416952 0.34448819,55.881278 -42.427606 0.34448819,
  55.888811 -42.429104 0.34448819,56.071641 -42.429104 0.34448819,
  56.102122 -42.444344 0.34448819,56.116352 -42.458575 0.34448819,
  56.131593 -42.489056 0.34448819,56.131593 -42.521905 0.34448819,
  56.133092 -42.529438 0.34448819,56.143745 -42.540091 0.34448819,
  56.158811 -42.540091 0.34448819,56.169465 -42.529438 0.34448819,
  56.170963 -42.521905 0.34448819,56.170963 -42.484409 0.34448819,
  56.170771 -42.483442 0.34448819,56.170914 -42.483014 0.34448819,
  56.044057 -42.072898 0.34448819,56.090389 -42.072898 0.34448819,
  56.117858 -42.086633 0.34448819,56.131593 -42.114103 0.34448819,
  56.131593 -42.1798 0.34448819,56.117858 -42.20727 0.34448819,
  56.090389 -42.221005 0.34448819,56.073678 -42.221005 0.34448819,
  56.300698 -43.170539 0.34448819,56.296431 -43.164153 0.34448819,
  56.277683 -43.145406 0.34448819,56.271297 -43.141139 0.34448819,
  56.256231 -43.141139 0.34448819,56.249844 -43.145406 0.34448819,
  56.231097 -43.164154 0.34448819,56.22683 -43.170539 0.34448819,
  56.22683 -43.17054 0.34448819,56.22683 -43.185606 0.34448819,
  56.231097 -43.191992 0.34448819,56.249844 -43.21074 0.34448819,
  56.256231 -43.215007 0.34448819,56.256231 -43.215007 0.34448819,
  56.271297 -43.215007 0.34448819,56.277683 -43.21074 0.34448819,
  56.296431 -43.191993 0.34448819,56.300698 -43.185606 0.34448819,
  56.300698 -43.17054 0.34448819,56.169465 -43.17054 0.34448819,
  56.158811 -43.159886 0.34448819,56.151278 -43.158388 0.34448819,
  55.888811 -43.158388 0.34448819,55.881278 -43.159886 0.34448819,
  55.870624 -43.17054 0.34448819,55.870624 -43.185606 0.34448819,
  55.881278 -43.196259 0.34448819,55.888811 -43.197758 0.34448819,
  56.151278 -43.197758 0.34448819,56.158811 -43.196259 0.34448819,
  56.169465 -43.185606 0.34448819,55.898756 -42.054354 0.34448819,
  55.895659 -42.056757 0.34448819,55.894661 -42.05709 0.34448819,
  55.893799 -42.058201 0.34448819,55.892688 -42.059063 0.34448819,
  55.892355 -42.060061 0.34448819,55.889952 -42.063157 0.34448819,
  55.871204 -42.100653 0.34448819,55.870944 -42.101604 0.34448819,
  55.870624 -42.101923 0.34448819,55.870009 -42.105018 0.34448819,
  55.869176 -42.108061 0.34448819,55.869318 -42.108489 0.34448819,
  55.869126 -42.109456 0.34448819,55.869126 -42.184447 0.34448819,
  55.869318 -42.185414 0.34448819,55.869176 -42.185843 0.34448819,
  55.870009 -42.188885 0.34448819,55.870624 -42.19198 0.34448819,
  55.870944 -42.192299 0.34448819,55.871204 -42.19325 0.34448819,
  55.889952 -42.230746 0.34448819,55.894661 -42.236813 0.34448819,
  55.908955 -42.241578 0.34448819,55.92243 -42.23484 0.34448819,
  55.927194 -42.220546 0.34448819,55.925166 -42.213139 0.34448819,
  55.908496 -42.1798 0.34448819,55.908496 -42.114103 0.34448819,
  55.922231 -42.086633 0.34448819,55.949702 -42.072898 0.34448819,
  56.003907 -42.072898 0.34448819,56.038237 -42.24455 0.34448819,
  56.039354 -42.247237 0.34448819,56.039354 -42.248223 0.34448819,
  56.040054 -42.248923 0.34448819,56.041184 -42.251643 0.34448819,
  56.045953 -42.254822 0.34448819,56.050007 -42.258876 0.34448819,
  56.052896 -42.259451 0.34448819,56.05372 -42.26 0.34448819,
  56.054686 -42.259807 0.34448819,56.05754 -42.260375 0.34448819,
  56.095035 -42.260375 0.34448819,56.096002 -42.260182 0.34448819,
  56.096431 -42.260325 0.34448819,56.099473 -42.259492 0.34448819,
  56.102569 -42.258876 0.34448819,56.102888 -42.258557 0.34448819,
  56.103839 -42.258296 0.34448819,56.141334 -42.239549 0.34448819,
  56.14443 -42.237146 0.34448819,56.145428 -42.236813 0.34448819,
  56.146291 -42.235702 0.34448819,56.147402 -42.23484 0.34448819,
  56.147734 -42.233842 0.34448819,56.150137 -42.230746 0.34448819,
  56.168885 -42.19325 0.34448819,56.169145 -42.192299 0.34448819,
  56.169465 -42.19198 0.34448819,56.17008 -42.188885 0.34448819,
  56.170914 -42.185843 0.34448819,56.170771 -42.185414 0.34448819,
  56.170963 -42.184447 0.34448819,56.170963 -42.109456 0.34448819,
  56.170771 -42.108489 0.34448819,56.170914 -42.108061 0.34448819,
  56.17008 -42.105018 0.34448819,56.169465 -42.101923 0.34448819,
  56.169145 -42.101604 0.34448819,56.168885 -42.100653 0.34448819,
  56.150137 -42.063157 0.34448819,56.147734 -42.060061 0.34448819,
  56.147402 -42.059063 0.34448819,56.146291 -42.058201 0.34448819,
  56.145428 -42.05709 0.34448819,56.14443 -42.056757 0.34448819,
  56.141334 -42.054354 0.34448819,56.103839 -42.035607 0.34448819,
  56.102888 -42.035346 0.34448819,56.102569 -42.035027 0.34448819,
  56.099473 -42.034411 0.34448819,56.096431 -42.033578 0.34448819,
  56.096002 -42.03372 0.34448819,56.095035 -42.033528 0.34448819,
  55.945054 -42.033528 0.34448819,55.944087 -42.03372 0.34448819,
  55.943659 -42.033578 0.34448819,55.940616 -42.034411 0.34448819,
  55.937521 -42.035027 0.34448819,55.937202 -42.035346 0.34448819,
  55.936251 -42.035607 0.34448819,56.262827 -41.808556 0.34448819,
  55.888811 -41.808556 0.34448819,55.881278 -41.810055 0.34448819,
  55.870624 -41.820708 0.34448819,55.870624 -41.835774 0.34448819,
  55.881278 -41.846428 0.34448819,55.888811 -41.847926 0.34448819,
  56.262827 -41.847926 0.34448819,56.262827 -41.940727 0.34448819,
  56.264325 -41.94826 0.34448819,56.274979 -41.958914 0.34448819,
  56.290045 -41.958914 0.34448819,56.300698 -41.94826 0.34448819,
  56.302197 -41.940727 0.34448819,56.302197 -41.715756 0.34448819,
  56.300698 -41.708222 0.34448819,56.290045 -41.697569 0.34448819,
  56.274979 -41.697569 0.34448819,56.264325 -41.708222 0.34448819,
  56.262827 -41.715756 0.34448819,55.889205 -41.207272 0.34448819,
  55.806135 -41.174044 0.34448819,55.792503 -41.160413 0.34448819,
  55.775184 -41.125774 0.34448819,55.770475 -41.119707 0.34448819,
  55.756182 -41.114943 0.34448819,55.742706 -41.12168 0.34448819,
  55.737942 -41.135974 0.34448819,55.739971 -41.143381 0.34448819,
  55.758718 -41.180876 0.34448819,55.760653 -41.18337 0.34448819,
  55.762406 -41.185993 0.34448819,55.781153 -41.20474 0.34448819,
  55.781291 -41.204833 0.34448819,55.781324 -41.204909 0.34448819,
  55.784439 -41.206936 0.34448819,55.787539 -41.209007 0.34448819,
  55.787623 -41.209007 0.34448819,55.787762 -41.209098 0.34448819,
  55.8815 -41.246593 0.34448819,55.881869 -41.246662 0.34448819,
  55.88219 -41.246854 0.34448819,56.144657 -41.340593 0.34448819,
  56.152256 -41.341715 0.34448819,56.165872 -41.335265 0.34448819,
  56.170939 -41.321077 0.34448819,56.164489 -41.307461 0.34448819,
  56.157899 -41.303516 0.34448819,55.947339 -41.228316 0.34448819,
  56.157899 -41.153116 0.34448819,56.164489 -41.149171 0.34448819,
  56.170939 -41.135556 0.34448819,56.165872 -41.121367 0.34448819,
  56.152256 -41.114917 0.34448819,56.144657 -41.11604 0.34448819,
  56.028848 -40.798261 0.34448819,55.991353 -40.779513 0.34448819,
  55.990402 -40.779253 0.34448819,55.990083 -40.778933 0.34448819,
  55.986987 -40.778318 0.34448819,55.983945 -40.777485 0.34448819,
  55.983517 -40.777627 0.34448819,55.98255 -40.777435 0.34448819,
  55.945054 -40.777435 0.34448819,55.944087 -40.777627 0.34448819,
  55.943659 -40.777485 0.34448819,55.940616 -40.778318 0.34448819,
  55.937521 -40.778933 0.34448819,55.937202 -40.779253 0.34448819,
  55.936251 -40.779513 0.34448819,55.898756 -40.798261 0.34448819,
  55.895659 -40.800663 0.34448819,55.894661 -40.800996 0.34448819,
  55.893799 -40.802107 0.34448819,55.892688 -40.80297 0.34448819,
  55.892355 -40.803968 0.34448819,55.889952 -40.807064 0.34448819,
  55.871204 -40.844559 0.34448819,55.870944 -40.84551 0.34448819,
  55.870624 -40.84583 0.34448819,55.870009 -40.848925 0.34448819,
  55.869176 -40.851967 0.34448819,55.869318 -40.852396 0.34448819,
  55.869126 -40.853363 0.34448819,55.869126 -40.85801 0.34448819,
  55.869126 -40.947101 0.34448819,55.869318 -40.948068 0.34448819,
  55.869176 -40.948497 0.34448819,55.870009 -40.951539 0.34448819,
  55.870624 -40.954634 0.34448819,55.870944 -40.954954 0.34448819,
  55.871204 -40.955905 0.34448819,55.878064 -40.969624 0.34448819,
  55.870624 -40.977063 0.34448819,55.870624 -40.99213 0.34448819,
  55.881278 -41.002783 0.34448819,55.888811 -41.004281 0.34448819,
  56.095035 -41.004281 0.34448819,56.096002 -41.004089 0.34448819,
  56.096431 -41.004232 0.34448819,56.099473 -41.003398 0.34448819,
  56.102569 -41.002783 0.34448819,56.102888 -41.002463 0.34448819,
  56.103839 -41.002203 0.34448819,56.141334 -40.983456 0.34448819,
  56.14443 -40.981053 0.34448819,56.145428 -40.98072 0.34448819,
  56.146291 -40.979608 0.34448819,56.147402 -40.978746 0.34448819,
  56.147734 -40.977749 0.34448819,56.150137 -40.974652 0.34448819,
  56.168885 -40.937157 0.34448819,56.169145 -40.936206 0.34448819,
  56.169465 -40.935887 0.34448819,56.17008 -40.932791 0.34448819,
  56.170914 -40.929749 0.34448819,56.170771 -40.92932 0.34448819,
  56.170963 -40.928354 0.34448819,56.170963 -40.853363 0.34448819,
  56.170771 -40.852396 0.34448819,56.170914 -40.851967 0.34448819,
  56.17008 -40.848925 0.34448819,56.169465 -40.84583 0.34448819,
  56.169145 -40.84551 0.34448819,56.168885 -40.844559 0.34448819,
  56.150137 -40.807064 0.34448819,56.145428 -40.800996 0.34448819,
  56.131135 -40.796232 0.34448819,56.117659 -40.80297 0.34448819,
  56.112895 -40.817263 0.34448819,56.114924 -40.824671 0.34448819,
  56.131593 -40.85801 0.34448819,56.131593 -40.923706 0.34448819,
  56.117858 -40.951176 0.34448819,56.090389 -40.964911 0.34448819,
  56.069706 -40.964911 0.34448819,56.058478 -40.942454 0.34448819,
  56.058478 -40.853363 0.34448819,56.058285 -40.852396 0.34448819,
  56.058428 -40.851967 0.34448819,56.057594 -40.848925 0.34448819,
  56.056979 -40.84583 0.34448819,56.056659 -40.84551 0.34448819,
  56.056399 -40.844559 0.34448819,56.037652 -40.807064 0.34448819,
  56.035248 -40.803967 0.34448819,56.034916 -40.80297 0.34448819,
  56.033805 -40.802108 0.34448819,56.032943 -40.800996 0.34448819,
  56.031944 -40.800663 0.34448819,56.0193 -40.948068 0.34448819,
  56.019157 -40.948497 0.34448819,56.01999 -40.951539 0.34448819,
  56.020606 -40.954634 0.34448819,56.020925 -40.954954 0.34448819,
  56.021186 -40.955905 0.34448819,56.025689 -40.964911 0.34448819,
  55.919725 -40.964911 0.34448819,55.908496 -40.942454 0.34448819,
  55.908496 -40.85801 0.34448819,55.922231 -40.83054 0.34448819,
  55.949702 -40.816805 0.34448819,55.977903 -40.816805 0.34448819,
  56.005372 -40.83054 0.34448819,56.019107 -40.85801 0.34448819,
  56.019107 -40.947101 0.34448819,56.300698 -40.60211 0.34448819,
  56.290045 -40.591457 0.34448819,56.282512 -40.589958 0.34448819,
  55.945054 -40.589958 0.34448819,55.944087 -40.59015 0.34448819,
  55.943659 -40.590008 0.34448819,55.940616 -40.590841 0.34448819,
  55.937521 -40.591457 0.34448819,55.937202 -40.591776 0.34448819,
  55.936251 -40.592037 0.34448819,55.898756 -40.610784 0.34448819,
  55.895659 -40.613187 0.34448819,55.894661 -40.61352 0.34448819,
  55.893799 -40.614631 0.34448819,55.892688 -40.615493 0.34448819,
  55.892355 -40.616491 0.34448819,55.889952 -40.619587 0.34448819,
  55.871204 -40.657083 0.34448819,55.869176 -40.664491 0.34448819,
  55.87394 -40.678784 0.34448819,55.887415 -40.685522 0.34448819,
  55.901709 -40.680757 0.34448819,55.906418 -40.67469 0.34448819,
  55.922231 -40.643063 0.34448819,55.949702 -40.629328 0.34448819,
  56.282512 -40.629328 0.34448819,56.290045 -40.62783 0.34448819,
  56.300698 -40.617176 0.34448819,55.898756 -40.254579 0.34448819,
  55.895659 -40.256981 0.34448819,55.894661 -40.257314 0.34448819,
  55.893799 -40.258425 0.34448819,55.892688 -40.259288 0.34448819,
  55.892355 -40.260286 0.34448819,55.889952 -40.263382 0.34448819,
  55.871204 -40.300877 0.34448819,55.870944 -40.301828 0.34448819,
  55.870624 -40.302148 0.34448819,55.870009 -40.305243 0.34448819,
  55.869176 -40.308285 0.34448819,55.869318 -40.308713 0.34448819,
  55.869126 -40.309681 0.34448819,55.869126 -40.384671 0.34448819,
  55.869318 -40.385638 0.34448819,55.869176 -40.386067 0.34448819,
  55.870009 -40.389109 0.34448819,55.870624 -40.392204 0.34448819,
  55.870944 -40.392524 0.34448819,55.871204 -40.393475 0.34448819,
  55.889952 -40.43097 0.34448819,55.894661 -40.437038 0.34448819,
  55.908955 -40.441802 0.34448819,55.92243 -40.435064 0.34448819,
  55.927194 -40.420771 0.34448819,55.925166 -40.413363 0.34448819,
  55.908496 -40.380024 0.34448819,55.908496 -40.314328 0.34448819,
  55.922231 -40.286857 0.34448819,55.949702 -40.273123 0.34448819,
  56.003907 -40.273123 0.34448819,56.038237 -40.444774 0.34448819,
  56.039354 -40.447461 0.34448819,56.039354 -40.448447 0.34448819,
  56.040054 -40.449148 0.34448819,56.041184 -40.451867 0.34448819,
  56.045953 -40.455047 0.34448819,56.050007 -40.459101 0.34448819,
  56.052896 -40.459675 0.34448819,56.05372 -40.460225 0.34448819,
  56.054686 -40.460031 0.34448819,56.05754 -40.460599 0.34448819,
  56.095035 -40.460599 0.34448819,56.096002 -40.460407 0.34448819,
  56.096431 -40.46055 0.34448819,56.099473 -40.459716 0.34448819,
  56.102569 -40.459101 0.34448819,56.102888 -40.458781 0.34448819,
  56.103839 -40.458521 0.34448819,56.141334 -40.439774 0.34448819,
  56.14443 -40.43737 0.34448819,56.145428 -40.437038 0.34448819,
  56.146291 -40.435926 0.34448819,56.147402 -40.435064 0.34448819,
  56.147734 -40.434067 0.34448819,56.150137 -40.43097 0.34448819,
  56.168885 -40.393475 0.34448819,56.169145 -40.392524 0.34448819,
  56.169465 -40.392204 0.34448819,56.17008 -40.389109 0.34448819,
  56.170914 -40.386067 0.34448819,56.170771 -40.385638 0.34448819,
  56.170963 -40.384671 0.34448819,56.170963 -40.309681 0.34448819,
  56.170771 -40.308713 0.34448819,56.170914 -40.308285 0.34448819,
  56.17008 -40.305243 0.34448819,56.169465 -40.302148 0.34448819,
  56.169145 -40.301828 0.34448819,56.168885 -40.300877 0.34448819,
  56.150137 -40.263382 0.34448819,56.147734 -40.260285 0.34448819,
  56.147402 -40.259288 0.34448819,56.146291 -40.258426 0.34448819,
  56.145428 -40.257314 0.34448819,56.14443 -40.256981 0.34448819,
  56.141334 -40.254578 0.34448819,56.103839 -40.235831 0.34448819,
  56.102888 -40.23557 0.34448819,56.102569 -40.235251 0.34448819,
  56.099473 -40.234635 0.34448819,56.096431 -40.233802 0.34448819,
  56.096002 -40.233945 0.34448819,56.095035 -40.233753 0.34448819,
  55.945054 -40.233753 0.34448819,55.944087 -40.233945 0.34448819,
  55.943659 -40.233802 0.34448819,55.940616 -40.234635 0.34448819,
  55.937521 -40.235251 0.34448819,55.937202 -40.23557 0.34448819,
  55.936251 -40.235831 0.34448819,56.044057 -40.273123 0.34448819,
  56.090389 -40.273123 0.34448819,56.117858 -40.286857 0.34448819,
  56.131593 -40.314328 0.34448819,56.131593 -40.380024 0.34448819,
  56.117858 -40.407494 0.34448819,56.090389 -40.421229 0.34448819,
  56.073678 -40.421229 0.34448819,56.095973 -40.023819 0.34448819,
  56.095973 -39.89817 0.34448819,56.262827 -39.89817 0.34448819,
  56.262827 -40.023819 0.34448819,56.247586 -40.0543 0.34448819,
  56.233356 -40.06853 0.34448819,56.202874 -40.083771 0.34448819,
  56.155926 -40.083771 0.34448819,56.125444 -40.06853 0.34448819,
  56.111213 -40.0543 0.34448819,56.056603 -39.961973 0.34448819,
  55.877522 -40.08733 0.34448819,55.87221 -40.092877 0.34448819,
  55.869592 -40.107714 0.34448819,55.878232 -40.120057 0.34448819,
  55.893069 -40.122675 0.34448819,55.9001 -40.119583 0.34448819,
  56.056603 -40.010031 0.34448819,56.056603 -40.023819 0.34448819,
  56.056603 -40.028466 0.34448819,56.056795 -40.029433 0.34448819,
  56.056652 -40.029861 0.34448819,56.057485 -40.032904 0.34448819,
  56.058101 -40.035999 0.34448819,56.05842 -40.036318 0.34448819,
  56.058681 -40.037269 0.34448819,56.077428 -40.074764 0.34448819,
  56.079363 -40.077257 0.34448819,56.081116 -40.07988 0.34448819,
  56.099863 -40.098628 0.34448819,56.102488 -40.100381 0.34448819,
  56.10498 -40.102315 0.34448819,56.142475 -40.121063 0.34448819,
  56.143426 -40.121323 0.34448819,56.143745 -40.121643 0.34448819,
  56.14684 -40.122258 0.34448819,56.149883 -40.123092 0.34448819,
  56.150311 -40.122949 0.34448819,56.151278 -40.123141 0.34448819,
  56.207521 -40.123141 0.34448819,56.208488 -40.122949 0.34448819,
  56.208917 -40.123092 0.34448819,56.211959 -40.122258 0.34448819,
  56.215054 -40.121643 0.34448819,56.215374 -40.121323 0.34448819,
  56.216325 -40.121063 0.34448819,56.25382 -40.102316 0.34448819,
  56.256313 -40.10038 0.34448819,56.258936 -40.098628 0.34448819,
  56.277683 -40.079881 0.34448819,56.279437 -40.077256 0.34448819,
  56.281371 -40.074765 0.34448819,56.300119 -40.037269 0.34448819,
  56.300379 -40.036318 0.34448819,56.300698 -40.035999 0.34448819,
  56.301314 -40.032904 0.34448819,56.302147 -40.029861 0.34448819,
  56.302004 -40.029433 0.34448819,56.302197 -40.028466 0.34448819,
  56.302197 -39.878485 0.34448819,56.300698 -39.870952 0.34448819,
  56.290045 -39.860298 0.34448819,56.282512 -39.8588 0.34448819,
  55.888811 -39.8588 0.34448819,55.881278 -39.860298 0.34448819,
  55.870624 -39.870952 0.34448819,55.870624 -39.886018 0.34448819,
  55.881278 -39.896671 0.34448819,55.888811 -39.89817 0.34448819,
  56.056603 -39.89817 0.34448819,56.238809 -39.244513 0.34448819,
  56.204952 -39.210656 0.34448819,56.187633 -39.176018 0.34448819,
  56.182924 -39.16995 0.34448819,56.16863 -39.165186 0.34448819,
  56.155155 -39.171924 0.34448819,56.150391 -39.186217 0.34448819,
  56.152419 -39.193625 0.34448819,56.171167 -39.23112 0.34448819,
  56.173102 -39.233613 0.34448819,56.174854 -39.236236 0.34448819,
  56.21235 -39.273731 0.34448819,56.213969 -39.274813 0.34448819,
  56.21535 -39.276191 0.34448819,56.217496 -39.277622 0.34448819,
  55.908496 -39.277622 0.34448819,55.908496 -39.184821 0.34448819,
  55.906998 -39.177288 0.34448819,55.896344 -39.166635 0.34448819,
  55.881278 -39.166635 0.34448819,55.870624 -39.177288 0.34448819,
  55.869126 -39.184821 0.34448819,55.869126 -39.409793 0.34448819,
  55.870624 -39.417326 0.34448819,55.881278 -39.42798 0.34448819,
  55.896344 -39.42798 0.34448819,55.906998 -39.417326 0.34448819,
  55.908496 -39.409793 0.34448819,55.908496 -39.316992 0.34448819,
  56.282512 -39.316992 0.34448819,56.290045 -39.315494 0.34448819,
  56.291478 -39.31406 0.34448819,56.293465 -39.313663 0.34448819,
  56.296645 -39.308893 0.34448819,56.300698 -39.30484 0.34448819,
  56.300698 -39.302814 0.34448819,56.301823 -39.301128 0.34448819,
  56.300698 -39.295506 0.34448819,56.300698 -39.289774 0.34448819,
  56.299265 -39.288341 0.34448819,56.298868 -39.286354 0.34448819,
  56.293431 -39.280928 0.34448819,56.058478 -38.71613 0.34448819,
  56.056979 -38.708597 0.34448819,56.046326 -38.697943 0.34448819,
  56.031259 -38.697943 0.34448819,56.020606 -38.708597 0.34448819,
  56.019107 -38.71613 0.34448819,56.019107 -39.016093 0.34448819,
  56.020606 -39.023626 0.34448819,56.031259 -39.034279 0.34448819,
  56.046326 -39.034279 0.34448819,56.056979 -39.023626 0.34448819,
  56.058478 -39.016093 0.34448819,61.832552 -38.566537 0.34448819,
  61.8308 -38.56916 0.34448819,61.828865 -38.571654 0.34448819,
  61.810117 -38.609148 0.34448819,61.809857 -38.610099 0.34448819,
  61.809537 -38.610419 0.34448819,61.808922 -38.613514 0.34448819,
  61.808089 -38.616556 0.34448819,61.808231 -38.616985 0.34448819,
  61.808039 -38.617952 0.34448819,61.808039 -38.71169 0.34448819,
  61.808231 -38.712657 0.34448819,61.808089 -38.713086 0.34448819,
  61.808922 -38.716128 0.34448819,61.809537 -38.719223 0.34448819,
  61.809857 -38.719543 0.34448819,61.810117 -38.720494 0.34448819,
  61.828865 -38.757989 0.34448819,61.8308 -38.760482 0.34448819,
  61.832552 -38.763105 0.34448819,61.8513 -38.781852 0.34448819,
  61.857686 -38.78612 0.34448819,61.872752 -38.78612 0.34448819,
  61.883406 -38.775466 0.34448819,61.883406 -38.7604 0.34448819,
  61.879139 -38.754013 0.34448819,61.86265 -38.737525 0.34448819,
  61.847409 -38.707043 0.34448819,61.847409 -38.622599 0.34448819,
  61.86265 -38.592117 0.34448819,61.87688 -38.577887 0.34448819,
  61.907362 -38.562646 0.34448819,61.937016 -38.562646 0.34448819,
  61.985819 -38.578914 0.34448819,62.207506 -38.8006 0.34448819,
  62.213892 -38.804867 0.34448819,62.228958 -38.804867 0.34448819,
  62.239611 -38.794214 0.34448819,62.24111 -38.786681 0.34448819,
  62.24111 -38.542961 0.34448819,62.239611 -38.535428 0.34448819,
  62.228958 -38.524775 0.34448819,62.213892 -38.524775 0.34448819,
  62.203238 -38.535428 0.34448819,62.20174 -38.542961 0.34448819,
  62.20174 -38.739157 0.34448819,62.010372 -38.54779 0.34448819,
  62.009552 -38.547242 0.34448819,62.00935 -38.546838 0.34448819,
  62.006609 -38.545276 0.34448819,62.003986 -38.543522 0.34448819,
  62.003534 -38.543522 0.34448819,62.002678 -38.543034 0.34448819,
  61.946435 -38.524287 0.34448819,61.943305 -38.523892 0.34448819,
  61.94021 -38.523276 0.34448819,61.902715 -38.523276 0.34448819,
  61.901747 -38.523469 0.34448819,61.901319 -38.523326 0.34448819,
  61.898276 -38.524159 0.34448819,61.895181 -38.524775 0.34448819,
  61.894862 -38.525094 0.34448819,61.893911 -38.525355 0.34448819,
  61.856416 -38.544102 0.34448819,61.853924 -38.546036 0.34448819,
  61.8513 -38.54779 0.34448819,56.095973 -38.467763 0.34448819,
  56.095973 -38.342114 0.34448819,56.262827 -38.342114 0.34448819,
  56.262827 -38.467763 0.34448819,56.247586 -38.498244 0.34448819,
  56.233356 -38.512475 0.34448819,56.202874 -38.527716 0.34448819,
  56.155926 -38.527716 0.34448819,56.125444 -38.512475 0.34448819,
  56.111213 -38.498245 0.34448819,56.056603 -38.405918 0.34448819,
  55.877522 -38.531274 0.34448819,55.87221 -38.536822 0.34448819,
  55.869592 -38.551659 0.34448819,55.878232 -38.564002 0.34448819,
  55.893069 -38.56662 0.34448819,55.9001 -38.563528 0.34448819,
  56.056603 -38.453975 0.34448819,56.056603 -38.467763 0.34448819,
  56.056603 -38.47241 0.34448819,56.056795 -38.473377 0.34448819,
  56.056652 -38.473806 0.34448819,56.057485 -38.476848 0.34448819,
  56.058101 -38.479943 0.34448819,56.05842 -38.480263 0.34448819,
  56.058681 -38.481214 0.34448819,56.077428 -38.518709 0.34448819,
  56.079363 -38.521202 0.34448819,56.081116 -38.523825 0.34448819,
  56.099863 -38.542572 0.34448819,56.102488 -38.544326 0.34448819,
  56.10498 -38.54626 0.34448819,56.142475 -38.565007 0.34448819,
  56.143426 -38.565268 0.34448819,56.143745 -38.565587 0.34448819,
  56.14684 -38.566203 0.34448819,56.149883 -38.567036 0.34448819,
  56.150311 -38.566893 0.34448819,56.151278 -38.567086 0.34448819,
  56.207521 -38.567086 0.34448819,56.208488 -38.566893 0.34448819,
  56.208917 -38.567036 0.34448819,56.211959 -38.566203 0.34448819,
  56.215054 -38.565587 0.34448819,56.215374 -38.565268 0.34448819,
  56.216325 -38.565007 0.34448819,56.25382 -38.54626 0.34448819,
  56.256313 -38.544325 0.34448819,56.258936 -38.542572 0.34448819,
  56.277683 -38.523825 0.34448819,56.279437 -38.5212 0.34448819,
  56.281371 -38.518709 0.34448819,56.300119 -38.481214 0.34448819,
  56.300379 -38.480263 0.34448819,56.300698 -38.479943 0.34448819,
  56.301314 -38.476848 0.34448819,56.302147 -38.473806 0.34448819,
  56.302004 -38.473377 0.34448819,56.302197 -38.47241 0.34448819,
  56.302197 -38.322429 0.34448819,56.300698 -38.314896 0.34448819,
  56.290045 -38.304243 0.34448819,56.282512 -38.302744 0.34448819,
  55.888811 -38.302744 0.34448819,55.881278 -38.304243 0.34448819,
  55.870624 -38.314896 0.34448819,55.870624 -38.329962 0.34448819,
  55.881278 -38.340616 0.34448819,55.888811 -38.342114 0.34448819,
  56.056603 -38.342114 0.34448819,56.277683 -38.130124 0.34448819,
  56.279437 -38.1275 0.34448819,56.281371 -38.125008 0.34448819,
  56.300119 -38.087513 0.34448819,56.300379 -38.086562 0.34448819,
  56.300698 -38.086243 0.34448819,56.301314 -38.083147 0.34448819,
  56.302147 -38.080105 0.34448819,56.302004 -38.079676 0.34448819,
  56.302197 -38.078709 0.34448819,56.302197 -37.984971 0.34448819,
  56.302004 -37.984004 0.34448819,56.302147 -37.983576 0.34448819,
  56.301314 -37.980533 0.34448819,56.300698 -37.977438 0.34448819,
  56.300379 -37.977119 0.34448819,56.300119 -37.976168 0.34448819,
  56.281371 -37.938672 0.34448819,56.279437 -37.936181 0.34448819,
  56.277683 -37.933556 0.34448819,56.258936 -37.914809 0.34448819,
  56.25255 -37.910542 0.34448819,56.237483 -37.910542 0.34448819,
  56.22683 -37.921195 0.34448819,56.22683 -37.936261 0.34448819,
  56.231097 -37.942648 0.34448819,56.247586 -37.959137 0.34448819,
  56.262827 -37.989618 0.34448819,56.262827 -38.074062 0.34448819,
  56.247586 -38.104544 0.34448819,56.233356 -38.118774 0.34448819,
  56.202874 -38.134015 0.34448819,56.17322 -38.134015 0.34448819,
  56.124416 -38.117747 0.34448819,55.90273 -37.896061 0.34448819,
  55.896344 -37.891794 0.34448819,55.881278 -37.891794 0.34448819,
  55.870624 -37.902448 0.34448819,55.869126 -37.909981 0.34448819,
  55.869126 -38.1537 0.34448819,55.870624 -38.161233 0.34448819,
  55.881278 -38.171887 0.34448819,55.896344 -38.171887 0.34448819,
  55.906998 -38.161233 0.34448819,55.908496 -38.1537 0.34448819,
  55.908496 -37.957504 0.34448819,56.099864 -38.148872 0.34448819,
  56.100683 -38.149419 0.34448819,56.100885 -38.149824 0.34448819,
  56.103628 -38.151387 0.34448819,56.10625 -38.153139 0.34448819,
  56.106702 -38.153139 0.34448819,56.107558 -38.153627 0.34448819,
  56.163801 -38.172375 0.34448819,56.166931 -38.172769 0.34448819,
  56.170026 -38.173385 0.34448819,56.207521 -38.173385 0.34448819,
  56.208488 -38.173193 0.34448819,56.208917 -38.173335 0.34448819,
  56.211959 -38.172502 0.34448819,56.215054 -38.171887 0.34448819,
  56.215374 -38.171567 0.34448819,56.216325 -38.171307 0.34448819,
  56.25382 -38.152559 0.34448819,56.256313 -38.150624 0.34448819,
  56.258936 -38.148872 0.34448819,61.832552 -37.816631 0.34448819,
  61.8308 -37.819254 0.34448819,61.828865 -37.821747 0.34448819,
  61.810117 -37.859242 0.34448819,61.809857 -37.860193 0.34448819,
  61.809537 -37.860513 0.34448819,61.808922 -37.863607 0.34448819,
  61.808089 -37.86665 0.34448819,61.808231 -37.867078 0.34448819,
  61.808039 -37.868046 0.34448819,61.808039 -37.961784 0.34448819,
  61.808231 -37.962751 0.34448819,61.808089 -37.96318 0.34448819,
  61.808922 -37.966222 0.34448819,61.809537 -37.969317 0.34448819,
  61.809857 -37.969636 0.34448819,61.810117 -37.970587 0.34448819,
  61.828865 -38.008082 0.34448819,61.8308 -38.010576 0.34448819,
  61.832552 -38.013198 0.34448819,61.8513 -38.031946 0.34448819,
  61.857686 -38.036213 0.34448819,61.872752 -38.036213 0.34448819,
  61.883406 -38.02556 0.34448819,61.883406 -38.010493 0.34448819,
  61.879139 -38.004107 0.34448819,61.86265 -37.987619 0.34448819,
  61.847409 -37.957137 0.34448819,61.847409 -37.872693 0.34448819,
  61.86265 -37.842211 0.34448819,61.87688 -37.827981 0.34448819,
  61.907362 -37.81274 0.34448819,61.937016 -37.81274 0.34448819,
  61.985819 -37.829008 0.34448819,62.207506 -38.050694 0.34448819,
  62.213892 -38.054961 0.34448819,62.228958 -38.054961 0.34448819,
  62.239611 -38.044307 0.34448819,62.24111 -38.036774 0.34448819,
  62.24111 -37.793055 0.34448819,62.239611 -37.785522 0.34448819,
  62.228958 -37.774869 0.34448819,62.213892 -37.774869 0.34448819,
  62.203238 -37.785522 0.34448819,62.20174 -37.793055 0.34448819,
  62.20174 -37.989251 0.34448819,62.010372 -37.797883 0.34448819,
  62.009552 -37.797335 0.34448819,62.00935 -37.796931 0.34448819,
  62.006609 -37.795369 0.34448819,62.003986 -37.793616 0.34448819,
  62.003534 -37.793616 0.34448819,62.002678 -37.793128 0.34448819,
  61.946435 -37.77438 0.34448819,61.943305 -37.773985 0.34448819,
  61.94021 -37.77337 0.34448819,61.902715 -37.77337 0.34448819,
  61.901747 -37.773562 0.34448819,61.901319 -37.77342 0.34448819,
  61.898276 -37.774253 0.34448819,61.895181 -37.774869 0.34448819,
  61.894862 -37.775188 0.34448819,61.893911 -37.775448 0.34448819,
  61.856416 -37.794196 0.34448819,61.853924 -37.79613 0.34448819,
  61.8513 -37.797883 0.34448819,62.216596 -38.350657 0.34448819,
  62.21835 -38.348032 0.34448819,62.220284 -38.345541 0.34448819,
  62.239031 -38.308045 0.34448819,62.239292 -38.307094 0.34448819,
  62.239611 -38.306775 0.34448819,62.240227 -38.30368 0.34448819,
  62.24106 -38.300637 0.34448819,62.240917 -38.300209 0.34448819,
  62.24111 -38.299242 0.34448819,62.24111 -38.261746 0.34448819,
  62.240917 -38.260779 0.34448819,62.24106 -38.260351 0.34448819,
  62.240227 -38.257308 0.34448819,62.239611 -38.254213 0.34448819,
  62.239292 -38.253894 0.34448819,62.239031 -38.252943 0.34448819,
  62.220284 -38.215448 0.34448819,62.21835 -38.212956 0.34448819,
  62.216596 -38.210331 0.34448819,62.197848 -38.191584 0.34448819,
  62.195224 -38.18983 0.34448819,62.192732 -38.187896 0.34448819,
  62.155237 -38.169149 0.34448819,62.153158 -38.16858 0.34448819,
  62.151208 -38.167659 0.34448819,62.076218 -38.148911 0.34448819,
  62.073809 -38.148794 0.34448819,62.071443 -38.148323 0.34448819,
  61.977705 -38.148323 0.34448819,61.975339 -38.148794 0.34448819,
  61.972931 -38.148911 0.34448819,61.89794 -38.167659 0.34448819,
  61.89599 -38.16858 0.34448819,61.893911 -38.169149 0.34448819,
  61.856416 -38.187897 0.34448819,61.853924 -38.18983 0.34448819,
  61.8513 -38.191584 0.34448819,61.832552 -38.210332 0.34448819,
  61.8308 -38.212954 0.34448819,61.828865 -38.215448 0.34448819,
  61.810117 -38.252943 0.34448819,61.809857 -38.253894 0.34448819,
  61.809537 -38.254213 0.34448819,61.808922 -38.257308 0.34448819,
  61.808089 -38.260351 0.34448819,61.808231 -38.260779 0.34448819,
  61.808039 -38.261746 0.34448819,61.808039 -38.266393 0.34448819,
  61.808039 -38.299242 0.34448819,61.808231 -38.300209 0.34448819,
  61.808089 -38.300637 0.34448819,61.808922 -38.30368 0.34448819,
  61.809537 -38.306775 0.34448819,61.809857 -38.307094 0.34448819,
  61.810117 -38.308045 0.34448819,61.828865 -38.34554 0.34448819,
  61.8308 -38.348033 0.34448819,61.832552 -38.350656 0.34448819,
  61.8513 -38.369404 0.34448819,61.853924 -38.371157 0.34448819,
  61.856416 -38.373091 0.34448819,61.893911 -38.391839 0.34448819,
  61.89599 -38.392408 0.34448819,61.89794 -38.39333 0.34448819,
  61.972931 -38.412077 0.34448819,61.975339 -38.412194 0.34448819,
  61.977705 -38.412665 0.34448819,62.071443 -38.412665 0.34448819,
  62.073809 -38.412194 0.34448819,62.076218 -38.412077 0.34448819,
  62.151208 -38.39333 0.34448819,62.153158 -38.392408 0.34448819,
  62.155237 -38.391839 0.34448819,62.192732 -38.373092 0.34448819,
  62.195224 -38.371158 0.34448819,62.197848 -38.369404 0.34448819,
  62.20174 -38.266393 0.34448819,62.20174 -38.294594 0.34448819,
  62.186499 -38.325076 0.34448819,62.172268 -38.339306 0.34448819,
  62.139563 -38.355659 0.34448819,62.06902 -38.373295 0.34448819,
  61.980128 -38.373295 0.34448819,61.909585 -38.355659 0.34448819,
  61.87688 -38.339306 0.34448819,61.86265 -38.325076 0.34448819,
  61.847409 -38.294595 0.34448819,61.847409 -38.266393 0.34448819,
  61.86265 -38.235911 0.34448819,61.87688 -38.221681 0.34448819,
  61.909585 -38.205329 0.34448819,61.980128 -38.187693 0.34448819,
  62.06902 -38.187693 0.34448819,62.139563 -38.205329 0.34448819,
  62.172268 -38.221681 0.34448819,62.186499 -38.235912 0.34448819,
  55.889372 -37.602936 0.34448819,55.888884 -37.603793 0.34448819,
  55.870136 -37.660036 0.34448819,55.869741 -37.663166 0.34448819,
  55.869126 -37.666261 0.34448819,55.869126 -37.703756 0.34448819,
  55.869741 -37.706851 0.34448819,55.870136 -37.709981 0.34448819,
  55.888884 -37.766224 0.34448819,55.889372 -37.767081 0.34448819,
  55.889372 -37.767532 0.34448819,55.891124 -37.770154 0.34448819,
  55.892688 -37.772897 0.34448819,55.893092 -37.773099 0.34448819,
  55.89364 -37.773919 0.34448819,55.912387 -37.792666 0.34448819,
  55.918773 -37.796933 0.34448819,55.918774 -37.796933 0.34448819,
  55.926307 -37.798432 0.34448819,56.05754 -37.798432 0.34448819,
  56.065073 -37.796933 0.34448819,56.075727 -37.78628 0.34448819,
  56.077225 -37.778747 0.34448819,56.077225 -37.703756 0.34448819,
  56.075727 -37.696223 0.34448819,56.065073 -37.68557 0.34448819,
  56.050007 -37.68557 0.34448819,56.039354 -37.696223 0.34448819,
  56.037855 -37.703756 0.34448819,56.037855 -37.759062 0.34448819,
  55.934461 -37.759062 0.34448819,55.924764 -37.749366 0.34448819,
  55.908496 -37.700561 0.34448819,55.908496 -37.669456 0.34448819,
  55.924764 -37.620651 0.34448819,55.956714 -37.588701 0.34448819,
  55.98942 -37.572348 0.34448819,56.059963 -37.554713 0.34448819,
  56.11136 -37.554713 0.34448819,56.181903 -37.572348 0.34448819,
  56.214609 -37.588701 0.34448819,56.246559 -37.620651 0.34448819,
  56.262827 -37.669455 0.34448819,56.262827 -37.717857 0.34448819,
  56.246157 -37.751196 0.34448819,56.244129 -37.758604 0.34448819,
  56.248893 -37.772897 0.34448819,56.262369 -37.779635 0.34448819,
  56.276662 -37.77487 0.34448819,56.281371 -37.768803 0.34448819,
  56.300119 -37.731307 0.34448819,56.300379 -37.730356 0.34448819,
  56.300698 -37.730037 0.34448819,56.301314 -37.726942 0.34448819,
  56.302147 -37.7239 0.34448819,56.302004 -37.723471 0.34448819,
  56.302197 -37.722504 0.34448819,56.302197 -37.666261 0.34448819,
  56.301581 -37.663166 0.34448819,56.301187 -37.660036 0.34448819,
  56.282439 -37.603793 0.34448819,56.281951 -37.602937 0.34448819,
  56.281951 -37.602485 0.34448819,56.280198 -37.599863 0.34448819,
  56.278635 -37.59712 0.34448819,56.278231 -37.596918 0.34448819,
  56.277683 -37.596099 0.34448819,56.240188 -37.558604 0.34448819,
  56.237565 -37.556851 0.34448819,56.235072 -37.554916 0.34448819,
  56.197577 -37.536169 0.34448819,56.195498 -37.535599 0.34448819,
  56.193548 -37.534678 0.34448819,56.118557 -37.51593 0.34448819,
  56.116149 -37.515813 0.34448819,56.113783 -37.515343 0.34448819,
  56.05754 -37.515343 0.34448819,56.055174 -37.515813 0.34448819,
  56.052766 -37.51593 0.34448819,55.977775 -37.534678 0.34448819,
  55.975825 -37.535599 0.34448819,55.973746 -37.536169 0.34448819,
  55.936251 -37.554916 0.34448819,55.933757 -37.556851 0.34448819,
  55.931135 -37.558604 0.34448819,55.89364 -37.596099 0.34448819,
  55.893092 -37.596918 0.34448819,55.892688 -37.59712 0.34448819,
  55.891124 -37.599863 0.34448819,55.889372 -37.602485 0.34448819,
  62.216596 -37.619498 0.34448819,62.21835 -37.616873 0.34448819,
  62.220284 -37.614382 0.34448819,62.239031 -37.576887 0.34448819,
  62.239292 -37.575935 0.34448819,62.239611 -37.575616 0.34448819,
  62.240227 -37.572521 0.34448819,62.24106 -37.569479 0.34448819,
  62.240917 -37.56905 0.34448819,62.24111 -37.568083 0.34448819,
  62.24111 -37.493093 0.34448819,62.240917 -37.492125 0.34448819,
  62.24106 -37.491697 0.34448819,62.240227 -37.488654 0.34448819,
  62.239611 -37.485559 0.34448819,62.239292 -37.48524 0.34448819,
  62.239031 -37.484289 0.34448819,62.220284 -37.446794 0.34448819,
  62.21835 -37.444302 0.34448819,62.216596 -37.441678 0.34448819,
  62.197848 -37.42293 0.34448819,62.195224 -37.421176 0.34448819,
  62.192732 -37.419243 0.34448819,62.155237 -37.400495 0.34448819,
  62.154286 -37.400235 0.34448819,62.153967 -37.399915 0.34448819,
  62.150872 -37.3993 0.34448819,62.14783 -37.398467 0.34448819,
  62.147401 -37.398609 0.34448819,62.146434 -37.398417 0.34448819,
  62.052696 -37.398417 0.34448819,62.051728 -37.398609 0.34448819,
  62.0513 -37.398467 0.34448819,62.048257 -37.3993 0.34448819,
  62.045163 -37.399915 0.34448819,62.044843 -37.400235 0.34448819,
  62.043892 -37.400495 0.34448819,62.006397 -37.419243 0.34448819,
  62.003905 -37.421176 0.34448819,62.001281 -37.42293 0.34448819,
  61.982533 -37.441678 0.34448819,61.980781 -37.4443 0.34448819,
  61.978846 -37.446794 0.34448819,61.960098 -37.484289 0.34448819,
  61.959838 -37.48524 0.34448819,61.959519 -37.485559 0.34448819,
  61.958903 -37.488654 0.34448819,61.95807 -37.491697 0.34448819,
  61.958212 -37.492125 0.34448819,61.95802 -37.493093 0.34448819,
  61.95802 -37.497739 0.34448819,61.95802 -37.568083 0.34448819,
  61.958212 -37.56905 0.34448819,61.95807 -37.569479 0.34448819,
  61.958903 -37.572521 0.34448819,61.959519 -37.575616 0.34448819,
  61.959838 -37.575935 0.34448819,61.960098 -37.576887 0.34448819,
  61.978846 -37.614381 0.34448819,61.980781 -37.616875 0.34448819,
  61.982377 -37.619264 0.34448819,61.929544 -37.606056 0.34448819,
  61.87776 -37.571532 0.34448819,61.86265 -37.556422 0.34448819,
  61.847409 -37.525941 0.34448819,61.847409 -37.455597 0.34448819,
  61.845911 -37.448064 0.34448819,61.835257 -37.437411 0.34448819,
  61.820191 -37.437411 0.34448819,61.809537 -37.448064 0.34448819,
  61.808039 -37.455597 0.34448819,61.808039 -37.530588 0.34448819,
  61.808231 -37.531555 0.34448819,61.808089 -37.531983 0.34448819,
  61.808922 -37.535026 0.34448819,61.809537 -37.538121 0.34448819,
  61.809857 -37.53844 0.34448819,61.810117 -37.539391 0.34448819,
  61.828865 -37.576886 0.34448819,61.8308 -37.57938 0.34448819,
  61.832552 -37.582002 0.34448819,61.8513 -37.60075 0.34448819,
  61.85292 -37.601833 0.34448819,61.8543 -37.60321 0.34448819,
  61.910543 -37.640705 0.34448819,61.913653 -37.641989 0.34448819,
  61.916688 -37.643423 0.34448819,61.991678 -37.662171 0.34448819,
  61.994087 -37.662288 0.34448819,61.996453 -37.662759 0.34448819,
  62.146434 -37.662759 0.34448819,62.147401 -37.662566 0.34448819,
  62.14783 -37.662709 0.34448819,62.150872 -37.661876 0.34448819,
  62.153967 -37.66126 0.34448819,62.154286 -37.660941 0.34448819,
  62.155237 -37.66068 0.34448819,62.192732 -37.641933 0.34448819,
  62.195224 -37.639999 0.34448819,62.197848 -37.638246 0.34448819,
  62.20174 -37.497739 0.34448819,62.20174 -37.563436 0.34448819,
  62.186499 -37.593917 0.34448819,62.172268 -37.608148 0.34448819,
  62.141787 -37.623389 0.34448819,62.057343 -37.623389 0.34448819,
  62.026861 -37.608148 0.34448819,62.012631 -37.593918 0.34448819,
  61.99739 -37.563436 0.34448819,61.99739 -37.497739 0.34448819,
  62.012631 -37.467257 0.34448819,62.026861 -37.453028 0.34448819,
  62.057343 -37.437787 0.34448819,62.141787 -37.437787 0.34448819,
  62.172268 -37.453028 0.34448819,62.186499 -37.467258 0.34448819,
  62.216596 -36.738358 0.34448819,62.21835 -36.735733 0.34448819,
  62.220284 -36.733242 0.34448819,62.239031 -36.695747 0.34448819,
  62.239292 -36.694796 0.34448819,62.239611 -36.694476 0.34448819,
  62.240227 -36.691381 0.34448819,62.24106 -36.688339 0.34448819,
  62.240917 -36.68791 0.34448819,62.24111 -36.686943 0.34448819,
  62.24111 -36.649448 0.34448819,62.240917 -36.648481 0.34448819,
  62.24106 -36.648052 0.34448819,62.240227 -36.64501 0.34448819,
  62.239611 -36.641915 0.34448819,62.239292 -36.641595 0.34448819,
  62.239031 -36.640644 0.34448819,62.220284 -36.603149 0.34448819,
  62.21835 -36.600657 0.34448819,62.216596 -36.598033 0.34448819,
  62.197848 -36.579285 0.34448819,62.195224 -36.577531 0.34448819,
  62.192732 -36.575598 0.34448819,62.155237 -36.556851 0.34448819,
  62.153158 -36.556281 0.34448819,62.151208 -36.55536 0.34448819,
  62.076218 -36.536613 0.34448819,62.073809 -36.536495 0.34448819,
  62.071443 -36.536025 0.34448819,61.977705 -36.536025 0.34448819,
  61.975339 -36.536495 0.34448819,61.972931 -36.536613 0.34448819,
  61.89794 -36.55536 0.34448819,61.89599 -36.556281 0.34448819,
  61.893911 -36.556851 0.34448819,61.856416 -36.575598 0.34448819,
  61.853924 -36.577532 0.34448819,61.8513 -36.579286 0.34448819,
  61.832552 -36.598033 0.34448819,61.8308 -36.600656 0.34448819,
  61.828865 -36.60315 0.34448819,61.810117 -36.640644 0.34448819,
  61.809857 -36.641595 0.34448819,61.809537 -36.641915 0.34448819,
  61.808922 -36.64501 0.34448819,61.808089 -36.648052 0.34448819,
  61.808231 -36.648481 0.34448819,61.808039 -36.649448 0.34448819,
  61.808039 -36.654095 0.34448819,61.808039 -36.686943 0.34448819,
  61.808231 -36.68791 0.34448819,61.808089 -36.688339 0.34448819,
  61.808922 -36.691381 0.34448819,61.809537 -36.694476 0.34448819,
  61.809857 -36.694796 0.34448819,61.810117 -36.695747 0.34448819,
  61.828865 -36.733242 0.34448819,61.8308 -36.735735 0.34448819,
  61.832552 -36.738358 0.34448819,61.8513 -36.757106 0.34448819,
  61.853924 -36.758859 0.34448819,61.856416 -36.760793 0.34448819,
  61.893911 -36.779541 0.34448819,61.89599 -36.78011 0.34448819,
  61.89794 -36.781031 0.34448819,61.972931 -36.799779 0.34448819,
  61.975339 -36.799896 0.34448819,61.977705 -36.800367 0.34448819,
  62.071443 -36.800367 0.34448819,62.073809 -36.799896 0.34448819,
  62.076218 -36.799779 0.34448819,62.151208 -36.781031 0.34448819,
  62.153158 -36.78011 0.34448819,62.155237 -36.779541 0.34448819,
  62.192732 -36.760793 0.34448819,62.195224 -36.758859 0.34448819,
  62.197848 -36.757106 0.34448819,62.20174 -36.654095 0.34448819,
  62.20174 -36.682296 0.34448819,62.186499 -36.712777 0.34448819,
  62.172268 -36.727008 0.34448819,62.139563 -36.743361 0.34448819,
  62.06902 -36.760996 0.34448819,61.980128 -36.760996 0.34448819,
  61.909585 -36.743361 0.34448819,61.87688 -36.727008 0.34448819,
  61.86265 -36.712778 0.34448819,61.847409 -36.682296 0.34448819,
  61.847409 -36.654095 0.34448819,61.86265 -36.623613 0.34448819,
  61.87688 -36.609383 0.34448819,61.909585 -36.59303 0.34448819,
  61.980128 -36.575395 0.34448819,62.06902 -36.575395 0.34448819,
  62.139563 -36.593031 0.34448819,62.172268 -36.609383 0.34448819,
  62.186499 -36.623614 0.34448819,62.091128 -36.949411 0.34448819,
  62.08963 -36.941878 0.34448819,62.078976 -36.931224 0.34448819,
  62.06391 -36.931224 0.34448819,62.053257 -36.941878 0.34448819,
  62.051758 -36.949411 0.34448819,62.051758 -37.249373 0.34448819,
  62.053257 -37.256906 0.34448819,62.06391 -37.267559 0.34448819,
  62.078976 -37.267559 0.34448819,62.08963 -37.256906 0.34448819,
  62.091128 -37.249373 0.34448819,56.17008 -36.949412 0.34448819,
  56.169465 -36.946317 0.34448819,56.169145 -36.945997 0.34448819,
  56.168885 -36.945046 0.34448819,56.15467 -36.916617 0.34448819,
  56.158811 -36.915794 0.34448819,56.169465 -36.90514 0.34448819,
  56.169465 -36.890074 0.34448819,56.158811 -36.87942 0.34448819,
  56.151278 -36.877922 0.34448819,55.888811 -36.877922 0.34448819,
  55.881278 -36.87942 0.34448819,55.870624 -36.890074 0.34448819,
  55.870624 -36.90514 0.34448819,55.881278 -36.915794 0.34448819,
  55.888811 -36.917292 0.34448819,56.10563 -36.917292 0.34448819,
  56.116352 -36.928015 0.34448819,56.131593 -36.958497 0.34448819,
  56.131593 -37.005446 0.34448819,56.117858 -37.032916 0.34448819,
  56.090389 -37.046651 0.34448819,55.888811 -37.046651 0.34448819,
  55.881278 -37.048149 0.34448819,55.870624 -37.058803 0.34448819,
  55.870624 -37.073869 0.34448819,55.881278 -37.084522 0.34448819,
  55.888811 -37.086021 0.34448819,56.095035 -37.086021 0.34448819,
  56.096002 -37.085828 0.34448819,56.096431 -37.085971 0.34448819,
  56.099473 -37.085138 0.34448819,56.102569 -37.084522 0.34448819,
  56.102888 -37.084203 0.34448819,56.103839 -37.083943 0.34448819,
  56.141334 -37.065195 0.34448819,56.14443 -37.062792 0.34448819,
  56.145428 -37.062459 0.34448819,56.146291 -37.061348 0.34448819,
  56.147402 -37.060486 0.34448819,56.147734 -37.059488 0.34448819,
  56.150137 -37.056392 0.34448819,56.168885 -37.018896 0.34448819,
  56.169145 -37.017945 0.34448819,56.169465 -37.017626 0.34448819,
  56.17008 -37.014531 0.34448819,56.170914 -37.011489 0.34448819,
  56.170771 -37.01106 0.34448819,56.170963 -37.010093 0.34448819,
  56.170963 -36.95385 0.34448819,56.170771 -36.952883 0.34448819,
  56.170914 -36.952454 0.34448819,56.14645 -36.705302 0.34448819,
  56.148204 -36.702678 0.34448819,56.150137 -36.700186 0.34448819,
  56.168885 -36.662691 0.34448819,56.169145 -36.66174 0.34448819,
  56.169465 -36.66142 0.34448819,56.17008 -36.658325 0.34448819,
  56.170914 -36.655283 0.34448819,56.170771 -36.654854 0.34448819,
  56.170963 -36.653887 0.34448819,56.170963 -36.597644 0.34448819,
  56.170771 -36.596677 0.34448819,56.170914 -36.596249 0.34448819,
  56.17008 -36.593206 0.34448819,56.169465 -36.590111 0.34448819,
  56.169145 -36.589792 0.34448819,56.168885 -36.588841 0.34448819,
  56.150137 -36.551346 0.34448819,56.148204 -36.548854 0.34448819,
  56.14645 -36.54623 0.34448819,56.127702 -36.527482 0.34448819,
  56.12508 -36.52573 0.34448819,56.122586 -36.523794 0.34448819,
  56.085091 -36.505047 0.34448819,56.08414 -36.504787 0.34448819,
  56.083821 -36.504467 0.34448819,56.080726 -36.503852 0.34448819,
  56.077683 -36.503019 0.34448819,56.077255 -36.503161 0.34448819,
  56.076288 -36.502969 0.34448819,55.963802 -36.502969 0.34448819,
  55.962835 -36.503161 0.34448819,55.962406 -36.503019 0.34448819,
  55.959364 -36.503852 0.34448819,55.956269 -36.504467 0.34448819,
  55.955949 -36.504787 0.34448819,55.954998 -36.505047 0.34448819,
  55.917503 -36.523795 0.34448819,55.915011 -36.525728 0.34448819,
  55.912387 -36.527482 0.34448819,55.89364 -36.54623 0.34448819,
  55.891887 -36.548852 0.34448819,55.889952 -36.551346 0.34448819,
  55.871204 -36.588841 0.34448819,55.870944 -36.589792 0.34448819,
  55.870624 -36.590111 0.34448819,55.870009 -36.593206 0.34448819,
  55.869176 -36.596249 0.34448819,55.869318 -36.596677 0.34448819,
  55.869126 -36.597644 0.34448819,55.869126 -36.602291 0.34448819,
  55.869126 -36.653887 0.34448819,55.869318 -36.654854 0.34448819,
  55.869176 -36.655283 0.34448819,55.870009 -36.658325 0.34448819,
  55.870624 -36.66142 0.34448819,55.870944 -36.66174 0.34448819,
  55.871204 -36.662691 0.34448819,55.889952 -36.700186 0.34448819,
  55.891887 -36.70268 0.34448819,55.89364 -36.705302 0.34448819,
  55.912387 -36.72405 0.34448819,55.915011 -36.725803 0.34448819,
  55.917503 -36.727737 0.34448819,55.954998 -36.746485 0.34448819,
  55.955949 -36.746745 0.34448819,55.956269 -36.747065 0.34448819,
  55.959364 -36.74768 0.34448819,55.962406 -36.748513 0.34448819,
  55.962835 -36.74837 0.34448819,55.963802 -36.748563 0.34448819,
  56.076288 -36.748563 0.34448819,56.077255 -36.74837 0.34448819,
  56.077683 -36.748513 0.34448819,56.080726 -36.74768 0.34448819,
  56.083821 -36.747065 0.34448819,56.08414 -36.746745 0.34448819,
  56.085091 -36.746485 0.34448819,56.122586 -36.727737 0.34448819,
  56.12508 -36.725802 0.34448819,56.127702 -36.72405 0.34448819,
  56.131593 -36.602291 0.34448819,56.131593 -36.64924 0.34448819,
  56.116352 -36.679722 0.34448819,56.102122 -36.693952 0.34448819,
  56.071641 -36.709193 0.34448819,55.968449 -36.709193 0.34448819,
  55.937967 -36.693952 0.34448819,55.923737 -36.679722 0.34448819,
  55.908496 -36.64924 0.34448819,55.908496 -36.602291 0.34448819,
  55.923737 -36.571809 0.34448819,55.937967 -36.55758 0.34448819,
  55.968449 -36.542339 0.34448819,56.071641 -36.542339 0.34448819,
  56.102122 -36.55758 0.34448819,56.116352 -36.57181 0.34448819,
  56.17008 -36.368234 0.34448819,56.169465 -36.365139 0.34448819,
  56.169145 -36.36482 0.34448819,56.168885 -36.363869 0.34448819,
  56.150137 -36.326374 0.34448819,56.148204 -36.323882 0.34448819,
  56.14645 -36.321257 0.34448819,56.142559 -36.317367 0.34448819,
  56.151278 -36.317367 0.34448819,56.158811 -36.315869 0.34448819,
  56.169465 -36.305215 0.34448819,56.169465 -36.290149 0.34448819,
  56.158811 -36.279495 0.34448819,56.151278 -36.277997 0.34448819,
  55.888811 -36.277997 0.34448819,55.881278 -36.279495 0.34448819,
  55.870624 -36.290149 0.34448819,55.870624 -36.305215 0.34448819,
  55.881278 -36.315869 0.34448819,55.888811 -36.317367 0.34448819,
  56.071641 -36.317367 0.34448819,56.102122 -36.332607 0.34448819,
  56.116352 -36.346838 0.34448819,56.131593 -36.377319 0.34448819,
  56.131593 -36.410168 0.34448819,56.133092 -36.417701 0.34448819,
  56.143745 -36.428354 0.34448819,56.158811 -36.428354 0.34448819,
  56.169465 -36.417701 0.34448819,56.170963 -36.410168 0.34448819,
  56.170963 -36.372672 0.34448819,56.170771 -36.371705 0.34448819,
  56.170914 -36.371277 0.34448819,56.17008 -35.824552 0.34448819,
  56.169465 -35.821457 0.34448819,56.169145 -35.821138 0.34448819,
  56.168885 -35.820187 0.34448819,56.15467 -35.791758 0.34448819,
  56.158811 -35.790934 0.34448819,56.169465 -35.780281 0.34448819,
  56.169465 -35.765215 0.34448819,56.158811 -35.754561 0.34448819,
  56.151278 -35.753063 0.34448819,55.888811 -35.753063 0.34448819,
  55.881278 -35.754561 0.34448819,55.870624 -35.765215 0.34448819,
  55.870624 -35.780281 0.34448819,55.881278 -35.790934 0.34448819,
  55.888811 -35.792433 0.34448819,56.10563 -35.792433 0.34448819,
  56.116352 -35.803156 0.34448819,56.131593 -35.833637 0.34448819,
  56.131593 -35.880586 0.34448819,56.117858 -35.908056 0.34448819,
  56.090389 -35.921791 0.34448819,55.888811 -35.921791 0.34448819,
  55.881278 -35.92329 0.34448819,55.870624 -35.933943 0.34448819,
  55.870624 -35.949009 0.34448819,55.881278 -35.959663 0.34448819,
  55.888811 -35.961161 0.34448819,56.090389 -35.961161 0.34448819,
  56.117858 -35.974896 0.34448819,56.131593 -36.002366 0.34448819,
  56.131593 -36.049315 0.34448819,56.117858 -36.076785 0.34448819,
  56.090389 -36.09052 0.34448819,55.888811 -36.09052 0.34448819,
  55.881278 -36.092019 0.34448819,55.870624 -36.102672 0.34448819,
  55.870624 -36.117739 0.34448819,55.881278 -36.128392 0.34448819,
  55.888811 -36.129891 0.34448819,56.095035 -36.129891 0.34448819,
  56.096002 -36.129698 0.34448819,56.096431 -36.129841 0.34448819,
  56.099473 -36.129007 0.34448819,56.102569 -36.128392 0.34448819,
  56.102888 -36.128072 0.34448819,56.103839 -36.127812 0.34448819,
  56.141334 -36.109065 0.34448819,56.144431 -36.106661 0.34448819,
  56.145428 -36.106329 0.34448819,56.14629 -36.105218 0.34448819,
  56.147402 -36.104356 0.34448819,56.147734 -36.103357 0.34448819,
  56.150137 -36.100261 0.34448819,56.168885 -36.062766 0.34448819,
  56.169145 -36.061815 0.34448819,56.169465 -36.061495 0.34448819,
  56.17008 -36.0584 0.34448819,56.170914 -36.055358 0.34448819,
  56.170771 -36.054929 0.34448819,56.170963 -36.053962 0.34448819,
  56.170963 -35.997719 0.34448819,56.170771 -35.996752 0.34448819,
  56.170914 -35.996324 0.34448819,56.17008 -35.993281 0.34448819,
  56.169465 -35.990186 0.34448819,56.169145 -35.989867 0.34448819,
  56.168885 -35.988916 0.34448819,56.150137 -35.95142 0.34448819,
  56.147734 -35.948324 0.34448819,56.147402 -35.947326 0.34448819,
  56.146291 -35.946464 0.34448819,56.145428 -35.945353 0.34448819,
  56.14443 -35.94502 0.34448819,56.141334 -35.942617 0.34448819,
  56.139052 -35.941476 0.34448819,56.141334 -35.940336 0.34448819,
  56.14443 -35.937933 0.34448819,56.145428 -35.9376 0.34448819,
  56.146291 -35.936488 0.34448819,56.147402 -35.935626 0.34448819,
  56.147734 -35.934629 0.34448819,56.150137 -35.931532 0.34448819,
  56.168885 -35.894037 0.34448819,56.169145 -35.893086 0.34448819,
  56.169465 -35.892767 0.34448819,56.17008 -35.889671 0.34448819,
  56.170914 -35.886629 0.34448819,56.170771 -35.8862 0.34448819,
  56.170963 -35.885233 0.34448819,56.170963 -35.828991 0.34448819,
  56.170771 -35.828023 0.34448819,56.170914 -35.827595 0.34448819,
  61.978846 -36.209449 0.34448819,61.960098 -36.246944 0.34448819,
  61.959838 -36.247894 0.34448819,61.959519 -36.248214 0.34448819,
  61.958903 -36.251309 0.34448819,61.95807 -36.254352 0.34448819,
  61.958212 -36.25478 0.34448819,61.95802 -36.255747 0.34448819,
  61.95802 -36.349485 0.34448819,61.958212 -36.350452 0.34448819,
  61.95807 -36.350881 0.34448819,61.958903 -36.353923 0.34448819,
  61.959519 -36.357019 0.34448819,61.959838 -36.357338 0.34448819,
  61.960098 -36.358289 0.34448819,61.971754 -36.3816 0.34448819,
  61.847409 -36.369166 0.34448819,61.847409 -36.199504 0.34448819,
  61.845911 -36.191971 0.34448819,61.835257 -36.181318 0.34448819,
  61.820191 -36.181318 0.34448819,61.809537 -36.191971 0.34448819,
  61.808039 -36.199504 0.34448819,61.808039 -36.386981 0.34448819,
  61.808976 -36.39169 0.34448819,61.808878 -36.392667 0.34448819,
  61.809264 -36.393139 0.34448819,61.809537 -36.394514 0.34448819,
  61.814221 -36.399198 0.34448819,61.818419 -36.404328 0.34448819,
  61.81976 -36.404737 0.34448819,61.820191 -36.405167 0.34448819,
  61.821172 -36.405167 0.34448819,61.825765 -36.406568 0.34448819,
  62.013242 -36.425316 0.34448819,62.020887 -36.424574 0.34448819,
  62.021693 -36.423915 0.34448819,62.022733 -36.423915 0.34448819,
  62.027417 -36.419231 0.34448819,62.032547 -36.415034 0.34448819,
  62.032651 -36.413997 0.34448819,62.033387 -36.413261 0.34448819,
  62.033387 -36.406636 0.34448819,62.034046 -36.400042 0.34448819,
  62.033387 -36.399236 0.34448819,62.033387 -36.398195 0.34448819,
  62.02912 -36.391809 0.34448819,62.012631 -36.37532 0.34448819,
  61.99739 -36.344839 0.34448819,61.99739 -36.260394 0.34448819,
  62.012631 -36.229912 0.34448819,62.026861 -36.215682 0.34448819,
  62.057343 -36.200442 0.34448819,62.141787 -36.200442 0.34448819,
  62.172268 -36.215682 0.34448819,62.186499 -36.229913 0.34448819,
  62.20174 -36.260394 0.34448819,62.20174 -36.344838 0.34448819,
  62.186499 -36.375319 0.34448819,62.17001 -36.391809 0.34448819,
  62.165743 -36.398195 0.34448819,62.165743 -36.413261 0.34448819,
  62.176396 -36.423915 0.34448819,62.191462 -36.423915 0.34448819,
  62.197848 -36.419648 0.34448819,62.216596 -36.4009 0.34448819,
  62.21835 -36.398276 0.34448819,62.220284 -36.395784 0.34448819,
  62.239031 -36.358289 0.34448819,62.239292 -36.357338 0.34448819,
  62.239611 -36.357019 0.34448819,62.240227 -36.353923 0.34448819,
  62.24106 -36.350881 0.34448819,62.240917 -36.350452 0.34448819,
  62.24111 -36.349485 0.34448819,62.24111 -36.255747 0.34448819,
  62.240917 -36.25478 0.34448819,62.24106 -36.254352 0.34448819,
  62.240227 -36.251309 0.34448819,62.239611 -36.248214 0.34448819,
  62.239292 -36.247894 0.34448819,62.239031 -36.246944 0.34448819,
  62.220284 -36.209448 0.34448819,62.21835 -36.206957 0.34448819,
  62.216596 -36.204332 0.34448819,62.197848 -36.185585 0.34448819,
  62.195224 -36.183831 0.34448819,62.192732 -36.181897 0.34448819,
  62.155237 -36.16315 0.34448819,62.154286 -36.162889 0.34448819,
  62.153967 -36.16257 0.34448819,62.150872 -36.161954 0.34448819,
  62.14783 -36.161121 0.34448819,62.147401 -36.161264 0.34448819,
  62.146434 -36.161072 0.34448819,62.052696 -36.161072 0.34448819,
  62.051728 -36.161264 0.34448819,62.0513 -36.161121 0.34448819,
  62.048257 -36.161954 0.34448819,62.045163 -36.16257 0.34448819,
  62.044843 -36.162889 0.34448819,62.043892 -36.16315 0.34448819,
  62.006397 -36.181898 0.34448819,62.003905 -36.183831 0.34448819,
  62.001281 -36.185585 0.34448819,61.982533 -36.204333 0.34448819,
  61.980781 -36.206955 0.34448819,62.091128 -35.712065 0.34448819,
  62.08963 -35.704532 0.34448819,62.078976 -35.693879 0.34448819,
  62.06391 -35.693879 0.34448819,62.053257 -35.704532 0.34448819,
  62.051758 -35.712065 0.34448819,62.051758 -36.012028 0.34448819,
  62.053257 -36.019561 0.34448819,62.06391 -36.030214 0.34448819,
  62.078976 -36.030214 0.34448819,62.08963 -36.019561 0.34448819,
  62.091128 -36.012028 0.34448819,56.277683 -35.561695 0.34448819,
  56.279435 -35.559073 0.34448819,56.281371 -35.556579 0.34448819,
  56.300119 -35.519084 0.34448819,56.300379 -35.518133 0.34448819,
  56.300698 -35.517813 0.34448819,56.301314 -35.514718 0.34448819,
  56.302147 -35.511676 0.34448819,56.302004 -35.511247 0.34448819,
  56.302197 -35.51028 0.34448819,56.302197 -35.43529 0.34448819,
  56.302004 -35.434322 0.34448819,56.302147 -35.433894 0.34448819,
  56.301314 -35.430852 0.34448819,56.300698 -35.427757 0.34448819,
  56.300379 -35.427437 0.34448819,56.300119 -35.426486 0.34448819,
  56.281371 -35.388991 0.34448819,56.279435 -35.386497 0.34448819,
  56.277683 -35.383875 0.34448819,56.240188 -35.34638 0.34448819,
  56.238415 -35.345195 0.34448819,56.237988 -35.344483 0.34448819,
  56.235807 -35.343452 0.34448819,56.233802 -35.342113 0.34448819,
  56.232971 -35.342113 0.34448819,56.231043 -35.341202 0.34448819,
  56.156053 -35.322454 0.34448819,56.153644 -35.322337 0.34448819,
  56.151278 -35.321867 0.34448819,56.020045 -35.321867 0.34448819,
  56.017679 -35.322337 0.34448819,56.01527 -35.322454 0.34448819,
  55.94028 -35.341202 0.34448819,55.938352 -35.342113 0.34448819,
  55.937521 -35.342113 0.34448819,55.935516 -35.343452 0.34448819,
  55.933335 -35.344483 0.34448819,55.932907 -35.345195 0.34448819,
  55.931135 -35.34638 0.34448819,55.89364 -35.383875 0.34448819,
  55.891887 -35.386497 0.34448819,55.889952 -35.388991 0.34448819,
  55.871204 -35.426486 0.34448819,55.870944 -35.427437 0.34448819,
  55.870624 -35.427757 0.34448819,55.870009 -35.430852 0.34448819,
  55.869176 -35.433894 0.34448819,55.869318 -35.434322 0.34448819,
  55.869126 -35.43529 0.34448819,55.869126 -35.439937 0.34448819,
  55.869126 -35.51028 0.34448819,55.869318 -35.511247 0.34448819,
  55.869176 -35.511676 0.34448819,55.870009 -35.514718 0.34448819,
  55.870624 -35.517813 0.34448819,55.870944 -35.518133 0.34448819,
  55.871204 -35.519084 0.34448819,55.889952 -35.556579 0.34448819,
  55.891887 -35.559073 0.34448819,55.89364 -35.561695 0.34448819,
  55.931135 -35.59919 0.34448819,55.932907 -35.600374 0.34448819,
  55.933335 -35.601087 0.34448819,55.935516 -35.602117 0.34448819,
  55.937521 -35.603457 0.34448819,55.938352 -35.603457 0.34448819,
  55.94028 -35.604368 0.34448819,56.01527 -35.623116 0.34448819,
  56.017679 -35.623233 0.34448819,56.020045 -35.623704 0.34448819,
  56.151278 -35.623704 0.34448819,56.153644 -35.623233 0.34448819,
  56.156053 -35.623116 0.34448819,56.231043 -35.604368 0.34448819,
  56.232971 -35.603457 0.34448819,56.233802 -35.603457 0.34448819,
  56.235807 -35.602117 0.34448819,56.237988 -35.601087 0.34448819,
  56.238415 -35.600374 0.34448819,56.240188 -35.59919 0.34448819,
  56.262827 -35.439937 0.34448819,56.262827 -35.505633 0.34448819,
  56.247585 -35.536115 0.34448819,56.216205 -35.567496 0.34448819,
  56.148855 -35.584333 0.34448819,56.022468 -35.584333 0.34448819,
  55.955118 -35.567496 0.34448819,55.923737 -35.536115 0.34448819,
  55.908496 -35.505633 0.34448819,55.908496 -35.439937 0.34448819,
  55.923737 -35.409455 0.34448819,55.955118 -35.378074 0.34448819,
  56.022468 -35.361237 0.34448819,56.148855 -35.361237 0.34448819,
  56.216205 -35.378074 0.34448819,56.247585 -35.409454 0.34448819,
  61.958903 -35.388917 0.34448819,61.95807 -35.391959 0.34448819,
  61.958212 -35.392388 0.34448819,61.95802 -35.393355 0.34448819,
  61.95802 -35.406217 0.34448819,61.840687 -35.30355 0.34448819,
  61.835836 -35.300757 0.34448819,61.835257 -35.300178 0.34448819,
  61.834831 -35.300178 0.34448819,61.834031 -35.299717 0.34448819,
  61.82712 -35.300178 0.34448819,61.820191 -35.300178 0.34448819,
  61.819696 -35.300672 0.34448819,61.818998 -35.300719 0.34448819,
  61.814435 -35.305933 0.34448819,61.809537 -35.310831 0.34448819,
  61.809357 -35.311737 0.34448819,61.809077 -35.312058 0.34448819,
  61.809131 -35.312874 0.34448819,61.808039 -35.318365 0.34448819,
  61.808039 -35.562084 0.34448819,61.809537 -35.569617 0.34448819,
  61.820191 -35.58027 0.34448819,61.835257 -35.58027 0.34448819,
  61.845911 -35.569617 0.34448819,61.847409 -35.562084 0.34448819,
  61.847409 -35.361746 0.34448819,61.964743 -35.464413 0.34448819,
  61.969593 -35.467206 0.34448819,61.970172 -35.467785 0.34448819,
  61.970598 -35.467785 0.34448819,61.971398 -35.468245 0.34448819,
  61.978309 -35.467785 0.34448819,61.985238 -35.467785 0.34448819,
  61.985733 -35.46729 0.34448819,61.986431 -35.467243 0.34448819,
  61.990994 -35.462029 0.34448819,61.995892 -35.457131 0.34448819,
  61.996072 -35.456225 0.34448819,61.996352 -35.455905 0.34448819,
  61.996298 -35.455089 0.34448819,61.99739 -35.449598 0.34448819,
  61.99739 -35.398002 0.34448819,62.012631 -35.36752 0.34448819,
  62.026861 -35.35329 0.34448819,62.057343 -35.33805 0.34448819,
  62.141787 -35.33805 0.34448819,62.172268 -35.35329 0.34448819,
  62.186499 -35.367521 0.34448819,62.20174 -35.398002 0.34448819,
  62.20174 -35.501194 0.34448819,62.186499 -35.531675 0.34448819,
  62.17001 -35.548164 0.34448819,62.165743 -35.55455 0.34448819,
  62.165743 -35.569617 0.34448819,62.176396 -35.58027 0.34448819,
  62.191462 -35.58027 0.34448819,62.197848 -35.576004 0.34448819,
  62.216596 -35.557256 0.34448819,62.21835 -35.554631 0.34448819,
  62.220284 -35.55214 0.34448819,62.239031 -35.514644 0.34448819,
  62.239292 -35.513693 0.34448819,62.239611 -35.513374 0.34448819,
  62.240227 -35.510279 0.34448819,62.24106 -35.507237 0.34448819,
  62.240917 -35.506808 0.34448819,62.24111 -35.505841 0.34448819,
  62.24111 -35.393355 0.34448819,62.240917 -35.392388 0.34448819,
  62.24106 -35.391959 0.34448819,62.240227 -35.388917 0.34448819,
  62.239611 -35.385822 0.34448819,62.239292 -35.385502 0.34448819,
  62.239031 -35.384552 0.34448819,62.220284 -35.347056 0.34448819,
  62.21835 -35.344565 0.34448819,62.216596 -35.34194 0.34448819,
  62.197848 -35.323193 0.34448819,62.195224 -35.321439 0.34448819,
  62.192732 -35.319505 0.34448819,62.155237 -35.300758 0.34448819,
  62.154286 -35.300497 0.34448819,62.153967 -35.300178 0.34448819,
  62.150872 -35.299562 0.34448819,62.14783 -35.298729 0.34448819,
  62.147401 -35.298872 0.34448819,62.146434 -35.29868 0.34448819,
  62.052696 -35.29868 0.34448819,62.051728 -35.298872 0.34448819,
  62.0513 -35.298729 0.34448819,62.048257 -35.299562 0.34448819,
  62.045163 -35.300178 0.34448819,62.044843 -35.300497 0.34448819,
  62.043892 -35.300758 0.34448819,62.006397 -35.319506 0.34448819,
  62.003905 -35.321439 0.34448819,62.001281 -35.323193 0.34448819,
  61.982533 -35.341941 0.34448819,61.980781 -35.344563 0.34448819,
  61.978846 -35.347057 0.34448819,61.960098 -35.384552 0.34448819,
  61.959838 -35.385502 0.34448819,61.959519 -35.385822 0.34448819,
  56.975065 -33.447803 0.34448819,56.973567 -33.44027 0.34448819,
  56.962913 -33.429616 0.34448819,56.947847 -33.429616 0.34448819,
  56.937194 -33.44027 0.34448819,56.935695 -33.447803 0.34448819,
  56.935695 -33.725823 0.34448819,56.919427 -33.774627 0.34448819,
  56.888504 -33.80555 0.34448819,56.8397 -33.821819 0.34448819,
  56.805399 -33.821819 0.34448819,56.797866 -33.823317 0.34448819,
  56.787213 -33.83397 0.34448819,56.787213 -33.849037 0.34448819,
  56.797866 -33.85969 0.34448819,56.805399 -33.861189 0.34448819,
  56.842894 -33.861189 0.34448819,56.84599 -33.860573 0.34448819,
  56.849119 -33.860178 0.34448819,56.905362 -33.841431 0.34448819,
  56.906219 -33.840943 0.34448819,56.906671 -33.840943 0.34448819,
  56.909297 -33.839187 0.34448819,56.912035 -33.837627 0.34448819,
  56.912236 -33.837223 0.34448819,56.913057 -33.836675 0.34448819,
  56.950552 -33.79918 0.34448819,56.9511 -33.798359 0.34448819,
  56.951504 -33.798158 0.34448819,56.953066 -33.795417 0.34448819,
  56.954819 -33.792793 0.34448819,56.954819 -33.792341 0.34448819,
  56.955307 -33.791485 0.34448819,56.974055 -33.735243 0.34448819,
  56.97445 -33.732112 0.34448819,56.975065 -33.729017 0.34448819,
  57.368574 -33.521826 0.34448819,57.368717 -33.521398 0.34448819,
  57.367883 -33.518355 0.34448819,57.367268 -33.51526 0.34448819,
  57.366948 -33.514941 0.34448819,57.366688 -33.51399 0.34448819,
  57.34794 -33.476494 0.34448819,57.346006 -33.474003 0.34448819,
  57.344253 -33.471378 0.34448819,57.325505 -33.452631 0.34448819,
  57.322882 -33.450878 0.34448819,57.320389 -33.448943 0.34448819,
  57.282894 -33.430196 0.34448819,57.281943 -33.429935 0.34448819,
  57.281624 -33.429616 0.34448819,57.278528 -33.429 0.34448819,
  57.275486 -33.428167 0.34448819,57.275057 -33.42831 0.34448819,
  57.274091 -33.428118 0.34448819,57.180352 -33.428118 0.34448819,
  57.179385 -33.42831 0.34448819,57.178957 -33.428167 0.34448819,
  57.175914 -33.429 0.34448819,57.172819 -33.429616 0.34448819,
  57.1725 -33.429935 0.34448819,57.171549 -33.430196 0.34448819,
  57.134054 -33.448944 0.34448819,57.131562 -33.450877 0.34448819,
  57.128937 -33.452631 0.34448819,57.11019 -33.471379 0.34448819,
  57.105923 -33.477765 0.34448819,57.105923 -33.492831 0.34448819,
  57.116576 -33.503485 0.34448819,57.131643 -33.503485 0.34448819,
  57.138029 -33.499217 0.34448819,57.154518 -33.482728 0.34448819,
  57.185 -33.467488 0.34448819,57.269444 -33.467488 0.34448819,
  57.299925 -33.482728 0.34448819,57.314155 -33.496959 0.34448819,
  57.329396 -33.52744 0.34448819,57.329396 -33.557094 0.34448819,
  57.313128 -33.605898 0.34448819,57.091443 -33.827584 0.34448819,
  57.087175 -33.83397 0.34448819,57.087175 -33.849037 0.34448819,
  57.097829 -33.85969 0.34448819,57.105362 -33.861189 0.34448819,
  57.349081 -33.861189 0.34448819,57.356614 -33.85969 0.34448819,
  57.367268 -33.849037 0.34448819,57.367268 -33.83397 0.34448819,
  57.356614 -33.823317 0.34448819,57.349081 -33.821819 0.34448819,
  57.152885 -33.821819 0.34448819,57.344253 -33.630451 0.34448819,
  57.3448 -33.629631 0.34448819,57.345205 -33.629429 0.34448819,
  57.346768 -33.626687 0.34448819,57.34852 -33.624065 0.34448819,
  57.34852 -33.623613 0.34448819,57.349008 -33.622756 0.34448819,
  57.367756 -33.566514 0.34448819,57.36815 -33.563383 0.34448819,
  57.368766 -33.560289 0.34448819,57.368766 -33.522793 0.34448819,
  58.051181 -30.728346 0.34448819,58.051181 -31.082677 0.34448819,
  56.122047 -31.082677 0.34448819,56.122047 -30.728346 0.34448819,
  62.007874 -34.271654 0.34448819,62.015407 -34.270155 0.34448819,
  62.026061 -34.259502 0.34448819,62.027559 -34.251969 0.34448819,
  62.027559 -30.708661 0.34448819,62.026061 -30.701128 0.34448819,
  62.015407 -30.690475 0.34448819,62.007874 -30.688976 0.34448819,
  56.102362 -30.688976 0.34448819,56.094829 -30.690475 0.34448819,
  56.084176 -30.701128 0.34448819,56.082677 -30.708661 0.34448819,
  56.082677 -31.082677 0.34448819,56.082677 -34.232283 0.34448819,
  56.082677 -34.251969 0.34448819,56.084176 -34.259502 0.34448819,
  56.094829 -34.270155 0.34448819,56.102362 -34.271654 0.34448819,
  61.988189 -30.728346 0.34448819,61.988189 -31.082677 0.34448819,
  58.090551 -31.082677 0.34448819,58.090551 -30.728346 0.34448819,
  58.090551 -31.122047 0.34448819,61.988189 -31.122047 0.34448819,
  61.988189 -34.232283 0.34448819,58.090551 -34.232283 0.34448819,
  56.122047 -31.122047 0.34448819,58.051181 -31.122047 0.34448819,
  58.051181 -34.232283 0.34448819,56.122047 -34.232283 0.34448819,
  57.276434 -30.101165 0.34448819,57.253088 -30.007781 0.34448819,
  57.212131 -29.966823 0.34448819,57.173422 -29.947469 0.34448819,
  57.08417 -29.947469 0.34448819,57.045462 -29.966823 0.34448819,
  57.004505 -30.00778 0.34448819,56.981158 -30.101165 0.34448819,
  56.981158 -30.285898 0.34448819,57.004505 -30.379283 0.34448819,
  57.045462 -30.420241 0.34448819,57.08417 -30.439595 0.34448819,
  57.173422 -30.439595 0.34448819,57.212131 -30.42024 0.34448819,
  57.253088 -30.379283 0.34448819,57.276434 -30.285898 0.34448819,
  57.96541 -30.15135 0.34448819,57.96541 -30.235714 0.34448819,
  57.965245 -30.237389 0.34448819,57.965352 -30.238106 0.34448819,
  57.96482 -30.2417 0.34448819,57.964465 -30.245315 0.34448819,
  57.964187 -30.245985 0.34448819,57.963941 -30.24765 0.34448819,
  57.93582 -30.360136 0.34448819,57.935567 -30.360844 0.34448819,
  57.935541 -30.361199 0.34448819,57.934011 -30.365196 0.34448819,
  57.932574 -30.36922 0.34448819,57.932362 -30.369506 0.34448819,
  57.932093 -30.370209 0.34448819,57.903972 -30.426452 0.34448819,
  57.90137 -30.430583 0.34448819,57.900873 -30.431784 0.34448819,
  57.899763 -30.433136 0.34448819,57.898832 -30.434616 0.34448819,
  57.897851 -30.435467 0.34448819,57.894753 -30.439242 0.34448819,
  57.83851 -30.495484 0.34448819,57.831053 -30.501604 0.34448819,
  57.829419 -30.502281 0.34448819,57.828083 -30.50344 0.34448819,
  57.819274 -30.507373 0.34448819,57.73491 -30.535494 0.34448819,
  57.730149 -30.536577 0.34448819,57.728948 -30.537074 0.34448819,
  57.727207 -30.537246 0.34448819,57.725502 -30.537633 0.34448819,
  57.724207 -30.537541 0.34448819,57.719347 -30.53802 0.34448819,
  57.663104 -30.53802 0.34448819,57.658244 -30.537541 0.34448819,
  57.656949 -30.537633 0.34448819,57.655244 -30.537246 0.34448819,
  57.653504 -30.537074 0.34448819,57.652303 -30.536577 0.34448819,
  57.647542 -30.535494 0.34448819,57.563177 -30.507373 0.34448819,
  57.554368 -30.50344 0.34448819,57.553032 -30.502281 0.34448819,
  57.551398 -30.501604 0.34448819,57.543941 -30.495484 0.34448819,
  57.51582 -30.467363 0.34448819,57.5097 -30.459906 0.34448819,
  57.502352 -30.442166 0.34448819,57.502352 -30.422963 0.34448819,
  57.5097 -30.405224 0.34448819,57.523278 -30.391646 0.34448819,
  57.541017 -30.384298 0.34448819,57.56022 -30.384298 0.34448819,
  57.577959 -30.391646 0.34448819,57.585417 -30.397766 0.34448819,
  57.605324 -30.417672 0.34448819,57.67109 -30.439595 0.34448819,
  57.711361 -30.439595 0.34448819,57.777128 -30.417672 0.34448819,
  57.819509 -30.375291 0.34448819,57.841643 -30.331024 0.34448819,
  57.866985 -30.229656 0.34448819,57.866985 -30.157408 0.34448819,
  57.841643 -30.05604 0.34448819,57.819509 -30.011772 0.34448819,
  57.777128 -29.969391 0.34448819,57.711361 -29.947469 0.34448819,
  57.67109 -29.947469 0.34448819,57.605324 -29.969391 0.34448819,
  57.585417 -29.989298 0.34448819,57.577959 -29.995418 0.34448819,
  57.56022 -30.002766 0.34448819,57.541017 -30.002766 0.34448819,
  57.523278 -29.995418 0.34448819,57.5097 -29.98184 0.34448819,
  57.502352 -29.9641 0.34448819,57.502352 -29.944898 0.34448819,
  57.5097 -29.927158 0.34448819,57.51582 -29.919701 0.34448819,
  57.543941 -29.89158 0.34448819,57.551398 -29.885459 0.34448819,
  57.553032 -29.884783 0.34448819,57.554368 -29.883624 0.34448819,
  57.563177 -29.879691 0.34448819,57.647542 -29.851569 0.34448819,
  57.652303 -29.850487 0.34448819,57.653504 -29.849989 0.34448819,
  57.655244 -29.849818 0.34448819,57.656949 -29.84943 0.34448819,
  57.658244 -29.849522 0.34448819,57.663104 -29.849044 0.34448819,
  57.719347 -29.849044 0.34448819,57.724207 -29.849522 0.34448819,
  57.725502 -29.84943 0.34448819,57.727207 -29.849818 0.34448819,
  57.728948 -29.849989 0.34448819,57.730149 -29.850487 0.34448819,
  57.73491 -29.851569 0.34448819,57.819274 -29.879691 0.34448819,
  57.828083 -29.883624 0.34448819,57.829419 -29.884783 0.34448819,
  57.831053 -29.885459 0.34448819,57.83851 -29.89158 0.34448819,
  57.894753 -29.947822 0.34448819,57.897851 -29.951597 0.34448819,
  57.898832 -29.952448 0.34448819,57.899763 -29.953927 0.34448819,
  57.900873 -29.95528 0.34448819,57.90137 -29.95648 0.34448819,
  57.903972 -29.960612 0.34448819,57.932093 -30.016855 0.34448819,
  57.932362 -30.017558 0.34448819,57.932574 -30.017843 0.34448819,
  57.934011 -30.021867 0.34448819,57.935541 -30.025865 0.34448819,
  57.935567 -30.026219 0.34448819,57.93582 -30.026928 0.34448819,
  57.963941 -30.139414 0.34448819,57.964187 -30.141079 0.34448819,
  57.964465 -30.141749 0.34448819,57.96482 -30.145363 0.34448819,
  57.965352 -30.148957 0.34448819,57.965245 -30.149674 0.34448819,
  56.170322 -29.783427 0.34448819,56.170322 -29.898256 0.34448819,
  56.170322 -30.603637 0.34448819,58.031027 -30.603637 0.34448819,
  58.031027 -29.783427 0.34448819,57.374859 -30.095107 0.34448819,
  57.374859 -30.291957 0.34448819,57.374694 -30.293632 0.34448819,
  57.374801 -30.294349 0.34448819,57.374269 -30.297943 0.34448819,
  57.373913 -30.301558 0.34448819,57.373636 -30.302228 0.34448819,
  57.37339 -30.303893 0.34448819,57.345269 -30.416379 0.34448819,
  57.342022 -30.425463 0.34448819,57.339844 -30.428403 0.34448819,
  57.338444 -30.431784 0.34448819,57.332324 -30.439242 0.34448819,
  57.276081 -30.495484 0.34448819,57.272307 -30.498581 0.34448819,
  57.271455 -30.499563 0.34448819,57.269974 -30.500495 0.34448819,
  57.268623 -30.501604 0.34448819,57.267423 -30.502101 0.34448819,
  57.263291 -30.504703 0.34448819,57.207048 -30.532824 0.34448819,
  57.198037 -30.536272 0.34448819,57.196273 -30.536398 0.34448819,
  57.19464 -30.537074 0.34448819,57.185039 -30.53802 0.34448819,
  57.072553 -30.53802 0.34448819,57.062952 -30.537074 0.34448819,
  57.061319 -30.536398 0.34448819,57.059554 -30.536272 0.34448819,
  57.050544 -30.532824 0.34448819,56.994302 -30.504703 0.34448819,
  56.99017 -30.502102 0.34448819,56.988969 -30.501604 0.34448819,
  56.987617 -30.500494 0.34448819,56.986137 -30.499563 0.34448819,
  56.985286 -30.498582 0.34448819,56.981511 -30.495484 0.34448819,
  56.925269 -30.439241 0.34448819,56.919149 -30.431784 0.34448819,
  56.917748 -30.428404 0.34448819,56.91557 -30.425463 0.34448819,
  56.912324 -30.416379 0.34448819,56.884202 -30.303893 0.34448819,
  56.883956 -30.302228 0.34448819,56.883679 -30.301558 0.34448819,
  56.883322 -30.297944 0.34448819,56.882791 -30.29435 0.34448819,
  56.882898 -30.293632 0.34448819,56.882733 -30.291957 0.34448819,
  56.882733 -30.095107 0.34448819,56.882898 -30.093431 0.34448819,
  56.882791 -30.092714 0.34448819,56.883322 -30.08912 0.34448819,
  56.883679 -30.085506 0.34448819,56.883956 -30.084836 0.34448819,
  56.884202 -30.083171 0.34448819,56.912324 -29.970685 0.34448819,
  56.91557 -29.9616 0.34448819,56.917748 -29.95866 0.34448819,
  56.919149 -29.95528 0.34448819,56.925269 -29.947822 0.34448819,
  56.981511 -29.89158 0.34448819,56.985286 -29.888481 0.34448819,
  56.986137 -29.8875 0.34448819,56.987617 -29.886569 0.34448819,
  56.988969 -29.885459 0.34448819,56.99017 -29.884962 0.34448819,
  56.994302 -29.882361 0.34448819,57.050544 -29.854239 0.34448819,
  57.059554 -29.850791 0.34448819,57.061319 -29.850666 0.34448819,
  57.062952 -29.849989 0.34448819,57.072553 -29.849044 0.34448819,
  57.185039 -29.849044 0.34448819,57.19464 -29.849989 0.34448819,
  57.196273 -29.850666 0.34448819,57.198037 -29.850791 0.34448819,
  57.207048 -29.854239 0.34448819,57.263291 -29.882361 0.34448819,
  57.267423 -29.884962 0.34448819,57.268623 -29.885459 0.34448819,
  57.269974 -29.886568 0.34448819,57.271455 -29.8875 0.34448819,
  57.272307 -29.888482 0.34448819,57.276081 -29.89158 0.34448819,
  57.3294 -29.944898 0.34448819,57.332324 -29.947822 0.34448819,
  57.338444 -29.95528 0.34448819,57.339844 -29.95866 0.34448819,
  57.342022 -29.9616 0.34448819,57.345269 -29.970685 0.34448819,
  57.37339 -30.083171 0.34448819,57.373636 -30.084836 0.34448819,
  57.373913 -30.085506 0.34448819,57.374269 -30.08912 0.34448819,
  57.374801 -30.092715 0.34448819,57.374694 -30.093431 0.34448819,
  56.437406 -30.046174 0.34448819,56.439489 -30.042658 0.34448819,
  56.439922 -30.041467 0.34448819,56.440693 -30.040624 0.34448819,
  56.442323 -30.037874 0.34448819,56.447838 -30.032823 0.34448819,
  56.452891 -30.027306 0.34448819,56.454872 -30.026381 0.34448819,
  56.456484 -30.024905 0.34448819,56.463512 -30.022349 0.34448819,
  56.470291 -30.019186 0.34448819,56.472475 -30.01909 0.34448819,
  56.47453 -30.018343 0.34448819,56.482002 -30.018671 0.34448819,
  56.489474 -30.018343 0.34448819,56.491529 -30.01909 0.34448819,
  56.493713 -30.019186 0.34448819,56.50049 -30.022349 0.34448819,
  56.50752 -30.024905 0.34448819,56.509133 -30.026382 0.34448819,
  56.511113 -30.027306 0.34448819,56.516165 -30.032822 0.34448819,
  56.521681 -30.037874 0.34448819,56.52331 -30.040624 0.34448819,
  56.524082 -30.041467 0.34448819,56.524515 -30.042658 0.34448819,
  56.526598 -30.046174 0.34448819,56.62964 -30.266978 0.34448819,
  56.62964 -29.898256 0.34448819,56.630585 -29.888656 0.34448819,
  56.637933 -29.870915 0.34448819,56.651511 -29.857337 0.34448819,
  56.669252 -29.849989 0.34448819,56.688453 -29.849989 0.34448819,
  56.706193 -29.857337 0.34448819,56.719771 -29.870915 0.34448819,
  56.727119 -29.888656 0.34448819,56.728065 -29.898256 0.34448819,
  56.728065 -30.095107 0.34448819,56.728065 -30.488807 0.34448819,
  56.727443 -30.495117 0.34448819,56.727494 -30.49628 0.34448819,
  56.727267 -30.496904 0.34448819,56.727119 -30.498408 0.34448819,
  56.723852 -30.506296 0.34448819,56.720932 -30.514326 0.34448819,
  56.720191 -30.515135 0.34448819,56.719771 -30.516148 0.34448819,
  56.713733 -30.522187 0.34448819,56.707964 -30.528486 0.34448819,
  56.706969 -30.52895 0.34448819,56.706193 -30.529726 0.34448819,
  56.698304 -30.532994 0.34448819,56.690564 -30.536606 0.34448819,
  56.689467 -30.536654 0.34448819,56.688453 -30.537074 0.34448819,
  56.679915 -30.537074 0.34448819,56.671381 -30.53745 0.34448819,
  56.670349 -30.537074 0.34448819,56.669252 -30.537074 0.34448819,
  56.66136 -30.533806 0.34448819,56.653335 -30.530887 0.34448819,
  56.652525 -30.530146 0.34448819,56.651511 -30.529726 0.34448819,
  56.645471 -30.523686 0.34448819,56.639174 -30.517919 0.34448819,
  56.638403 -30.516618 0.34448819,56.637933 -30.516148 0.34448819,
  56.637489 -30.515074 0.34448819,56.634257 -30.509619 0.34448819,
  56.482002 -30.183358 0.34448819,56.329747 -30.509619 0.34448819,
  56.326515 -30.515074 0.34448819,56.32607 -30.516148 0.34448819,
  56.325601 -30.516618 0.34448819,56.32483 -30.517919 0.34448819,
  56.318531 -30.523688 0.34448819,56.312493 -30.529726 0.34448819,
  56.311479 -30.530146 0.34448819,56.31067 -30.530887 0.34448819,
  56.302641 -30.533807 0.34448819,56.294752 -30.537074 0.34448819,
  56.293656 -30.537074 0.34448819,56.292624 -30.53745 0.34448819,
  56.284089 -30.537074 0.34448819,56.275551 -30.537074 0.34448819,
  56.274537 -30.536654 0.34448819,56.27344 -30.536606 0.34448819,
  56.2657 -30.532994 0.34448819,56.257811 -30.529726 0.34448819,
  56.257034 -30.52895 0.34448819,56.25604 -30.528486 0.34448819,
  56.250271 -30.522187 0.34448819,56.244233 -30.516148 0.34448819,
  56.243813 -30.515135 0.34448819,56.243072 -30.514326 0.34448819,
  56.240152 -30.506296 0.34448819,56.236885 -30.498408 0.34448819,
  56.236736 -30.496904 0.34448819,56.236509 -30.49628 0.34448819,
  56.23656 -30.495117 0.34448819,56.235939 -30.488807 0.34448819,
  56.235939 -29.898256 0.34448819,56.236885 -29.888656 0.34448819,
  56.244233 -29.870915 0.34448819,56.257811 -29.857337 0.34448819,
  56.275551 -29.849989 0.34448819,56.294752 -29.849989 0.34448819,
  56.312493 -29.857337 0.34448819,56.32607 -29.870915 0.34448819,
  56.333419 -29.888656 0.34448819,56.334364 -29.898256 0.34448819,
  56.334364 -30.266978 0.34448819,58.949309 -30.439242 0.34448819,
  58.955429 -30.431784 0.34448819,58.95683 -30.428403 0.34448819,
  58.959008 -30.425463 0.34448819,58.962254 -30.416379 0.34448819,
  58.990375 -30.303893 0.34448819,58.990621 -30.302228 0.34448819,
  58.990899 -30.301558 0.34448819,58.991255 -30.297943 0.34448819,
  58.991786 -30.294349 0.34448819,58.991679 -30.293632 0.34448819,
  58.991844 -30.291957 0.34448819,58.991844 -30.095107 0.34448819,
  58.991679 -30.093431 0.34448819,58.991786 -30.092715 0.34448819,
  58.991255 -30.08912 0.34448819,58.990899 -30.085506 0.34448819,
  58.990621 -30.084836 0.34448819,58.990375 -30.083171 0.34448819,
  58.962254 -29.970685 0.34448819,58.959008 -29.9616 0.34448819,
  58.95683 -29.95866 0.34448819,58.955429 -29.95528 0.34448819,
  58.949309 -29.947822 0.34448819,58.893066 -29.89158 0.34448819,
  58.889292 -29.888482 0.34448819,58.888441 -29.8875 0.34448819,
  58.886959 -29.886568 0.34448819,58.885609 -29.885459 0.34448819,
  58.884409 -29.884962 0.34448819,58.880276 -29.882361 0.34448819,
  58.824033 -29.854239 0.34448819,58.815023 -29.850791 0.34448819,
  58.813258 -29.850666 0.34448819,58.811625 -29.849989 0.34448819,
  58.802024 -29.849044 0.34448819,58.689539 -29.849044 0.34448819,
  58.679938 -29.849989 0.34448819,58.678304 -29.850666 0.34448819,
  58.67654 -29.850791 0.34448819,58.66753 -29.854239 0.34448819,
  58.611287 -29.882361 0.34448819,58.607155 -29.884962 0.34448819,
  58.605954 -29.885459 0.34448819,58.604602 -29.886569 0.34448819,
  58.603123 -29.8875 0.34448819,58.602272 -29.888481 0.34448819,
  58.598497 -29.89158 0.34448819,58.542254 -29.947822 0.34448819,
  58.536134 -29.95528 0.34448819,58.534734 -29.95866 0.34448819,
  58.532556 -29.9616 0.34448819,58.529309 -29.970685 0.34448819,
  58.501188 -30.083171 0.34448819,58.500941 -30.084836 0.34448819,
  58.500664 -30.085506 0.34448819,58.500308 -30.08912 0.34448819,
  58.499777 -30.092714 0.34448819,58.499883 -30.093431 0.34448819,
  58.499719 -30.095107 0.34448819,58.499719 -30.101165 0.34448819,
  58.499719 -30.291957 0.34448819,58.499883 -30.293632 0.34448819,
  58.499777 -30.29435 0.34448819,58.500308 -30.297944 0.34448819,
  58.500664 -30.301558 0.34448819,58.500941 -30.302228 0.34448819,
  58.501188 -30.303893 0.34448819,58.529309 -30.416379 0.34448819,
  58.532556 -30.425463 0.34448819,58.534734 -30.428404 0.34448819,
  58.536134 -30.431784 0.34448819,58.542254 -30.439241 0.34448819,
  58.598497 -30.495484 0.34448819,58.602272 -30.498582 0.34448819,
  58.603123 -30.499563 0.34448819,58.604602 -30.500494 0.34448819,
  58.605954 -30.501604 0.34448819,58.607155 -30.502102 0.34448819,
  58.611287 -30.504703 0.34448819,58.66753 -30.532824 0.34448819,
  58.67654 -30.536272 0.34448819,58.678304 -30.536398 0.34448819,
  58.679938 -30.537074 0.34448819,58.689539 -30.53802 0.34448819,
  58.802024 -30.53802 0.34448819,58.811625 -30.537074 0.34448819,
  58.813258 -30.536398 0.34448819,58.815023 -30.536272 0.34448819,
  58.824033 -30.532824 0.34448819,58.880276 -30.504703 0.34448819,
  58.884409 -30.502101 0.34448819,58.885609 -30.501604 0.34448819,
  58.886959 -30.500495 0.34448819,58.888441 -30.499563 0.34448819,
  58.889292 -30.498581 0.34448819,58.893066 -30.495484 0.34448819,
  58.893419 -30.101165 0.34448819,58.893419 -30.285898 0.34448819,
  58.870073 -30.379283 0.34448819,58.829116 -30.42024 0.34448819,
  58.790407 -30.439595 0.34448819,58.701156 -30.439595 0.34448819,
  58.662447 -30.420241 0.34448819,58.62149 -30.379283 0.34448819,
  58.598144 -30.285898 0.34448819,58.598144 -30.101165 0.34448819,
  58.62149 -30.00778 0.34448819,58.662447 -29.966823 0.34448819,
  58.701156 -29.947469 0.34448819,58.790407 -29.947469 0.34448819,
  58.829116 -29.966823 0.34448819,58.870073 -30.007781 0.34448819,
  60.945698 -30.145363 0.34448819,60.945342 -30.141749 0.34448819,
  60.945064 -30.141079 0.34448819,60.944818 -30.139414 0.34448819,
  60.916697 -30.026928 0.34448819,60.916444 -30.026219 0.34448819,
  60.916419 -30.025865 0.34448819,60.914889 -30.021867 0.34448819,
  60.913451 -30.017843 0.34448819,60.913239 -30.017558 0.34448819,
  60.91297 -30.016855 0.34448819,60.884849 -29.960612 0.34448819,
  60.882248 -29.95648 0.34448819,60.88175 -29.95528 0.34448819,
  60.880641 -29.953927 0.34448819,60.879709 -29.952448 0.34448819,
  60.878728 -29.951597 0.34448819,60.87563 -29.947822 0.34448819,
  60.819387 -29.89158 0.34448819,60.81193 -29.885459 0.34448819,
  60.810296 -29.884783 0.34448819,60.80896 -29.883624 0.34448819,
  60.800151 -29.879691 0.34448819,60.715787 -29.851569 0.34448819,
  60.711026 -29.850487 0.34448819,60.709825 -29.849989 0.34448819,
  60.708084 -29.849818 0.34448819,60.70638 -29.84943 0.34448819,
  60.705084 -29.849522 0.34448819,60.700224 -29.849044 0.34448819,
  60.643981 -29.849044 0.34448819,60.639122 -29.849522 0.34448819,
  60.637826 -29.84943 0.34448819,60.636121 -29.849818 0.34448819,
  60.634381 -29.849989 0.34448819,60.63318 -29.850487 0.34448819,
  60.628419 -29.851569 0.34448819,60.544054 -29.879691 0.34448819,
  60.535245 -29.883624 0.34448819,60.533909 -29.884783 0.34448819,
  60.532276 -29.885459 0.34448819,60.524818 -29.89158 0.34448819,
  60.496697 -29.919701 0.34448819,60.490577 -29.927158 0.34448819,
  60.483229 -29.944898 0.34448819,60.483229 -29.9641 0.34448819,
  60.490577 -29.98184 0.34448819,60.504155 -29.995418 0.34448819,
  60.521894 -30.002766 0.34448819,60.541097 -30.002766 0.34448819,
  60.558837 -29.995418 0.34448819,60.566294 -29.989298 0.34448819,
  60.586201 -29.969391 0.34448819,60.651967 -29.947469 0.34448819,
  60.692239 -29.947469 0.34448819,60.758005 -29.969391 0.34448819,
  60.800387 -30.011772 0.34448819,60.82252 -30.05604 0.34448819,
  60.847862 -30.157408 0.34448819,60.847862 -30.229656 0.34448819,
  60.82252 -30.331024 0.34448819,60.800387 -30.375291 0.34448819,
  60.758005 -30.417672 0.34448819,60.692239 -30.439595 0.34448819,
  60.651967 -30.439595 0.34448819,60.586201 -30.417672 0.34448819,
  60.566294 -30.397766 0.34448819,60.558837 -30.391646 0.34448819,
  60.541097 -30.384298 0.34448819,60.521894 -30.384298 0.34448819,
  60.504155 -30.391646 0.34448819,60.490577 -30.405224 0.34448819,
  60.483229 -30.422963 0.34448819,60.483229 -30.442166 0.34448819,
  60.490577 -30.459906 0.34448819,60.496697 -30.467363 0.34448819,
  60.524818 -30.495484 0.34448819,60.532276 -30.501604 0.34448819,
  60.533909 -30.502281 0.34448819,60.535245 -30.50344 0.34448819,
  60.544054 -30.507373 0.34448819,60.628419 -30.535494 0.34448819,
  60.63318 -30.536577 0.34448819,60.634381 -30.537074 0.34448819,
  60.636121 -30.537246 0.34448819,60.637826 -30.537633 0.34448819,
  60.639122 -30.537541 0.34448819,60.643981 -30.53802 0.34448819,
  60.700224 -30.53802 0.34448819,60.705084 -30.537541 0.34448819,
  60.70638 -30.537633 0.34448819,60.708084 -30.537246 0.34448819,
  60.709825 -30.537074 0.34448819,60.711026 -30.536577 0.34448819,
  60.715787 -30.535494 0.34448819,60.800151 -30.507373 0.34448819,
  60.80896 -30.50344 0.34448819,60.810296 -30.502281 0.34448819,
  60.81193 -30.501604 0.34448819,60.819387 -30.495484 0.34448819,
  60.87563 -30.439242 0.34448819,60.878728 -30.435467 0.34448819,
  60.879709 -30.434616 0.34448819,60.880641 -30.433136 0.34448819,
  60.88175 -30.431784 0.34448819,60.882248 -30.430583 0.34448819,
  60.884849 -30.426452 0.34448819,60.91297 -30.370209 0.34448819,
  60.913239 -30.369506 0.34448819,60.913451 -30.36922 0.34448819,
  60.914889 -30.365196 0.34448819,60.916419 -30.361199 0.34448819,
  60.916444 -30.360844 0.34448819,60.916697 -30.360136 0.34448819,
  60.944818 -30.24765 0.34448819,60.945064 -30.245985 0.34448819,
  60.945342 -30.245315 0.34448819,60.945698 -30.2417 0.34448819,
  60.946229 -30.238106 0.34448819,60.946122 -30.237389 0.34448819,
  60.946287 -30.235714 0.34448819,60.946287 -30.15135 0.34448819,
  60.946122 -30.149674 0.34448819,60.946229 -30.148957 0.34448819,
  59.146975 -29.893565 0.34448819,59.146633 -29.894819 0.34448819,
  59.146756 -29.895787 0.34448819,59.146513 -29.898256 0.34448819,
  59.146513 -30.488807 0.34448819,59.147459 -30.498408 0.34448819,
  59.154807 -30.516148 0.34448819,59.168385 -30.529726 0.34448819,
  59.186125 -30.537074 0.34448819,59.205326 -30.537074 0.34448819,
  59.223067 -30.529726 0.34448819,59.236644 -30.516148 0.34448819,
  59.243993 -30.498408 0.34448819,59.244938 -30.488807 0.34448819,
  59.244938 -30.083569 0.34448819,59.490455 -30.513224 0.34448819,
  59.491891 -30.515247 0.34448819,59.492265 -30.516148 0.34448819,
  59.493183 -30.517067 0.34448819,59.496039 -30.521091 0.34448819,
  59.501214 -30.525098 0.34448819,59.505843 -30.529726 0.34448819,
  59.50874 -30.530926 0.34448819,59.511221 -30.532848 0.34448819,
  59.517536 -30.53457 0.34448819,59.523583 -30.537074 0.34448819,
  59.526719 -30.537074 0.34448819,59.529746 -30.5379 0.34448819,
  59.536241 -30.537074 0.34448819,59.542784 -30.537074 0.34448819,
  59.545682 -30.535874 0.34448819,59.548795 -30.535478 0.34448819,
  59.554478 -30.532231 0.34448819,59.560524 -30.529726 0.34448819,
  59.562743 -30.527508 0.34448819,59.565467 -30.525952 0.34448819,
  59.569474 -30.520776 0.34448819,59.574102 -30.516148 0.34448819,
  59.575302 -30.51325 0.34448819,59.577224 -30.51077 0.34448819,
  59.578946 -30.504454 0.34448819,59.58145 -30.498408 0.34448819,
  59.581934 -30.493499 0.34448819,59.582276 -30.492245 0.34448819,
  59.582153 -30.491276 0.34448819,59.582396 -30.488807 0.34448819,
  59.582396 -29.898256 0.34448819,59.58145 -29.888656 0.34448819,
  59.574102 -29.870915 0.34448819,59.560524 -29.857337 0.34448819,
  59.542784 -29.849989 0.34448819,59.523583 -29.849989 0.34448819,
  59.505843 -29.857337 0.34448819,59.492265 -29.870915 0.34448819,
  59.484917 -29.888656 0.34448819,59.483971 -29.898256 0.34448819,
  59.483971 -30.303494 0.34448819,59.238454 -29.87384 0.34448819,
  59.237018 -29.871817 0.34448819,59.236644 -29.870915 0.34448819,
  59.235725 -29.869996 0.34448819,59.23287 -29.865973 0.34448819,
  59.227694 -29.861965 0.34448819,59.223067 -29.857337 0.34448819,
  59.220169 -29.856137 0.34448819,59.217688 -29.854216 0.34448819,
  59.211372 -29.852494 0.34448819,59.205326 -29.849989 0.34448819,
  59.20219 -29.849989 0.34448819,59.199163 -29.849164 0.34448819,
  59.192669 -29.849989 0.34448819,59.186125 -29.849989 0.34448819,
  59.183227 -29.851189 0.34448819,59.180114 -29.851585 0.34448819,
  59.174431 -29.854833 0.34448819,59.168385 -29.857337 0.34448819,
  59.166166 -29.859556 0.34448819,59.163443 -29.861112 0.34448819,
  59.159435 -29.866287 0.34448819,59.154807 -29.870915 0.34448819,
  59.153606 -29.873813 0.34448819,59.151685 -29.876294 0.34448819,
  59.149963 -29.882609 0.34448819,59.147459 -29.888656 0.34448819,
  61.101418 -29.893565 0.34448819,61.101076 -29.894819 0.34448819,
  61.101199 -29.895787 0.34448819,61.100956 -29.898256 0.34448819,
  61.100956 -30.488807 0.34448819,61.101902 -30.498408 0.34448819,
  61.10925 -30.516148 0.34448819,61.122828 -30.529726 0.34448819,
  61.140568 -30.537074 0.34448819,61.159769 -30.537074 0.34448819,
  61.177509 -30.529726 0.34448819,61.191087 -30.516148 0.34448819,
  61.198435 -30.498408 0.34448819,61.199381 -30.488807 0.34448819,
  61.199381 -30.083569 0.34448819,61.444898 -30.513224 0.34448819,
  61.446334 -30.515247 0.34448819,61.446707 -30.516148 0.34448819,
  61.447626 -30.517067 0.34448819,61.450482 -30.521091 0.34448819,
  61.455657 -30.525098 0.34448819,61.460285 -30.529726 0.34448819,
  61.463183 -30.530926 0.34448819,61.465664 -30.532848 0.34448819,
  61.471979 -30.53457 0.34448819,61.478026 -30.537074 0.34448819,
  61.481162 -30.537074 0.34448819,61.484189 -30.5379 0.34448819,
  61.490683 -30.537074 0.34448819,61.497227 -30.537074 0.34448819,
  61.500125 -30.535874 0.34448819,61.503238 -30.535478 0.34448819,
  61.50892 -30.532231 0.34448819,61.514967 -30.529726 0.34448819,
  61.517185 -30.527508 0.34448819,61.519909 -30.525952 0.34448819,
  61.523917 -30.520776 0.34448819,61.528545 -30.516148 0.34448819,
  61.529745 -30.51325 0.34448819,61.531667 -30.51077 0.34448819,
  61.533389 -30.504454 0.34448819,61.535893 -30.498408 0.34448819,
  61.536377 -30.493499 0.34448819,61.536719 -30.492245 0.34448819,
  61.536596 -30.491276 0.34448819,61.536839 -30.488807 0.34448819,
  61.536839 -29.898256 0.34448819,61.535893 -29.888656 0.34448819,
  61.528545 -29.870915 0.34448819,61.514967 -29.857337 0.34448819,
  61.497227 -29.849989 0.34448819,61.478026 -29.849989 0.34448819,
  61.460285 -29.857337 0.34448819,61.446707 -29.870915 0.34448819,
  61.439359 -29.888656 0.34448819,61.438414 -29.898256 0.34448819,
  61.438414 -30.303494 0.34448819,61.192897 -29.87384 0.34448819,
  61.191461 -29.871817 0.34448819,61.191087 -29.870915 0.34448819,
  61.190168 -29.869996 0.34448819,61.187313 -29.865973 0.34448819,
  61.182137 -29.861965 0.34448819,61.177509 -29.857337 0.34448819,
  61.174611 -29.856137 0.34448819,61.172131 -29.854216 0.34448819,
  61.165815 -29.852494 0.34448819,61.159769 -29.849989 0.34448819,
  61.156633 -29.849989 0.34448819,61.153606 -29.849164 0.34448819,
  61.147111 -29.849989 0.34448819,61.140568 -29.849989 0.34448819,
  61.13767 -29.851189 0.34448819,61.134557 -29.851585 0.34448819,
  61.128874 -29.854833 0.34448819,61.122828 -29.857337 0.34448819,
  61.120609 -29.859556 0.34448819,61.117885 -29.861112 0.34448819,
  61.113878 -29.866287 0.34448819,61.10925 -29.870915 0.34448819,
  61.108049 -29.873813 0.34448819,61.106128 -29.876294 0.34448819,
  61.104406 -29.882609 0.34448819,61.101902 -29.888656 0.34448819] }
 coordIndex [
  0,1,31,-1,0,31,32,-1,0,32,33,-1,0,33,60,-1,0,60,89,-1,31,1,2,-1,31,2,3,-1,31,3,4,-1,
  31,4,5,-1,31,5,30,-1,29,30,5,-1,29,5,6,-1,29,6,7,-1,29,7,8,-1,29,8,9,-1,29,9,10,-1,
  29,10,28,-1,10,11,25,-1,10,25,26,-1,10,26,27,-1,10,27,28,-1,25,11,12,-1,25,12,13,-1,25,13,14,-1,
  25,14,15,-1,25,15,16,-1,25,16,17,-1,25,17,24,-1,23,24,17,-1,23,17,18,-1,23,18,19,-1,23,19,22,-1,
  20,21,22,-1,20,22,19,-1,66,67,73,-1,73,67,68,-1,73,68,72,-1,72,68,70,-1,72,70,71,-1,62,63,77,-1,
  77,63,64,-1,77,64,76,-1,76,64,65,-1,76,65,75,-1,75,65,66,-1,75,66,74,-1,74,66,73,-1,77,78,62,-1,
  62,78,79,-1,62,79,61,-1,61,79,80,-1,61,80,81,-1,81,82,61,-1,61,82,83,-1,61,83,60,-1,60,83,84,-1,
  60,84,85,-1,60,85,86,-1,60,86,87,-1,60,87,88,-1,60,88,89,-1,33,34,60,-1,60,34,35,-1,60,35,59,-1,
  59,35,48,-1,59,48,49,-1,35,36,44,-1,35,44,45,-1,35,45,46,-1,35,47,48,-1,36,37,44,-1,44,38,43,-1,
  43,38,39,-1,43,39,42,-1,42,39,40,-1,42,40,41,-1,59,49,58,-1,58,49,50,-1,58,50,57,-1,57,50,51,-1,
  57,51,56,-1,56,51,52,-1,56,52,55,-1,55,52,53,-1,55,53,54,-1,136,137,132,-1,136,132,134,-1,136,134,135,-1,
  110,111,132,-1,132,111,122,-1,132,122,131,-1,131,122,123,-1,131,123,130,-1,130,123,124,-1,130,124,129,-1,129,124,125,-1,
  129,125,128,-1,128,125,126,-1,128,126,127,-1,132,137,138,-1,132,138,139,-1,132,139,140,-1,132,140,141,-1,132,141,142,-1,
  132,142,143,-1,132,143,144,-1,132,144,145,-1,132,145,146,-1,132,146,147,-1,132,147,148,-1,132,148,149,-1,132,149,150,-1,
  132,150,151,-1,132,151,152,-1,132,152,153,-1,132,153,154,-1,132,154,155,-1,132,155,156,-1,132,156,157,-1,132,157,158,-1,
  132,158,159,-1,132,159,160,-1,132,160,161,-1,132,161,162,-1,132,162,90,-1,132,90,110,-1,116,118,115,-1,115,118,119,-1,
  115,119,114,-1,114,119,120,-1,114,120,113,-1,113,120,121,-1,113,121,112,-1,112,121,122,-1,112,122,111,-1,90,91,103,-1,
  90,103,104,-1,90,104,105,-1,90,105,106,-1,90,106,107,-1,90,107,108,-1,90,108,109,-1,90,109,110,-1,92,93,100,-1,
  92,100,101,-1,92,101,102,-1,92,102,103,-1,92,103,91,-1,96,97,95,-1,95,97,98,-1,95,98,94,-1,94,98,99,-1,
  94,99,93,-1,93,99,100,-1,173,174,211,-1,173,211,163,-1,173,163,164,-1,173,164,165,-1,173,165,166,-1,173,166,167,-1,
  173,167,168,-1,173,168,169,-1,173,169,170,-1,173,170,171,-1,173,171,172,-1,211,174,175,-1,211,175,176,-1,211,176,177,-1,
  211,177,178,-1,211,178,179,-1,211,179,180,-1,211,180,181,-1,211,181,182,-1,211,182,183,-1,211,183,184,-1,211,184,185,-1,
  211,185,186,-1,211,186,213,-1,213,186,187,-1,213,187,188,-1,213,188,189,-1,213,189,190,-1,213,190,191,-1,213,191,192,-1,
  213,192,193,-1,213,193,194,-1,213,194,195,-1,213,195,196,-1,213,196,197,-1,213,197,198,-1,213,198,212,-1,198,199,207,-1,
  198,207,208,-1,198,208,209,-1,198,209,210,-1,198,210,212,-1,199,200,203,-1,199,203,204,-1,199,204,205,-1,199,205,206,-1,
  199,206,207,-1,200,201,202,-1,200,202,203,-1,212,210,163,-1,212,163,211,-1,224,225,262,-1,224,262,214,-1,224,214,215,-1,
  224,215,216,-1,224,216,217,-1,224,217,218,-1,224,218,219,-1,224,219,220,-1,224,220,221,-1,224,221,222,-1,224,222,223,-1,
  262,225,226,-1,262,226,227,-1,262,227,228,-1,262,228,229,-1,262,229,230,-1,262,230,231,-1,262,231,232,-1,262,232,233,-1,
  262,233,234,-1,262,234,235,-1,262,235,236,-1,262,236,237,-1,262,237,264,-1,264,237,238,-1,264,238,239,-1,264,239,240,-1,
  264,240,241,-1,264,241,242,-1,264,242,243,-1,264,243,244,-1,264,244,245,-1,264,245,246,-1,264,246,247,-1,264,247,248,-1,
  264,248,249,-1,264,249,263,-1,249,250,258,-1,249,258,259,-1,249,259,260,-1,249,260,261,-1,249,261,263,-1,250,251,254,-1,
  250,254,255,-1,250,255,256,-1,250,256,257,-1,250,257,258,-1,251,252,253,-1,251,253,254,-1,263,261,214,-1,263,214,262,-1,
  294,295,296,-1,294,296,297,-1,294,297,298,-1,294,298,299,-1,294,299,300,-1,294,300,301,-1,294,301,302,-1,294,302,303,-1,
  294,303,304,-1,294,304,305,-1,294,305,306,-1,294,306,265,-1,294,265,280,-1,294,280,281,-1,294,281,288,-1,294,288,293,-1,
  292,293,289,-1,292,289,290,-1,292,290,291,-1,284,286,283,-1,283,286,287,-1,283,287,282,-1,282,287,288,-1,282,288,281,-1,
  265,266,277,-1,265,277,278,-1,265,278,279,-1,265,279,280,-1,266,267,274,-1,266,274,275,-1,266,275,276,-1,266,276,277,-1,
  269,271,268,-1,268,271,272,-1,268,272,267,-1,267,272,273,-1,267,273,274,-1,307,308,340,-1,307,340,341,-1,307,341,342,-1,
  309,310,333,-1,309,333,334,-1,309,334,335,-1,309,335,336,-1,309,336,338,-1,309,338,339,-1,309,339,340,-1,309,340,308,-1,
  333,310,311,-1,333,311,312,-1,333,312,313,-1,333,313,314,-1,333,314,332,-1,314,315,326,-1,314,326,327,-1,314,327,328,-1,
  314,328,329,-1,314,329,330,-1,314,330,331,-1,314,331,332,-1,315,316,323,-1,315,323,324,-1,315,324,325,-1,315,325,326,-1,
  319,321,318,-1,318,321,322,-1,318,322,317,-1,317,322,323,-1,317,323,316,-1,358,362,357,-1,357,362,363,-1,357,363,356,-1,
  356,363,364,-1,356,364,355,-1,355,364,376,-1,355,376,346,-1,346,376,373,-1,346,373,345,-1,345,373,374,-1,345,374,344,-1,
  344,374,372,-1,344,372,343,-1,343,372,368,-1,343,368,354,-1,354,368,365,-1,354,365,347,-1,347,365,366,-1,347,366,370,-1,
  370,366,367,-1,370,367,369,-1,369,367,368,-1,369,368,372,-1,354,348,353,-1,353,348,349,-1,353,349,352,-1,352,349,350,-1,
  352,350,351,-1,354,355,346,-1,354,346,343,-1,347,370,371,-1,347,371,372,-1,347,372,375,-1,347,375,376,-1,347,376,364,-1,
  362,358,359,-1,362,359,360,-1,362,360,361,-1,378,379,382,-1,378,382,383,-1,378,383,384,-1,378,384,385,-1,378,385,386,-1,
  378,386,387,-1,378,387,388,-1,378,388,377,-1,380,381,382,-1,380,382,379,-1,397,398,399,-1,397,399,400,-1,397,400,401,-1,
  397,401,402,-1,397,402,403,-1,397,403,389,-1,397,389,391,-1,397,391,392,-1,397,392,393,-1,397,393,394,-1,397,394,395,-1,
  397,395,396,-1,420,405,419,-1,419,405,406,-1,419,406,418,-1,418,406,407,-1,418,407,408,-1,415,416,409,-1,409,416,417,-1,
  409,417,408,-1,408,417,418,-1,409,410,415,-1,415,410,411,-1,415,411,414,-1,414,411,412,-1,414,412,413,-1,436,421,435,-1,
  435,421,422,-1,435,422,434,-1,434,422,423,-1,434,423,424,-1,431,432,425,-1,425,432,433,-1,425,433,424,-1,424,433,434,-1,
  425,426,431,-1,431,426,427,-1,431,427,430,-1,430,427,428,-1,430,428,429,-1,483,484,482,-1,482,484,486,-1,482,486,480,-1,
  480,486,478,-1,480,478,479,-1,486,487,468,-1,486,468,470,-1,486,470,471,-1,486,471,473,-1,486,473,475,-1,486,475,477,-1,
  486,477,478,-1,815,816,804,-1,804,816,817,-1,804,817,803,-1,803,817,818,-1,803,818,802,-1,802,818,819,-1,802,819,801,-1,
  801,819,820,-1,801,820,800,-1,800,820,821,-1,800,821,799,-1,799,821,822,-1,799,822,798,-1,798,822,824,-1,798,824,796,-1,
  796,824,825,-1,796,825,795,-1,795,825,744,-1,795,744,746,-1,746,744,745,-1,805,806,814,-1,814,806,807,-1,814,807,813,-1,
  813,807,808,-1,813,808,812,-1,812,808,809,-1,812,809,811,-1,811,809,810,-1,815,804,805,-1,815,805,814,-1,920,921,659,-1,
  659,921,922,-1,659,922,658,-1,658,922,923,-1,658,923,657,-1,657,923,924,-1,657,924,656,-1,656,924,925,-1,656,925,655,-1,
  655,925,926,-1,655,926,654,-1,654,926,927,-1,654,927,653,-1,653,927,929,-1,653,929,651,-1,651,929,825,-1,651,825,650,-1,
  650,825,1129,-1,650,1129,1131,-1,1131,1129,1130,-1,1236,1237,1235,-1,1235,1237,522,-1,1235,522,825,-1,825,522,523,-1,825,523,625,-1,
  625,523,525,-1,625,525,623,-1,623,525,526,-1,623,526,622,-1,622,526,527,-1,622,527,621,-1,621,527,614,-1,621,614,615,-1,
  575,576,1126,-1,575,1126,1128,-1,575,1128,626,-1,575,626,627,-1,1232,1233,1234,-1,1232,1234,503,-1,1232,504,505,-1,1232,505,506,-1,
  1232,506,507,-1,1232,507,508,-1,1232,508,509,-1,1232,510,511,-1,1232,511,491,-1,1232,491,1230,-1,1232,1230,1231,-1,522,1237,573,-1,
  573,1237,1238,-1,573,1238,572,-1,572,1238,1239,-1,572,1239,571,-1,571,1239,564,-1,571,564,565,-1,1208,1209,1223,-1,1223,1209,1211,-1,
  1223,1211,1218,-1,1218,1211,1213,-1,1218,1213,1217,-1,1217,1213,1215,-1,1217,1215,1216,-1,597,608,1264,-1,1264,608,609,-1,1264,609,546,-1,
  546,609,610,-1,546,610,545,-1,545,610,611,-1,545,611,544,-1,544,611,982,-1,544,982,983,-1,544,983,984,-1,544,984,985,-1,
  544,985,986,-1,544,986,543,-1,543,986,987,-1,543,987,988,-1,543,988,989,-1,543,989,542,-1,1170,1091,1169,-1,1169,1091,1173,-1,
  1169,1173,965,-1,965,1173,1174,-1,965,1174,437,-1,437,1174,1176,-1,437,1176,501,-1,501,1176,1177,-1,501,1177,500,-1,500,1177,1178,-1,
  500,1178,494,-1,494,1178,1179,-1,494,1179,1180,-1,1180,1181,492,-1,1180,492,493,-1,1180,493,494,-1,492,1181,1182,-1,492,1182,1183,-1,
  492,1183,1184,-1,492,1184,1185,-1,492,1185,1186,-1,492,1186,1187,-1,492,1187,1188,-1,492,1188,1189,-1,492,1189,1190,-1,492,1190,1191,-1,
  492,1191,1192,-1,492,1192,1193,-1,492,1193,1194,-1,492,1194,1195,-1,492,1195,1196,-1,492,1196,1197,-1,492,1197,1198,-1,492,1198,1199,-1,
  492,1199,1200,-1,492,1200,1201,-1,492,1201,1202,-1,492,1202,1203,-1,492,1203,1204,-1,492,1204,1206,-1,492,1206,1223,-1,492,1223,1224,-1,
  492,1224,1225,-1,492,1225,1226,-1,492,1226,491,-1,1208,1223,1206,-1,1208,1206,1207,-1,1226,1227,491,-1,491,1227,1228,-1,491,1228,1230,-1,
  1230,1228,1229,-1,490,491,511,-1,490,511,512,-1,490,512,513,-1,490,513,489,-1,1255,1256,561,-1,561,1256,1257,-1,561,1257,560,-1,
  560,1257,1258,-1,560,1258,559,-1,559,1258,1264,-1,559,1264,558,-1,558,1264,547,-1,558,547,548,-1,561,562,1246,-1,561,1246,1248,-1,
  561,1248,1249,-1,561,1249,1251,-1,561,1251,1252,-1,561,1252,1253,-1,561,1253,1254,-1,561,1254,1255,-1,1240,1241,563,-1,563,1241,1242,-1,
  563,1242,562,-1,562,1242,1244,-1,562,1244,1246,-1,1246,1244,1245,-1,564,1239,1240,-1,564,1240,563,-1,554,555,550,-1,550,555,556,-1,
  550,556,549,-1,549,556,557,-1,549,557,548,-1,548,557,558,-1,554,550,551,-1,554,551,552,-1,554,552,553,-1,611,612,991,-1,
  611,991,992,-1,611,992,993,-1,611,993,982,-1,989,990,612,-1,989,612,530,-1,989,530,531,-1,989,531,532,-1,989,532,533,-1,
  989,533,534,-1,989,534,535,-1,989,535,536,-1,989,536,537,-1,989,537,538,-1,989,538,539,-1,989,539,540,-1,989,540,541,-1,
  989,541,542,-1,613,614,528,-1,613,528,529,-1,613,529,530,-1,613,530,612,-1,604,605,600,-1,600,605,606,-1,600,606,599,-1,
  599,606,607,-1,599,607,598,-1,598,607,608,-1,598,608,597,-1,604,600,601,-1,604,601,602,-1,604,602,603,-1,593,594,786,-1,
  786,594,595,-1,786,595,785,-1,785,595,596,-1,785,596,784,-1,784,596,1264,-1,784,1264,783,-1,783,1264,1271,-1,783,1271,1272,-1,
  786,787,584,-1,786,584,586,-1,786,586,587,-1,786,587,589,-1,786,589,590,-1,786,590,591,-1,786,591,592,-1,786,592,593,-1,
  578,579,788,-1,788,579,580,-1,788,580,787,-1,787,580,582,-1,787,582,584,-1,584,582,583,-1,1123,1124,1286,-1,1286,1124,1125,-1,
  1286,1125,1285,-1,1285,1125,1126,-1,1285,1126,1279,-1,1279,1126,576,-1,1279,576,790,-1,790,576,577,-1,790,577,789,-1,789,577,578,-1,
  789,578,788,-1,682,683,678,-1,678,683,684,-1,678,684,677,-1,677,684,685,-1,677,685,676,-1,676,685,686,-1,676,686,675,-1,
  675,686,1165,-1,675,1165,674,-1,674,1165,628,-1,682,678,679,-1,682,679,680,-1,682,680,681,-1,630,631,672,-1,630,672,673,-1,
  630,673,674,-1,630,674,629,-1,672,631,632,-1,672,632,633,-1,672,634,635,-1,672,635,636,-1,672,636,637,-1,672,637,910,-1,
  672,910,911,-1,672,911,912,-1,672,912,913,-1,672,913,914,-1,672,914,915,-1,672,915,916,-1,672,916,671,-1,637,638,903,-1,
  637,903,904,-1,637,904,905,-1,637,905,906,-1,637,906,907,-1,637,907,908,-1,637,908,909,-1,637,909,910,-1,916,917,665,-1,
  916,665,666,-1,916,666,667,-1,916,667,668,-1,916,668,669,-1,916,669,670,-1,916,670,671,-1,663,664,919,-1,919,664,665,-1,
  919,665,918,-1,918,665,917,-1,659,660,920,-1,920,660,661,-1,920,661,919,-1,919,661,662,-1,919,662,663,-1,648,1165,894,-1,
  647,894,895,-1,647,895,896,-1,646,647,896,-1,646,896,897,-1,646,897,898,-1,646,898,645,-1,899,900,642,-1,899,642,643,-1,
  899,644,645,-1,899,645,898,-1,640,641,902,-1,902,641,642,-1,902,642,901,-1,901,642,900,-1,902,903,638,-1,902,639,640,-1,
  868,869,864,-1,864,869,870,-1,864,870,863,-1,863,870,871,-1,863,871,862,-1,862,871,872,-1,862,872,861,-1,861,872,780,-1,
  861,780,860,-1,860,780,849,-1,860,849,850,-1,868,864,865,-1,868,865,866,-1,868,866,867,-1,856,857,852,-1,852,857,858,-1,
  852,858,851,-1,851,858,859,-1,851,859,850,-1,850,859,860,-1,856,852,853,-1,856,853,854,-1,856,854,855,-1,1265,1266,1271,-1,
  1265,1271,1171,-1,1265,1171,1091,-1,1265,1091,1092,-1,1265,1092,1093,-1,1265,1093,1094,-1,1265,1094,1095,-1,1265,1095,1292,-1,1268,1269,1267,-1,
  1267,1269,1270,-1,1267,1270,1266,-1,1266,1270,1271,-1,438,439,440,-1,438,440,965,-1,438,965,437,-1,495,496,497,-1,495,497,498,-1,
  495,498,499,-1,495,499,500,-1,495,500,494,-1,1096,1097,1291,-1,1096,1291,1292,-1,1096,1292,1095,-1,1098,1099,1290,-1,1098,1290,1291,-1,
  1098,1291,1097,-1,1290,1099,1100,-1,1290,1100,1101,-1,1290,1101,1102,-1,1290,1102,1103,-1,1290,1103,1104,-1,1290,1104,1105,-1,1290,1105,1106,-1,
  1290,1106,1107,-1,1290,1107,1108,-1,1290,1108,1289,-1,1289,1108,1109,-1,1289,1109,1110,-1,1289,1110,1111,-1,1289,1111,1112,-1,1289,1112,1113,-1,
  1289,1113,1114,-1,1289,1114,1115,-1,1289,1115,1116,-1,1289,1116,1117,-1,1289,1117,1118,-1,1289,1118,1288,-1,1118,1119,1288,-1,1288,1119,1120,-1,
  1288,1120,1287,-1,1287,1120,1121,-1,1287,1121,1286,-1,1286,1121,1122,-1,1286,1122,1123,-1,705,706,704,-1,704,706,889,-1,704,889,965,-1,
  965,889,890,-1,965,890,1168,-1,1168,890,892,-1,1168,892,1166,-1,1166,892,1165,-1,893,894,1165,-1,893,1165,892,-1,687,688,1162,-1,
  687,1162,1163,-1,687,1163,1164,-1,687,1164,1165,-1,687,1165,686,-1,689,690,1141,-1,689,1141,1142,-1,689,1142,1144,-1,689,1144,1145,-1,
  689,1145,1146,-1,689,1146,1147,-1,689,1147,1148,-1,689,1148,1149,-1,689,1149,1150,-1,689,1150,1151,-1,689,1151,1152,-1,689,1152,1153,-1,
  689,1153,1154,-1,689,1154,1155,-1,689,1155,1156,-1,689,1156,1157,-1,689,1157,1158,-1,689,1158,1159,-1,689,1159,1160,-1,689,1160,1161,-1,
  689,1161,1162,-1,689,1162,688,-1,1140,1141,1139,-1,1139,1141,690,-1,1139,690,1138,-1,1138,690,1136,-1,1138,1136,1137,-1,691,692,1134,-1,
  691,1134,1135,-1,691,1135,1136,-1,691,1136,690,-1,1133,1134,692,-1,1133,692,699,-1,1133,699,700,-1,1133,700,1132,-1,889,706,963,-1,
  963,706,707,-1,963,707,962,-1,962,707,708,-1,962,708,961,-1,961,708,709,-1,961,709,960,-1,960,709,710,-1,960,710,959,-1,
  959,710,711,-1,959,711,958,-1,958,711,712,-1,958,712,713,-1,713,714,956,-1,713,956,957,-1,713,957,958,-1,954,955,716,-1,
  716,955,956,-1,716,956,715,-1,715,956,714,-1,949,950,954,-1,949,954,716,-1,949,716,717,-1,949,717,718,-1,949,718,719,-1,
  949,719,720,-1,949,720,721,-1,949,721,722,-1,949,722,723,-1,949,723,948,-1,947,948,723,-1,947,723,724,-1,947,724,725,-1,
  947,725,726,-1,947,726,727,-1,947,727,728,-1,947,728,729,-1,947,729,730,-1,947,730,946,-1,731,940,730,-1,730,940,941,-1,
  730,941,946,-1,946,941,942,-1,946,942,945,-1,945,942,943,-1,945,943,944,-1,938,939,733,-1,733,939,940,-1,733,940,732,-1,
  732,940,731,-1,938,733,734,-1,938,734,735,-1,938,735,736,-1,938,736,937,-1,825,930,743,-1,743,930,932,-1,743,932,741,-1,
  741,932,933,-1,741,933,740,-1,740,933,934,-1,740,934,739,-1,739,934,935,-1,739,935,738,-1,738,935,936,-1,738,936,737,-1,
  737,936,937,-1,737,937,736,-1,966,967,843,-1,966,843,845,-1,966,845,846,-1,966,846,847,-1,966,847,848,-1,966,848,780,-1,
  966,780,781,-1,966,781,703,-1,966,703,965,-1,841,842,843,-1,841,843,967,-1,841,967,839,-1,841,839,840,-1,837,838,836,-1,
  836,838,967,-1,836,967,834,-1,834,967,832,-1,834,832,833,-1,830,831,829,-1,829,831,967,-1,829,967,827,-1,827,967,514,-1,
  825,625,626,-1,825,626,1128,-1,825,1128,1129,-1,825,826,827,-1,825,827,520,-1,825,520,521,-1,825,521,503,-1,825,503,1234,-1,
  825,1234,1235,-1,827,515,516,-1,827,516,517,-1,827,517,518,-1,827,518,519,-1,827,519,520,-1,514,967,488,-1,514,488,489,-1,
  514,489,513,-1,965,440,441,-1,965,441,442,-1,965,442,443,-1,965,443,444,-1,965,444,445,-1,965,445,446,-1,965,446,447,-1,
  965,447,448,-1,965,448,449,-1,965,449,450,-1,965,450,451,-1,965,451,452,-1,965,452,453,-1,965,453,454,-1,965,454,455,-1,
  965,455,457,-1,965,457,458,-1,965,458,460,-1,965,460,981,-1,462,463,464,-1,462,464,981,-1,462,981,460,-1,462,460,461,-1,
  467,468,980,-1,467,980,981,-1,467,981,465,-1,467,465,466,-1,488,967,968,-1,488,968,969,-1,488,969,970,-1,488,970,971,-1,
  488,971,972,-1,488,972,973,-1,488,973,974,-1,488,974,975,-1,488,975,976,-1,488,976,977,-1,488,977,978,-1,488,978,979,-1,
  488,979,980,-1,488,980,468,-1,488,468,487,-1,1171,1172,1173,-1,1171,1173,1091,-1,1272,1273,793,-1,1272,793,794,-1,1272,794,783,-1,
  793,1273,1274,-1,793,1274,1275,-1,793,1275,1276,-1,793,1276,1277,-1,793,1277,792,-1,1279,790,1278,-1,1278,790,791,-1,1278,791,1277,-1,
  1277,791,792,-1,873,874,777,-1,873,777,778,-1,873,778,779,-1,873,779,780,-1,873,780,872,-1,875,876,756,-1,875,756,757,-1,
  875,757,759,-1,875,759,760,-1,875,760,761,-1,875,761,762,-1,875,762,763,-1,875,763,764,-1,875,764,765,-1,875,765,766,-1,
  875,766,767,-1,875,767,768,-1,875,768,769,-1,875,769,770,-1,875,770,771,-1,875,771,772,-1,875,772,773,-1,875,773,774,-1,
  875,774,775,-1,875,775,776,-1,875,776,777,-1,875,777,874,-1,755,756,754,-1,754,756,876,-1,754,876,753,-1,753,876,751,-1,
  753,751,752,-1,877,878,749,-1,877,749,750,-1,877,750,751,-1,877,751,876,-1,748,749,878,-1,748,878,885,-1,748,885,886,-1,
  748,886,747,-1,1259,1260,1261,-1,1259,1261,1262,-1,1259,1262,1263,-1,1259,1263,1264,-1,1259,1264,1258,-1,950,951,952,-1,950,952,953,-1,
  950,953,954,-1,887,888,795,-1,887,795,746,-1,887,746,747,-1,887,747,886,-1,1071,994,1013,-1,1013,994,995,-1,1013,995,1012,-1,
  1012,995,996,-1,1012,996,1011,-1,1011,996,997,-1,1011,997,1010,-1,1010,997,998,-1,1010,998,1009,-1,1009,998,999,-1,1009,999,1008,-1,
  1008,999,1000,-1,1008,1000,1007,-1,1007,1000,1002,-1,1007,1002,1005,-1,1005,1002,1003,-1,1005,1003,1004,-1,1071,1013,1014,-1,1071,1014,1015,-1,
  1071,1015,1016,-1,1071,1016,1090,-1,1089,1090,1016,-1,1089,1016,1017,-1,1089,1017,1018,-1,1089,1018,1019,-1,1089,1019,1088,-1,1088,1019,1020,-1,
  1088,1020,1021,-1,1088,1021,1022,-1,1088,1022,1087,-1,1086,1087,1022,-1,1086,1022,1023,-1,1086,1023,1024,-1,1086,1024,1025,-1,1086,1025,1085,-1,
  1085,1025,1026,-1,1085,1026,1027,-1,1085,1027,1028,-1,1085,1028,1084,-1,1083,1084,1028,-1,1083,1028,1029,-1,1083,1029,1030,-1,1083,1030,1031,-1,
  1083,1031,1082,-1,1032,1033,1052,-1,1032,1052,1053,-1,1032,1053,1081,-1,1032,1081,1082,-1,1032,1082,1031,-1,1052,1033,1051,-1,1051,1033,1034,-1,
  1051,1034,1050,-1,1050,1034,1035,-1,1050,1035,1049,-1,1049,1035,1036,-1,1049,1036,1048,-1,1048,1036,1037,-1,1048,1037,1047,-1,1047,1037,1038,-1,
  1047,1038,1046,-1,1046,1038,1040,-1,1046,1040,1044,-1,1044,1040,1041,-1,1044,1041,1042,-1,1072,1073,1068,-1,1072,1068,1069,-1,1072,1069,1070,-1,
  1072,1070,994,-1,1072,994,1071,-1,1074,1075,1065,-1,1074,1065,1066,-1,1074,1066,1067,-1,1074,1067,1068,-1,1074,1068,1073,-1,1075,1076,1062,-1,
  1075,1062,1063,-1,1075,1063,1064,-1,1075,1064,1065,-1,1077,1078,1059,-1,1077,1059,1060,-1,1077,1060,1061,-1,1077,1061,1062,-1,1077,1062,1076,-1,
  1078,1079,1056,-1,1078,1056,1057,-1,1078,1057,1058,-1,1078,1058,1059,-1,1080,1081,1053,-1,1080,1053,1054,-1,1080,1054,1055,-1,1080,1055,1056,-1,
  1080,1056,1079,-1,701,702,650,-1,701,650,1131,-1,701,1131,1132,-1,701,1132,700,-1,569,570,566,-1,569,566,567,-1,569,567,568,-1,
  571,565,566,-1,571,566,570,-1,619,620,616,-1,619,616,617,-1,619,617,618,-1,621,615,616,-1,621,616,620,-1,697,698,694,-1,
  697,694,695,-1,697,695,696,-1,699,692,693,-1,699,693,694,-1,699,694,698,-1,883,884,880,-1,883,880,881,-1,883,881,882,-1,
  885,878,879,-1,885,879,880,-1,885,880,884,-1,1222,1223,1218,-1,1222,1218,1219,-1,1222,1219,1220,-1,1222,1220,1221,-1,1282,1283,1281,-1,
  1281,1283,1284,-1,1281,1284,1280,-1,1280,1284,1285,-1,1280,1285,1279,-1,1342,1343,1299,-1,1299,1343,1344,-1,1299,1344,1298,-1,1298,1344,1293,-1,
  1298,1293,1295,-1,1295,1293,1294,-1,1305,1306,1327,-1,1305,1327,1328,-1,1305,1328,1329,-1,1305,1329,1330,-1,1305,1330,1331,-1,1305,1331,1332,-1,
  1305,1332,1333,-1,1305,1333,1334,-1,1305,1334,1304,-1,1303,1304,1334,-1,1303,1334,1335,-1,1303,1335,1301,-1,1303,1301,1302,-1,1300,1301,1335,-1,
  1300,1335,1336,-1,1300,1336,1337,-1,1300,1337,1338,-1,1300,1338,1339,-1,1300,1339,1340,-1,1300,1340,1341,-1,1300,1341,1299,-1,1296,1297,1298,-1,
  1296,1298,1295,-1,1326,1308,1325,-1,1325,1308,1309,-1,1325,1309,1324,-1,1324,1309,1310,-1,1324,1310,1323,-1,1323,1310,1311,-1,1323,1311,1322,-1,
  1322,1311,1312,-1,1322,1312,1321,-1,1321,1312,1313,-1,1321,1313,1320,-1,1320,1313,1314,-1,1320,1314,1319,-1,1319,1314,1315,-1,1319,1315,1318,-1,
  1318,1315,1316,-1,1318,1316,1317,-1,1308,1326,1327,-1,1308,1327,1306,-1,1308,1306,1307,-1,1393,1395,1392,-1,1392,1395,1396,-1,1392,1396,1391,-1,
  1391,1396,1397,-1,1391,1397,1390,-1,1390,1397,1398,-1,1390,1398,1389,-1,1389,1398,1399,-1,1389,1399,1388,-1,1388,1399,1400,-1,1388,1400,1387,-1,
  1387,1400,1401,-1,1387,1401,1414,-1,1414,1401,1408,-1,1414,1408,1409,-1,1374,1375,1376,-1,1374,1376,1377,-1,1374,1377,1378,-1,1374,1378,1379,-1,
  1374,1379,1380,-1,1374,1380,1381,-1,1374,1381,1382,-1,1374,1382,1383,-1,1374,1383,1384,-1,1374,1384,1385,-1,1374,1385,1386,-1,1374,1386,1345,-1,
  1374,1345,1360,-1,1374,1360,1361,-1,1374,1361,1368,-1,1374,1368,1373,-1,1372,1373,1369,-1,1372,1369,1370,-1,1372,1370,1371,-1,1364,1366,1363,-1,
  1363,1366,1367,-1,1363,1367,1362,-1,1362,1367,1368,-1,1362,1368,1361,-1,1345,1346,1357,-1,1345,1357,1358,-1,1345,1358,1359,-1,1345,1359,1360,-1,
  1346,1347,1354,-1,1346,1354,1355,-1,1346,1355,1356,-1,1346,1356,1357,-1,1349,1351,1348,-1,1348,1351,1352,-1,1348,1352,1347,-1,1347,1352,1353,-1,
  1347,1353,1354,-1,1409,1410,1411,-1,1409,1411,1412,-1,1409,1412,1413,-1,1409,1413,1414,-1,1407,1408,1402,-1,1407,1402,1403,-1,1407,1403,1404,-1,
  1407,1404,1405,-1,1407,1405,1406,-1,1432,1415,1422,-1,1422,1415,1416,-1,1422,1416,1421,-1,1421,1416,1417,-1,1421,1417,1420,-1,1420,1417,1418,-1,
  1420,1418,1419,-1,1432,1422,1435,-1,1435,1422,1423,-1,1435,1423,1434,-1,1434,1423,1431,-1,1434,1431,1415,-1,1433,1434,1415,-1,1433,1415,1432,-1,
  1426,1429,1425,-1,1425,1429,1430,-1,1425,1430,1424,-1,1424,1430,1431,-1,1424,1431,1423,-1,1427,1428,1429,-1,1427,1429,1426,-1,1444,1445,1440,-1,
  1444,1440,1441,-1,1444,1441,1442,-1,1444,1442,1443,-1,1475,1476,1445,-1,1445,1476,1477,-1,1445,1477,1440,-1,1440,1477,1478,-1,1440,1478,1439,-1,
  1439,1478,1479,-1,1439,1479,1438,-1,1438,1479,1480,-1,1438,1480,1437,-1,1437,1480,1481,-1,1437,1481,1436,-1,1436,1481,1483,-1,1436,1483,1486,-1,
  1486,1483,1484,-1,1486,1484,1485,-1,1569,1488,1507,-1,1507,1488,1489,-1,1507,1489,1506,-1,1506,1489,1490,-1,1506,1490,1505,-1,1505,1490,1491,-1,
  1505,1491,1504,-1,1504,1491,1492,-1,1504,1492,1503,-1,1503,1492,1493,-1,1503,1493,1502,-1,1502,1493,1494,-1,1502,1494,1501,-1,1501,1494,1496,-1,
  1501,1496,1499,-1,1499,1496,1497,-1,1499,1497,1498,-1,1569,1507,1508,-1,1569,1508,1509,-1,1569,1509,1510,-1,1569,1510,1584,-1,1583,1584,1510,-1,
  1583,1510,1511,-1,1583,1511,1512,-1,1583,1512,1513,-1,1583,1513,1514,-1,1583,1514,1515,-1,1583,1515,1516,-1,1583,1516,1517,-1,1583,1517,1582,-1,
  1581,1582,1517,-1,1581,1517,1518,-1,1581,1518,1519,-1,1581,1519,1520,-1,1581,1520,1521,-1,1581,1521,1522,-1,1581,1522,1523,-1,1581,1523,1524,-1,
  1581,1524,1580,-1,1579,1580,1524,-1,1579,1524,1525,-1,1579,1525,1526,-1,1579,1526,1527,-1,1579,1527,1578,-1,1528,1529,1548,-1,1528,1548,1549,-1,
  1528,1549,1577,-1,1528,1577,1578,-1,1528,1578,1527,-1,1445,1446,1452,-1,1445,1452,1453,-1,1445,1453,1454,-1,1445,1454,1471,-1,1445,1471,1472,-1,
  1445,1472,1473,-1,1445,1473,1474,-1,1445,1474,1475,-1,1452,1446,1451,-1,1451,1446,1447,-1,1451,1447,1450,-1,1450,1447,1448,-1,1450,1448,1449,-1,
  1469,1470,1456,-1,1456,1470,1471,-1,1456,1471,1455,-1,1455,1471,1454,-1,1456,1457,1464,-1,1456,1464,1465,-1,1456,1465,1466,-1,1456,1466,1467,-1,
  1456,1467,1468,-1,1456,1468,1469,-1,1460,1462,1459,-1,1459,1462,1463,-1,1459,1463,1458,-1,1458,1463,1464,-1,1458,1464,1457,-1,1548,1529,1547,-1,
  1547,1529,1530,-1,1547,1530,1546,-1,1546,1530,1531,-1,1546,1531,1545,-1,1545,1531,1532,-1,1545,1532,1544,-1,1544,1532,1533,-1,1544,1533,1543,-1,
  1543,1533,1534,-1,1543,1534,1542,-1,1542,1534,1536,-1,1542,1536,1540,-1,1540,1536,1537,-1,1540,1537,1538,-1,1570,1571,1566,-1,1570,1566,1567,-1,
  1570,1567,1568,-1,1570,1568,1488,-1,1570,1488,1569,-1,1572,1573,1559,-1,1572,1559,1560,-1,1572,1560,1561,-1,1572,1561,1562,-1,1572,1562,1563,-1,
  1572,1563,1564,-1,1572,1564,1565,-1,1572,1565,1566,-1,1572,1566,1571,-1,1574,1575,1552,-1,1574,1552,1553,-1,1574,1553,1554,-1,1574,1554,1555,-1,
  1574,1555,1556,-1,1574,1556,1557,-1,1574,1557,1558,-1,1574,1558,1559,-1,1574,1559,1573,-1,1576,1577,1549,-1,1576,1549,1550,-1,1576,1550,1551,-1,
  1576,1551,1552,-1,1576,1552,1575,-1,1597,1598,1603,-1,1603,1598,1599,-1,1603,1599,1602,-1,1602,1599,1600,-1,1602,1600,1601,-1,1597,1603,1604,-1,
  1597,1604,1605,-1,1597,1605,1606,-1,1597,1606,1607,-1,1597,1607,1608,-1,1597,1608,1609,-1,1597,1609,1610,-1,1597,1610,1596,-1,1596,1610,1595,-1,
  1595,1610,1611,-1,1595,1611,1594,-1,1594,1611,1612,-1,1594,1612,1613,-1,1593,1585,1592,-1,1592,1585,1586,-1,1592,1586,1591,-1,1591,1586,1587,-1,
  1591,1587,1590,-1,1590,1587,1588,-1,1590,1588,1589,-1,1594,1613,1614,-1,1594,1614,1615,-1,1594,1615,1616,-1,1594,1616,1617,-1,1594,1617,1585,-1,
  1594,1585,1593,-1,1585,1617,1632,-1,1632,1617,1618,-1,1632,1618,1631,-1,1631,1618,1619,-1,1631,1619,1630,-1,1630,1619,1620,-1,1630,1620,1629,-1,
  1629,1620,1621,-1,1629,1621,1628,-1,1628,1621,1623,-1,1628,1623,1626,-1,1626,1623,1624,-1,1626,1624,1625,-1,1633,1634,1636,-1,1633,1636,1585,-1,
  1633,1585,1632,-1,1691,1692,1681,-1,1681,1692,1637,-1,1681,1637,1644,-1,1644,1637,1638,-1,1644,1638,1643,-1,1643,1638,1639,-1,1643,1639,1642,-1,
  1642,1639,1640,-1,1642,1640,1641,-1,1688,1689,1683,-1,1688,1683,1684,-1,1688,1684,1685,-1,1688,1685,1687,-1,1682,1683,1689,-1,1682,1689,1690,-1,
  1682,1690,1691,-1,1682,1691,1681,-1,1680,1681,1644,-1,1680,1644,1645,-1,1680,1645,1660,-1,1680,1660,1679,-1,1674,1675,1673,-1,1673,1675,1676,-1,
  1673,1676,1672,-1,1672,1676,1677,-1,1672,1677,1671,-1,1671,1677,1678,-1,1671,1678,1670,-1,1670,1678,1669,-1,1679,1660,1667,-1,1679,1667,1668,-1,
  1679,1668,1669,-1,1679,1669,1678,-1,1660,1645,1659,-1,1659,1645,1646,-1,1659,1646,1658,-1,1658,1646,1647,-1,1658,1647,1657,-1,1657,1647,1648,-1,
  1657,1648,1656,-1,1656,1648,1649,-1,1656,1649,1655,-1,1655,1649,1650,-1,1655,1650,1654,-1,1654,1650,1652,-1,1654,1652,1653,-1,1663,1665,1662,-1,
  1662,1665,1666,-1,1662,1666,1661,-1,1661,1666,1667,-1,1661,1667,1660,-1,1717,1718,1695,-1,1695,1718,1719,-1,1695,1719,1694,-1,1694,1719,1720,-1,
  1694,1720,1693,-1,1717,1695,1696,-1,1717,1696,1697,-1,1717,1697,1698,-1,1717,1698,1699,-1,1717,1699,1700,-1,1717,1700,1701,-1,1717,1701,1702,-1,
  1717,1702,1716,-1,1702,1703,1714,-1,1702,1714,1715,-1,1702,1715,1716,-1,1714,1703,1704,-1,1714,1704,1705,-1,1714,1705,1706,-1,1714,1706,1707,-1,
  1714,1707,1708,-1,1714,1708,1709,-1,1714,1709,1713,-1,1712,1713,1709,-1,1712,1709,1710,-1,1712,1710,1711,-1,1806,1807,1802,-1,1806,1802,1804,-1,
  1806,1804,1805,-1,1775,1776,1791,-1,1791,1776,1777,-1,1791,1777,1790,-1,1790,1777,1778,-1,1790,1778,1789,-1,1789,1778,1779,-1,1789,1779,1788,-1,
  1788,1779,1780,-1,1788,1780,1787,-1,1787,1780,1782,-1,1787,1782,1785,-1,1785,1782,1783,-1,1785,1783,1784,-1,1771,1772,1792,-1,1792,1772,1773,-1,
  1792,1773,1791,-1,1791,1773,1774,-1,1791,1774,1775,-1,1770,1771,1792,-1,1770,1792,1797,-1,1770,1797,1798,-1,1770,1798,1799,-1,1770,1799,1769,-1,
  1795,1796,1794,-1,1794,1796,1797,-1,1794,1797,1793,-1,1793,1797,1792,-1,1799,1800,1763,-1,1799,1763,1764,-1,1799,1764,1765,-1,1799,1765,1766,-1,
  1799,1766,1767,-1,1799,1767,1768,-1,1799,1768,1769,-1,1815,1721,1802,-1,1802,1721,1822,-1,1802,1822,1801,-1,1801,1822,1763,-1,1801,1763,1800,-1,
  1802,1807,1808,-1,1802,1808,1809,-1,1802,1809,1810,-1,1802,1810,1811,-1,1802,1811,1812,-1,1802,1812,1813,-1,1802,1813,1814,-1,1802,1814,1815,-1,
  1741,1742,1824,-1,1824,1742,1762,-1,1824,1762,1823,-1,1823,1762,1763,-1,1823,1763,1822,-1,1824,1825,1736,-1,1824,1736,1737,-1,1824,1737,1738,-1,
  1824,1738,1739,-1,1824,1739,1740,-1,1824,1740,1741,-1,1749,1752,1748,-1,1748,1752,1754,-1,1748,1754,1746,-1,1746,1754,1755,-1,1746,1755,1745,-1,
  1745,1755,1756,-1,1745,1756,1744,-1,1744,1756,1757,-1,1744,1757,1743,-1,1743,1757,1758,-1,1743,1758,1742,-1,1742,1758,1761,-1,1742,1761,1762,-1,
  1750,1751,1752,-1,1750,1752,1749,-1,1759,1760,1761,-1,1759,1761,1758,-1,1721,1722,1829,-1,1721,1829,1830,-1,1721,1830,1816,-1,1721,1816,1818,-1,
  1721,1818,1819,-1,1721,1819,1820,-1,1721,1820,1821,-1,1721,1821,1822,-1,1829,1722,1723,-1,1829,1723,1724,-1,1829,1724,1725,-1,1829,1725,1726,-1,
  1829,1726,1727,-1,1829,1727,1728,-1,1829,1728,1828,-1,1827,1828,1728,-1,1827,1728,1729,-1,1827,1729,1730,-1,1827,1730,1731,-1,1827,1731,1732,-1,
  1827,1732,1733,-1,1827,1733,1734,-1,1827,1734,1735,-1,1827,1735,1826,-1,1735,1736,1825,-1,1735,1825,1826,-1,1840,1841,1836,-1,1840,1836,1837,-1,
  1840,1837,1838,-1,1840,1838,1839,-1,1871,1872,1841,-1,1841,1872,1873,-1,1841,1873,1836,-1,1836,1873,1874,-1,1836,1874,1835,-1,1835,1874,1875,-1,
  1835,1875,1834,-1,1834,1875,1876,-1,1834,1876,1833,-1,1833,1876,1877,-1,1833,1877,1832,-1,1832,1877,1879,-1,1832,1879,1882,-1,1882,1879,1880,-1,
  1882,1880,1881,-1,1936,1937,1952,-1,1952,1937,1938,-1,1952,1938,1951,-1,1951,1938,1939,-1,1951,1939,1950,-1,1950,1939,1940,-1,1950,1940,1949,-1,
  1949,1940,1941,-1,1949,1941,1948,-1,1948,1941,1943,-1,1948,1943,1946,-1,1946,1943,1944,-1,1946,1944,1945,-1,1964,1965,1893,-1,1893,1965,1966,-1,
  1893,1966,1888,-1,1888,1966,1967,-1,1888,1967,1887,-1,1887,1967,1968,-1,1887,1968,1886,-1,1886,1968,1969,-1,1886,1969,1885,-1,1885,1969,1970,-1,
  1885,1970,1884,-1,1884,1970,1972,-1,1884,1972,1975,-1,1975,1972,1973,-1,1975,1973,1974,-1,1979,2005,1978,-1,1978,2005,2006,-1,1978,2006,1977,-1,
  1977,2006,2008,-1,1977,2008,2009,-1,2013,2099,2126,-1,2126,2099,2100,-1,2126,2100,2125,-1,2125,2100,2101,-1,2125,2101,2124,-1,2124,2101,2102,-1,
  2124,2102,2123,-1,2123,2102,2103,-1,2123,2103,2122,-1,2122,2103,2104,-1,2122,2104,2121,-1,2121,2104,2105,-1,2121,2105,2120,-1,2120,2105,2106,-1,
  2120,2106,2119,-1,2119,2106,2107,-1,2119,2107,2118,-1,2118,2107,2108,-1,2118,2108,2117,-1,2117,2108,2109,-1,2117,2109,2116,-1,2116,2109,2111,-1,
  2116,2111,2114,-1,2114,2111,2112,-1,2114,2112,2113,-1,2012,2013,2126,-1,2012,2126,2127,-1,2012,2127,2128,-1,2012,2128,2129,-1,2012,2129,2130,-1,
  2012,2130,2131,-1,2012,2131,2132,-1,2012,2132,2133,-1,2012,2133,2011,-1,2010,2011,2133,-1,2010,2133,2080,-1,2010,2080,2081,-1,2010,2081,2082,-1,
  2010,2082,2084,-1,2010,2084,2085,-1,2010,2085,2086,-1,2010,2086,2017,-1,2079,2080,2133,-1,2079,2133,2134,-1,2079,2134,2135,-1,2079,2135,2136,-1,
  2079,2136,2137,-1,2079,2137,2138,-1,2079,2138,2139,-1,2079,2139,2140,-1,2079,2140,2078,-1,2078,2140,2077,-1,2077,2140,2049,-1,2077,2049,2076,-1,
  2076,2049,2072,-1,2076,2072,2075,-1,2075,2072,2073,-1,2075,2073,2074,-1,1980,1981,2004,-1,1980,2004,2005,-1,1980,2005,1979,-1,1981,1982,2004,-1,
  2004,1982,1983,-1,2004,1983,2003,-1,2003,1983,1984,-1,2003,1984,2002,-1,2002,1984,2000,-1,2002,2000,2001,-1,1893,1894,1900,-1,1893,1900,1901,-1,
  1893,1901,1902,-1,1893,1902,1959,-1,1893,1959,1960,-1,1893,1960,1961,-1,1893,1961,1962,-1,1893,1962,1963,-1,1893,1963,1964,-1,1900,1894,1899,-1,
  1899,1894,1895,-1,1899,1895,1898,-1,1898,1895,1896,-1,1898,1896,1897,-1,1932,1933,1956,-1,1956,1933,1934,-1,1956,1934,1955,-1,1955,1934,1935,-1,
  1955,1935,1954,-1,1954,1935,1936,-1,1954,1936,1953,-1,1953,1936,1952,-1,1956,1957,1932,-1,1932,1957,1958,-1,1932,1958,1931,-1,1931,1958,1959,-1,
  1931,1959,1902,-1,1908,1910,1907,-1,1907,1910,1911,-1,1907,1911,1906,-1,1906,1911,1912,-1,1906,1912,1905,-1,1905,1912,1913,-1,1905,1913,1904,-1,
  1904,1913,1914,-1,1904,1914,1903,-1,1903,1914,1931,-1,1903,1931,1902,-1,1929,1930,1916,-1,1916,1930,1931,-1,1916,1931,1915,-1,1915,1931,1914,-1,
  1916,1917,1924,-1,1916,1924,1925,-1,1916,1925,1926,-1,1916,1926,1927,-1,1916,1927,1928,-1,1916,1928,1929,-1,1920,1922,1919,-1,1919,1922,1923,-1,
  1919,1923,1918,-1,1918,1923,1924,-1,1918,1924,1917,-1,1841,1842,1848,-1,1841,1848,1849,-1,1841,1849,1850,-1,1841,1850,1867,-1,1841,1867,1868,-1,
  1841,1868,1869,-1,1841,1869,1870,-1,1841,1870,1871,-1,1848,1842,1847,-1,1847,1842,1843,-1,1847,1843,1846,-1,1846,1843,1844,-1,1846,1844,1845,-1,
  1865,1866,1852,-1,1852,1866,1867,-1,1852,1867,1851,-1,1851,1867,1850,-1,1852,1853,1860,-1,1852,1860,1861,-1,1852,1861,1862,-1,1852,1862,1863,-1,
  1852,1863,1864,-1,1852,1864,1865,-1,1856,1858,1855,-1,1855,1858,1859,-1,1855,1859,1854,-1,1854,1859,1860,-1,1854,1860,1853,-1,1892,1893,1888,-1,
  1892,1888,1889,-1,1892,1889,1890,-1,1892,1890,1891,-1,1984,1985,1990,-1,1990,1985,1986,-1,1990,1986,1989,-1,1989,1986,1987,-1,1989,1987,1988,-1,
  1997,1998,1990,-1,1990,1998,1999,-1,1990,1999,1984,-1,1984,1999,2000,-1,1993,1995,1992,-1,1992,1995,1996,-1,1992,1996,1991,-1,1991,1996,1997,-1,
  1991,1997,1990,-1,2031,2032,2021,-1,2021,2032,2033,-1,2021,2033,2020,-1,2020,2033,2034,-1,2020,2034,2019,-1,2019,2034,2035,-1,2019,2035,2018,-1,
  2025,2028,2024,-1,2024,2028,2029,-1,2024,2029,2023,-1,2023,2029,2030,-1,2023,2030,2022,-1,2022,2031,2021,-1,2026,2027,2028,-1,2042,2044,2041,-1,
  2041,2044,2045,-1,2041,2045,2040,-1,2040,2045,2046,-1,2040,2046,2039,-1,2039,2046,2047,-1,2039,2047,2038,-1,2038,2047,2048,-1,2038,2048,2037,-1,
  2097,2098,2015,-1,2015,2098,2099,-1,2015,2099,2014,-1,2014,2099,2013,-1,2015,2016,2092,-1,2015,2092,2093,-1,2015,2093,2094,-1,2015,2094,2095,-1,
  2015,2095,2096,-1,2015,2096,2097,-1,2017,2086,2087,-1,2017,2087,2088,-1,2017,2088,2089,-1,2017,2089,2090,-1,2017,2090,2091,-1,2017,2091,2092,-1,
  2017,2092,2016,-1,2049,2050,2072,-1,2072,2050,2051,-1,2072,2051,2071,-1,2071,2051,2052,-1,2071,2052,2053,-1,2053,2054,2071,-1,2071,2054,2055,-1,
  2071,2055,2070,-1,2070,2055,2056,-1,2070,2056,2069,-1,2069,2056,2057,-1,2069,2057,2068,-1,2068,2057,2058,-1,2068,2058,2067,-1,2067,2058,2059,-1,
  2067,2059,2066,-1,2066,2059,2061,-1,2066,2061,2064,-1,2064,2061,2062,-1,2064,2062,2063,-1,2159,2160,2150,-1,2150,2160,2141,-1,2150,2141,2148,-1,
  2148,2141,2142,-1,2148,2142,2147,-1,2147,2142,2143,-1,2147,2143,2146,-1,2146,2143,2144,-1,2146,2144,2145,-1,2159,2151,2158,-1,2158,2151,2152,-1,
  2158,2152,2157,-1,2157,2152,2153,-1,2157,2153,2156,-1,2156,2153,2154,-1,2156,2154,2155,-1,2193,2194,2190,-1,2193,2190,2191,-1,2193,2191,2192,-1,
  2182,2183,2161,-1,2161,2183,2189,-1,2161,2189,2195,-1,2195,2189,2190,-1,2195,2190,2194,-1,2183,2184,2188,-1,2188,2184,2185,-1,2188,2185,2187,-1,
  2187,2185,2186,-1,2177,2178,2163,-1,2163,2178,2179,-1,2163,2179,2162,-1,2162,2179,2180,-1,2162,2180,2161,-1,2161,2180,2181,-1,2161,2181,2182,-1,
  2163,2164,2173,-1,2163,2173,2174,-1,2163,2174,2175,-1,2163,2175,2176,-1,2163,2176,2177,-1,2165,2166,2170,-1,2165,2170,2171,-1,2165,2171,2172,-1,
  2165,2172,2173,-1,2165,2173,2164,-1,2167,2168,2169,-1,2167,2169,2170,-1,2167,2170,2166,-1,2281,2282,2277,-1,2281,2277,2279,-1,2281,2279,2280,-1,
  2250,2251,2266,-1,2266,2251,2252,-1,2266,2252,2265,-1,2265,2252,2253,-1,2265,2253,2264,-1,2264,2253,2254,-1,2264,2254,2263,-1,2263,2254,2255,-1,
  2263,2255,2262,-1,2262,2255,2257,-1,2262,2257,2260,-1,2260,2257,2258,-1,2260,2258,2259,-1,2246,2247,2267,-1,2267,2247,2248,-1,2267,2248,2266,-1,
  2266,2248,2249,-1,2266,2249,2250,-1,2245,2246,2267,-1,2245,2267,2272,-1,2245,2272,2273,-1,2245,2273,2274,-1,2245,2274,2244,-1,2270,2271,2269,-1,
  2269,2271,2272,-1,2269,2272,2268,-1,2268,2272,2267,-1,2274,2275,2238,-1,2274,2238,2239,-1,2274,2239,2240,-1,2274,2240,2241,-1,2274,2241,2242,-1,
  2274,2242,2243,-1,2274,2243,2244,-1,2290,2196,2277,-1,2277,2196,2297,-1,2277,2297,2276,-1,2276,2297,2238,-1,2276,2238,2275,-1,2277,2282,2283,-1,
  2277,2283,2284,-1,2277,2284,2285,-1,2277,2285,2286,-1,2277,2286,2287,-1,2277,2287,2288,-1,2277,2288,2289,-1,2277,2289,2290,-1,2216,2217,2299,-1,
  2299,2217,2237,-1,2299,2237,2298,-1,2298,2237,2238,-1,2298,2238,2297,-1,2299,2300,2211,-1,2299,2211,2212,-1,2299,2212,2213,-1,2299,2213,2214,-1,
  2299,2214,2215,-1,2299,2215,2216,-1,2224,2227,2223,-1,2223,2227,2229,-1,2223,2229,2221,-1,2221,2229,2230,-1,2221,2230,2220,-1,2220,2230,2231,-1,
  2220,2231,2219,-1,2219,2231,2232,-1,2219,2232,2218,-1,2218,2232,2233,-1,2218,2233,2217,-1,2217,2233,2236,-1,2217,2236,2237,-1,2225,2226,2227,-1,
  2225,2227,2224,-1,2234,2235,2236,-1,2234,2236,2233,-1,2196,2197,2304,-1,2196,2304,2305,-1,2196,2305,2291,-1,2196,2291,2293,-1,2196,2293,2294,-1,
  2196,2294,2295,-1,2196,2295,2296,-1,2196,2296,2297,-1,2304,2197,2198,-1,2304,2198,2199,-1,2304,2199,2200,-1,2304,2200,2201,-1,2304,2201,2202,-1,
  2304,2202,2203,-1,2304,2203,2303,-1,2302,2303,2203,-1,2302,2203,2204,-1,2302,2204,2205,-1,2302,2205,2206,-1,2302,2206,2207,-1,2302,2207,2208,-1,
  2302,2208,2209,-1,2302,2209,2210,-1,2302,2210,2301,-1,2210,2211,2300,-1,2210,2300,2301,-1,2331,2332,2309,-1,2309,2332,2333,-1,2309,2333,2308,-1,
  2308,2333,2334,-1,2308,2334,2307,-1,2331,2309,2310,-1,2331,2310,2311,-1,2331,2311,2312,-1,2331,2312,2313,-1,2331,2313,2314,-1,2331,2314,2315,-1,
  2331,2315,2316,-1,2331,2316,2330,-1,2316,2317,2328,-1,2316,2328,2329,-1,2316,2329,2330,-1,2328,2317,2318,-1,2328,2318,2319,-1,2328,2319,2320,-1,
  2328,2320,2321,-1,2328,2321,2322,-1,2328,2322,2323,-1,2328,2323,2327,-1,2326,2327,2323,-1,2326,2323,2324,-1,2326,2324,2325,-1,2398,2400,2397,-1,
  2397,2400,2402,-1,2397,2402,2395,-1,2395,2402,2403,-1,2395,2403,2394,-1,2394,2403,2404,-1,2394,2404,2393,-1,2393,2404,2405,-1,2393,2405,2392,-1,
  2392,2405,2406,-1,2392,2406,2391,-1,2391,2406,2407,-1,2391,2407,2390,-1,2390,2407,2408,-1,2390,2408,2389,-1,2389,2408,2409,-1,2389,2409,2388,-1,
  2388,2409,2410,-1,2388,2410,2387,-1,2387,2410,2411,-1,2387,2411,2386,-1,2386,2411,2412,-1,2386,2412,2385,-1,2385,2412,2430,-1,2385,2430,2431,-1,
  2432,2433,2378,-1,2432,2378,2379,-1,2432,2379,2380,-1,2432,2380,2381,-1,2432,2381,2382,-1,2432,2382,2383,-1,2432,2383,2384,-1,2432,2384,2385,-1,
  2432,2385,2431,-1,2434,2427,2372,-1,2434,2372,2373,-1,2434,2373,2374,-1,2434,2374,2375,-1,2434,2375,2376,-1,2434,2376,2377,-1,2434,2377,2378,-1,
  2434,2378,2433,-1,2427,2428,2419,-1,2427,2419,2366,-1,2427,2366,2367,-1,2427,2367,2368,-1,2427,2368,2370,-1,2427,2370,2371,-1,2427,2371,2372,-1,
  2429,2430,2412,-1,2429,2412,2413,-1,2429,2413,2414,-1,2429,2414,2415,-1,2429,2415,2416,-1,2429,2416,2417,-1,2429,2417,2418,-1,2429,2418,2419,-1,
  2429,2419,2428,-1,2365,2366,2419,-1,2365,2419,2420,-1,2365,2420,2421,-1,2365,2421,2422,-1,2365,2422,2423,-1,2365,2423,2424,-1,2365,2424,2425,-1,
  2365,2425,2426,-1,2365,2426,2364,-1,2364,2426,2363,-1,2363,2426,2335,-1,2363,2335,2362,-1,2362,2335,2358,-1,2362,2358,2361,-1,2361,2358,2359,-1,
  2361,2359,2360,-1,2335,2336,2358,-1,2358,2336,2337,-1,2358,2337,2357,-1,2357,2337,2338,-1,2357,2338,2339,-1,2339,2340,2357,-1,2357,2340,2341,-1,
  2357,2341,2356,-1,2356,2341,2342,-1,2356,2342,2355,-1,2355,2342,2343,-1,2355,2343,2354,-1,2354,2343,2344,-1,2354,2344,2353,-1,2353,2344,2345,-1,
  2353,2345,2352,-1,2352,2345,2347,-1,2352,2347,2350,-1,2350,2347,2348,-1,2350,2348,2349,-1,2482,2483,2438,-1,2438,2483,2484,-1,2438,2484,2437,-1,
  2437,2484,2497,-1,2437,2497,2436,-1,2436,2497,2504,-1,2436,2504,2455,-1,2455,2504,2445,-1,2455,2445,2452,-1,2452,2445,2451,-1,2445,2446,2449,-1,
  2445,2449,2450,-1,2445,2450,2451,-1,2447,2448,2449,-1,2447,2449,2446,-1,2488,2489,2495,-1,2495,2489,2490,-1,2495,2490,2494,-1,2494,2490,2492,-1,
  2494,2492,2493,-1,2487,2488,2495,-1,2487,2495,2496,-1,2487,2496,2497,-1,2487,2497,2486,-1,2497,2484,2485,-1,2497,2485,2486,-1,2436,2455,2457,-1,
  2436,2457,2458,-1,2436,2458,2459,-1,2436,2459,2460,-1,2436,2460,2461,-1,2436,2461,2462,-1,2436,2462,2463,-1,2436,2463,2435,-1,2500,2502,2499,-1,
  2499,2502,2503,-1,2499,2503,2498,-1,2498,2503,2504,-1,2498,2504,2497,-1,2481,2482,2438,-1,2481,2438,2439,-1,2481,2439,2440,-1,2481,2440,2480,-1,
  2440,2441,2474,-1,2440,2474,2475,-1,2440,2475,2476,-1,2440,2476,2477,-1,2440,2477,2478,-1,2440,2478,2479,-1,2440,2479,2480,-1,2442,2443,2467,-1,
  2442,2467,2468,-1,2442,2468,2469,-1,2442,2469,2470,-1,2442,2470,2471,-1,2442,2471,2472,-1,2442,2472,2473,-1,2442,2473,2474,-1,2442,2474,2441,-1,
  2444,2435,2464,-1,2444,2464,2465,-1,2444,2465,2466,-1,2444,2466,2467,-1,2444,2467,2443,-1,2453,2454,2455,-1,2453,2455,2452,-1,2517,2518,2505,-1,
  2505,2518,2519,-1,2505,2519,2534,-1,2534,2519,2520,-1,2534,2520,2533,-1,2533,2520,2521,-1,2533,2521,2532,-1,2532,2521,2522,-1,2532,2522,2531,-1,
  2531,2522,2523,-1,2531,2523,2530,-1,2530,2523,2524,-1,2530,2524,2529,-1,2529,2524,2525,-1,2529,2525,2528,-1,2528,2525,2526,-1,2528,2526,2527,-1,
  2516,2517,2505,-1,2516,2505,2506,-1,2516,2506,2507,-1,2516,2507,2508,-1,2516,2508,2515,-1,2508,2509,2513,-1,2508,2513,2514,-1,2508,2514,2515,-1,
  2510,2511,2512,-1,2510,2512,2513,-1,2510,2513,2509,-1,2541,2542,2540,-1,2540,2542,2543,-1,2540,2543,2539,-1,2539,2543,2544,-1,2539,2544,2545,-1,
  2535,2536,2546,-1,2546,2536,2537,-1,2546,2537,2545,-1,2545,2537,2538,-1,2545,2538,2539,-1,2546,2505,2534,-1,2546,2534,2535,-1,2552,2554,2551,-1,
  2551,2554,2555,-1,2551,2555,2550,-1,2550,2555,2556,-1,2550,2556,2549,-1,2549,2556,2557,-1,2549,2557,2548,-1,2548,2557,2558,-1,2548,2558,2547,-1,
  2593,2594,2601,-1,2601,2594,2595,-1,2601,2595,2600,-1,2600,2595,2596,-1,2600,2596,2599,-1,2599,2596,2597,-1,2599,2597,2598,-1,2593,2601,2602,-1,
  2593,2602,2603,-1,2593,2603,2604,-1,2593,2604,2605,-1,2593,2605,2606,-1,2593,2606,2608,-1,2593,2608,2609,-1,2593,2609,2610,-1,2593,2610,2611,-1,
  2593,2611,2592,-1,2592,2611,2612,-1,2592,2612,2613,-1,2592,2613,2614,-1,2592,2614,2591,-1,2590,2591,2614,-1,2590,2614,2615,-1,2590,2615,2616,-1,
  2590,2616,2617,-1,2590,2617,2618,-1,2590,2618,2619,-1,2590,2619,2620,-1,2590,2620,2621,-1,2590,2621,2589,-1,2588,2589,2621,-1,2588,2621,2622,-1,
  2588,2622,2623,-1,2588,2623,2624,-1,2588,2624,2587,-1,2559,2560,2578,-1,2559,2578,2579,-1,2559,2579,2586,-1,2559,2586,2587,-1,2559,2587,2624,-1,
  2579,2580,2585,-1,2585,2580,2581,-1,2585,2581,2584,-1,2584,2581,2582,-1,2584,2582,2583,-1,2578,2560,2577,-1,2577,2560,2561,-1,2577,2561,2576,-1,
  2576,2561,2562,-1,2576,2562,2575,-1,2575,2562,2563,-1,2575,2563,2574,-1,2574,2563,2564,-1,2574,2564,2573,-1,2573,2564,2565,-1,2573,2565,2572,-1,
  2572,2565,2567,-1,2572,2567,2570,-1,2570,2567,2568,-1,2570,2568,2569,-1,2672,2673,2628,-1,2628,2673,2674,-1,2628,2674,2627,-1,2627,2674,2687,-1,
  2627,2687,2626,-1,2626,2687,2694,-1,2626,2694,2645,-1,2645,2694,2635,-1,2645,2635,2642,-1,2642,2635,2641,-1,2635,2636,2639,-1,2635,2639,2640,-1,
  2635,2640,2641,-1,2637,2638,2639,-1,2637,2639,2636,-1,2678,2679,2685,-1,2685,2679,2680,-1,2685,2680,2684,-1,2684,2680,2682,-1,2684,2682,2683,-1,
  2677,2678,2685,-1,2677,2685,2686,-1,2677,2686,2687,-1,2677,2687,2676,-1,2687,2674,2675,-1,2687,2675,2676,-1,2626,2645,2647,-1,2626,2647,2648,-1,
  2626,2648,2649,-1,2626,2649,2650,-1,2626,2650,2651,-1,2626,2651,2652,-1,2626,2652,2653,-1,2626,2653,2625,-1,2690,2692,2689,-1,2689,2692,2693,-1,
  2689,2693,2688,-1,2688,2693,2694,-1,2688,2694,2687,-1,2671,2672,2628,-1,2671,2628,2629,-1,2671,2629,2630,-1,2671,2630,2670,-1,2630,2631,2664,-1,
  2630,2664,2665,-1,2630,2665,2666,-1,2630,2666,2667,-1,2630,2667,2668,-1,2630,2668,2669,-1,2630,2669,2670,-1,2632,2633,2657,-1,2632,2657,2658,-1,
  2632,2658,2659,-1,2632,2659,2660,-1,2632,2660,2661,-1,2632,2661,2662,-1,2632,2662,2663,-1,2632,2663,2664,-1,2632,2664,2631,-1,2634,2625,2654,-1,
  2634,2654,2655,-1,2634,2655,2656,-1,2634,2656,2657,-1,2634,2657,2633,-1,2643,2644,2645,-1,2643,2645,2642,-1,2722,2695,2714,-1,2714,2695,2696,-1,
  2714,2696,2713,-1,2713,2696,2697,-1,2713,2697,2712,-1,2712,2697,2698,-1,2712,2698,2711,-1,2711,2698,2699,-1,2711,2699,2710,-1,2710,2699,2700,-1,
  2710,2700,2709,-1,2709,2700,2701,-1,2709,2701,2708,-1,2708,2701,2703,-1,2708,2703,2706,-1,2706,2703,2704,-1,2706,2704,2705,-1,2714,2715,2722,-1,
  2722,2715,2716,-1,2722,2716,2721,-1,2721,2716,2717,-1,2721,2717,2720,-1,2720,2717,2718,-1,2720,2718,2719,-1,2723,2724,2758,-1,2723,2758,2759,-1,
  2723,2759,2760,-1,2723,2760,2695,-1,2723,2695,2722,-1,2725,2726,2751,-1,2725,2751,2752,-1,2725,2752,2753,-1,2725,2753,2754,-1,2725,2754,2755,-1,
  2725,2755,2756,-1,2725,2756,2757,-1,2725,2757,2758,-1,2725,2758,2724,-1,2727,2728,2748,-1,2727,2748,2749,-1,2727,2749,2750,-1,2727,2750,2751,-1,
  2727,2751,2726,-1,2728,2729,2740,-1,2728,2740,2741,-1,2728,2741,2742,-1,2728,2742,2743,-1,2728,2743,2744,-1,2728,2744,2745,-1,2728,2745,2746,-1,
  2728,2746,2747,-1,2728,2747,2748,-1,2738,2739,2740,-1,2738,2740,2729,-1,2738,2729,2730,-1,2738,2730,2737,-1,2733,2735,2732,-1,2732,2735,2736,-1,
  2732,2736,2731,-1,2731,2736,2737,-1,2731,2737,2730,-1,2795,2796,2803,-1,2803,2796,2797,-1,2803,2797,2802,-1,2802,2797,2798,-1,2802,2798,2801,-1,
  2801,2798,2799,-1,2801,2799,2800,-1,2795,2803,2804,-1,2795,2804,2805,-1,2795,2805,2806,-1,2795,2806,2807,-1,2795,2807,2808,-1,2795,2808,2810,-1,
  2795,2810,2811,-1,2795,2811,2812,-1,2795,2812,2813,-1,2795,2813,2794,-1,2794,2813,2814,-1,2794,2814,2815,-1,2794,2815,2816,-1,2794,2816,2793,-1,
  2792,2793,2816,-1,2792,2816,2817,-1,2792,2817,2818,-1,2792,2818,2819,-1,2792,2819,2820,-1,2792,2820,2821,-1,2792,2821,2822,-1,2792,2822,2823,-1,
  2792,2823,2791,-1,2790,2791,2823,-1,2790,2823,2824,-1,2790,2824,2825,-1,2790,2825,2826,-1,2790,2826,2789,-1,2761,2762,2780,-1,2761,2780,2781,-1,
  2761,2781,2788,-1,2761,2788,2789,-1,2761,2789,2826,-1,2904,2827,2846,-1,2846,2827,2828,-1,2846,2828,2845,-1,2845,2828,2829,-1,2845,2829,2844,-1,
  2844,2829,2830,-1,2844,2830,2843,-1,2843,2830,2831,-1,2843,2831,2842,-1,2842,2831,2832,-1,2842,2832,2841,-1,2841,2832,2833,-1,2841,2833,2840,-1,
  2840,2833,2835,-1,2840,2835,2838,-1,2838,2835,2836,-1,2838,2836,2837,-1,2904,2846,2847,-1,2904,2847,2848,-1,2904,2848,2849,-1,2904,2849,2923,-1,
  2922,2923,2849,-1,2922,2849,2850,-1,2922,2850,2851,-1,2922,2851,2852,-1,2922,2852,2921,-1,2921,2852,2853,-1,2921,2853,2854,-1,2921,2854,2855,-1,
  2921,2855,2920,-1,2919,2920,2855,-1,2919,2855,2856,-1,2919,2856,2857,-1,2919,2857,2858,-1,2919,2858,2918,-1,2918,2858,2859,-1,2918,2859,2860,-1,
  2918,2860,2861,-1,2918,2861,2917,-1,2916,2917,2861,-1,2916,2861,2862,-1,2916,2862,2863,-1,2916,2863,2864,-1,2916,2864,2915,-1,2865,2866,2885,-1,
  2865,2885,2886,-1,2865,2886,2914,-1,2865,2914,2915,-1,2865,2915,2864,-1,2781,2782,2787,-1,2787,2782,2783,-1,2787,2783,2786,-1,2786,2783,2784,-1,
  2786,2784,2785,-1,2780,2762,2779,-1,2779,2762,2763,-1,2779,2763,2778,-1,2778,2763,2764,-1,2778,2764,2777,-1,2777,2764,2765,-1,2777,2765,2776,-1,
  2776,2765,2766,-1,2776,2766,2775,-1,2775,2766,2767,-1,2775,2767,2774,-1,2774,2767,2769,-1,2774,2769,2772,-1,2772,2769,2770,-1,2772,2770,2771,-1,
  2885,2866,2884,-1,2884,2866,2867,-1,2884,2867,2883,-1,2883,2867,2868,-1,2883,2868,2882,-1,2882,2868,2869,-1,2882,2869,2881,-1,2881,2869,2870,-1,
  2881,2870,2880,-1,2880,2870,2871,-1,2880,2871,2879,-1,2879,2871,2873,-1,2879,2873,2877,-1,2877,2873,2874,-1,2877,2874,2875,-1,2905,2906,2901,-1,
  2905,2901,2902,-1,2905,2902,2903,-1,2905,2903,2827,-1,2905,2827,2904,-1,2907,2908,2898,-1,2907,2898,2899,-1,2907,2899,2900,-1,2907,2900,2901,-1,
  2907,2901,2906,-1,2908,2909,2895,-1,2908,2895,2896,-1,2908,2896,2897,-1,2908,2897,2898,-1,2910,2911,2892,-1,2910,2892,2893,-1,2910,2893,2894,-1,
  2910,2894,2895,-1,2910,2895,2909,-1,2911,2912,2889,-1,2911,2889,2890,-1,2911,2890,2891,-1,2911,2891,2892,-1,2913,2914,2886,-1,2913,2886,2887,-1,
  2913,2887,2888,-1,2913,2888,2889,-1,2913,2889,2912,-1,2973,2974,2985,-1,2973,2985,2986,-1,2973,2986,2987,-1,2973,2987,2988,-1,2973,2988,2989,-1,
  2973,2989,2990,-1,2973,2990,2972,-1,2970,2971,2967,-1,2967,2971,2972,-1,2967,2972,2966,-1,2966,2972,2990,-1,2966,2990,2965,-1,2965,2990,2991,-1,
  2965,2991,2992,-1,2993,2994,2964,-1,2993,2964,2965,-1,2993,2965,2992,-1,2994,2995,2964,-1,2964,2995,2996,-1,2964,2996,2963,-1,2963,2996,2997,-1,
  2963,2997,2998,-1,2999,3000,2961,-1,2999,2961,2962,-1,2999,2962,2963,-1,2999,2963,2998,-1,3000,3001,2961,-1,2961,3001,3002,-1,2961,3002,2960,-1,
  2960,3002,3003,-1,2960,3003,3004,-1,3005,3006,2959,-1,3005,2959,2960,-1,3005,2960,3004,-1,2957,2958,3008,-1,3008,2958,2959,-1,3008,2959,3007,-1,
  3007,2959,3006,-1,3009,3010,2938,-1,3009,2938,2939,-1,3009,2939,2956,-1,3009,2956,2957,-1,3009,2957,3008,-1,2968,2969,2970,-1,2968,2970,2967,-1,
  2943,2944,2949,-1,2949,2944,2945,-1,2949,2945,2948,-1,2948,2945,2946,-1,2948,2946,2947,-1,2943,2949,2950,-1,2943,2950,2951,-1,2943,2951,2952,-1,
  2943,2952,2953,-1,2943,2953,2954,-1,2943,2954,2942,-1,2955,2956,2939,-1,2955,2939,2940,-1,2955,2941,2942,-1,2955,2942,2954,-1,2938,3010,2937,-1,
  2937,3010,3011,-1,2937,3011,2936,-1,2936,3011,3012,-1,2936,3012,2935,-1,2935,3012,3013,-1,2935,3013,2924,-1,2935,2924,2933,-1,2933,2924,2925,-1,
  2933,2925,2932,-1,2932,2925,2926,-1,2932,2926,2931,-1,2931,2926,2927,-1,2931,2927,2930,-1,2930,2927,2928,-1,2930,2928,2929,-1,3078,3079,3080,-1,
  3078,3080,3081,-1,3078,3081,3095,-1,3078,3095,3077,-1,3063,3066,3062,-1,3062,3066,3068,-1,3062,3068,3060,-1,3060,3068,3069,-1,3060,3069,3059,-1,
  3059,3069,3070,-1,3059,3070,3058,-1,3058,3070,3071,-1,3058,3071,3057,-1,3057,3071,3072,-1,3057,3072,3056,-1,3056,3072,3073,-1,3056,3073,3055,-1,
  3055,3073,3074,-1,3055,3074,3054,-1,3054,3074,3101,-1,3054,3101,3123,-1,3123,3101,3102,-1,3123,3102,3103,-1,3064,3065,3066,-1,3064,3066,3063,-1,
  3023,3025,3022,-1,3022,3025,3027,-1,3022,3027,3020,-1,3020,3027,3028,-1,3020,3028,3019,-1,3019,3028,3029,-1,3019,3029,3018,-1,3018,3029,3030,-1,
  3018,3030,3017,-1,3017,3030,3031,-1,3017,3031,3016,-1,3016,3031,3032,-1,3016,3032,3015,-1,3015,3032,3033,-1,3015,3033,3014,-1,3014,3033,3114,-1,
  3014,3114,3115,-1,3115,3116,3111,-1,3115,3111,3112,-1,3115,3112,3113,-1,3115,3113,3014,-1,3117,3118,3104,-1,3117,3104,3105,-1,3117,3105,3106,-1,
  3117,3106,3107,-1,3117,3107,3108,-1,3117,3108,3109,-1,3117,3109,3110,-1,3117,3110,3111,-1,3117,3111,3116,-1,3119,3120,3103,-1,3119,3103,3104,-1,
  3119,3104,3118,-1,3103,3120,3121,-1,3103,3121,3122,-1,3103,3122,3123,-1,3086,3087,3088,-1,3086,3088,3083,-1,3086,3083,3084,-1,3086,3084,3085,-1,
  3216,3217,3189,-1,3189,3217,3168,-1,3189,3168,3188,-1,3188,3168,3169,-1,3188,3169,3187,-1,3187,3169,3170,-1,3187,3170,3186,-1,3186,3170,3171,-1,
  3186,3171,3185,-1,3185,3171,3172,-1,3185,3172,3184,-1,3184,3172,3173,-1,3184,3173,3183,-1,3183,3173,3174,-1,3183,3174,3182,-1,3182,3174,3176,-1,
  3182,3176,3180,-1,3180,3176,3177,-1,3180,3177,3178,-1,3139,3141,3138,-1,3138,3141,3143,-1,3138,3143,3136,-1,3136,3143,3144,-1,3136,3144,3135,-1,
  3135,3144,3145,-1,3135,3145,3134,-1,3134,3145,3146,-1,3134,3146,3133,-1,3133,3146,3147,-1,3133,3147,3132,-1,3132,3147,3148,-1,3132,3148,3131,-1,
  3131,3148,3149,-1,3131,3149,3130,-1,3130,3149,3207,-1,3130,3207,3208,-1,3208,3209,3204,-1,3208,3204,3205,-1,3208,3205,3206,-1,3208,3206,3130,-1,
  3210,3211,3201,-1,3210,3201,3202,-1,3210,3202,3203,-1,3210,3203,3204,-1,3210,3204,3209,-1,3211,3212,3198,-1,3211,3198,3199,-1,3211,3199,3200,-1,
  3211,3200,3201,-1,3213,3214,3195,-1,3213,3195,3196,-1,3213,3196,3197,-1,3213,3197,3198,-1,3213,3198,3212,-1,3214,3215,3192,-1,3214,3192,3193,-1,
  3214,3193,3194,-1,3214,3194,3195,-1,3216,3189,3190,-1,3216,3190,3191,-1,3216,3191,3192,-1,3216,3192,3215,-1,3207,3149,3150,-1,3207,3150,3151,-1,
  3207,3151,3152,-1,3207,3152,3226,-1,3225,3226,3152,-1,3225,3152,3153,-1,3225,3153,3154,-1,3225,3154,3155,-1,3225,3155,3224,-1,3224,3155,3156,-1,
  3224,3156,3157,-1,3224,3157,3158,-1,3224,3158,3223,-1,3222,3223,3158,-1,3222,3158,3159,-1,3222,3159,3160,-1,3222,3160,3161,-1,3222,3161,3221,-1,
  3221,3161,3162,-1,3221,3162,3163,-1,3221,3163,3164,-1,3221,3164,3220,-1,3219,3220,3164,-1,3219,3164,3165,-1,3219,3165,3166,-1,3219,3166,3167,-1,
  3219,3167,3218,-1,3218,3167,3168,-1,3218,3168,3217,-1,3114,3033,3034,-1,3114,3034,3035,-1,3114,3035,3036,-1,3114,3036,3129,-1,3128,3129,3036,-1,
  3128,3036,3037,-1,3128,3037,3038,-1,3128,3038,3039,-1,3128,3039,3040,-1,3128,3040,3041,-1,3128,3041,3042,-1,3128,3042,3043,-1,3128,3043,3127,-1,
  3126,3127,3043,-1,3126,3043,3044,-1,3126,3044,3045,-1,3126,3045,3046,-1,3126,3046,3047,-1,3126,3047,3048,-1,3126,3048,3049,-1,3126,3049,3050,-1,
  3126,3050,3125,-1,3124,3125,3050,-1,3124,3050,3051,-1,3124,3051,3052,-1,3124,3052,3053,-1,3124,3053,3123,-1,3075,3076,3098,-1,3075,3098,3099,-1,
  3075,3099,3100,-1,3075,3100,3101,-1,3075,3101,3074,-1,3077,3095,3096,-1,3077,3096,3097,-1,3077,3097,3098,-1,3077,3098,3076,-1,3081,3082,3092,-1,
  3081,3092,3093,-1,3081,3093,3094,-1,3081,3094,3095,-1,3088,3089,3083,-1,3083,3089,3090,-1,3083,3090,3082,-1,3082,3090,3091,-1,3082,3091,3092,-1,
  3232,3234,3231,-1,3231,3234,3235,-1,3231,3235,3230,-1,3230,3235,3236,-1,3230,3236,3229,-1,3229,3236,3237,-1,3229,3237,3228,-1,3228,3237,3238,-1,
  3228,3238,3227,-1,3247,3248,3243,-1,3247,3243,3244,-1,3247,3244,3245,-1,3247,3245,3246,-1,3278,3279,3248,-1,3248,3279,3280,-1,3248,3280,3243,-1,
  3243,3280,3281,-1,3243,3281,3242,-1,3242,3281,3282,-1,3242,3282,3241,-1,3241,3282,3283,-1,3241,3283,3240,-1,3240,3283,3284,-1,3240,3284,3239,-1,
  3239,3284,3286,-1,3239,3286,3289,-1,3289,3286,3287,-1,3289,3287,3288,-1,3372,3291,3310,-1,3310,3291,3292,-1,3310,3292,3309,-1,3309,3292,3293,-1,
  3309,3293,3308,-1,3308,3293,3294,-1,3308,3294,3307,-1,3307,3294,3295,-1,3307,3295,3306,-1,3306,3295,3296,-1,3306,3296,3305,-1,3305,3296,3297,-1,
  3305,3297,3304,-1,3304,3297,3299,-1,3304,3299,3302,-1,3302,3299,3300,-1,3302,3300,3301,-1,2975,2976,2983,-1,2983,2976,2977,-1,2983,2977,2982,-1,
  2982,2977,2979,-1,2982,2979,2981,-1,2981,2979,2980,-1,2974,2975,2983,-1,2974,2983,2984,-1,2974,2984,2985,-1,3372,3310,3311,-1,3372,3311,3312,-1,
  3372,3312,3313,-1,3372,3313,3387,-1,3386,3387,3313,-1,3386,3313,3314,-1,3386,3314,3315,-1,3386,3315,3316,-1,3386,3316,3317,-1,3386,3317,3318,-1,
  3386,3318,3319,-1,3386,3319,3320,-1,3386,3320,3385,-1,3384,3385,3320,-1,3384,3320,3321,-1,3384,3321,3322,-1,3384,3322,3323,-1,3384,3323,3324,-1,
  3384,3324,3325,-1,3384,3325,3326,-1,3384,3326,3327,-1,3384,3327,3383,-1,3382,3383,3327,-1,3382,3327,3328,-1,3382,3328,3329,-1,3382,3329,3330,-1,
  3382,3330,3381,-1,3331,3332,3351,-1,3331,3351,3352,-1,3331,3352,3380,-1,3331,3380,3381,-1,3331,3381,3330,-1,3248,3249,3255,-1,3248,3255,3256,-1,
  3248,3256,3257,-1,3248,3257,3274,-1,3248,3274,3275,-1,3248,3275,3276,-1,3248,3276,3277,-1,3248,3277,3278,-1,3255,3249,3254,-1,3254,3249,3250,-1,
  3254,3250,3253,-1,3253,3250,3251,-1,3253,3251,3252,-1,3272,3273,3259,-1,3259,3273,3274,-1,3259,3274,3258,-1,3258,3274,3257,-1,3259,3260,3267,-1,
  3259,3267,3268,-1,3259,3268,3269,-1,3259,3269,3270,-1,3259,3270,3271,-1,3259,3271,3272,-1,3263,3265,3262,-1,3262,3265,3266,-1,3262,3266,3261,-1,
  3261,3266,3267,-1,3261,3267,3260,-1,3351,3332,3350,-1,3350,3332,3333,-1,3350,3333,3349,-1,3349,3333,3334,-1,3349,3334,3348,-1,3348,3334,3335,-1,
  3348,3335,3347,-1,3347,3335,3336,-1,3347,3336,3346,-1,3346,3336,3337,-1,3346,3337,3345,-1,3345,3337,3339,-1,3345,3339,3343,-1,3343,3339,3340,-1,
  3343,3340,3341,-1,3373,3374,3369,-1,3373,3369,3370,-1,3373,3370,3371,-1,3373,3371,3291,-1,3373,3291,3372,-1,3375,3376,3362,-1,3375,3362,3363,-1,
  3375,3363,3364,-1,3375,3364,3365,-1,3375,3365,3366,-1,3375,3366,3367,-1,3375,3367,3368,-1,3375,3368,3369,-1,3375,3369,3374,-1,3377,3378,3355,-1,
  3377,3355,3356,-1,3377,3356,3357,-1,3377,3357,3358,-1,3377,3358,3359,-1,3377,3359,3360,-1,3377,3360,3361,-1,3377,3361,3362,-1,3377,3362,3376,-1,
  3379,3380,3352,-1,3379,3352,3353,-1,3379,3353,3354,-1,3379,3354,3355,-1,3379,3355,3378,-1,3390,3416,3389,-1,3389,3416,3417,-1,3389,3417,3388,-1,
  3388,3417,3419,-1,3388,3419,3420,-1,3473,3474,3489,-1,3489,3474,3475,-1,3489,3475,3488,-1,3488,3475,3476,-1,3488,3476,3487,-1,3487,3476,3477,-1,
  3487,3477,3486,-1,3486,3477,3478,-1,3486,3478,3485,-1,3485,3478,3480,-1,3485,3480,3483,-1,3483,3480,3481,-1,3483,3481,3482,-1,3501,3502,3430,-1,
  3430,3502,3503,-1,3430,3503,3425,-1,3425,3503,3504,-1,3425,3504,3424,-1,3424,3504,3505,-1,3424,3505,3423,-1,3423,3505,3506,-1,3423,3506,3422,-1,
  3422,3506,3507,-1,3422,3507,3421,-1,3421,3507,3509,-1,3421,3509,3512,-1,3512,3509,3510,-1,3512,3510,3511,-1,3430,3431,3437,-1,3430,3437,3438,-1,
  3430,3438,3439,-1,3430,3439,3496,-1,3430,3496,3497,-1,3430,3497,3498,-1,3430,3498,3499,-1,3430,3499,3500,-1,3430,3500,3501,-1,3437,3431,3436,-1,
  3436,3431,3432,-1,3436,3432,3435,-1,3435,3432,3433,-1,3435,3433,3434,-1,3469,3470,3493,-1,3493,3470,3471,-1,3493,3471,3492,-1,3492,3471,3472,-1,
  3492,3472,3491,-1,3491,3472,3473,-1,3491,3473,3490,-1,3490,3473,3489,-1,3493,3494,3469,-1,3469,3494,3495,-1,3469,3495,3468,-1,3468,3495,3496,-1,
  3468,3496,3439,-1,3445,3447,3444,-1,3444,3447,3448,-1,3444,3448,3443,-1,3443,3448,3449,-1,3443,3449,3442,-1,3442,3449,3450,-1,3442,3450,3441,-1,
  3441,3450,3451,-1,3441,3451,3440,-1,3440,3451,3468,-1,3440,3468,3439,-1,3466,3467,3453,-1,3453,3467,3468,-1,3453,3468,3452,-1,3452,3468,3451,-1,
  3453,3454,3461,-1,3453,3461,3462,-1,3453,3462,3463,-1,3453,3463,3464,-1,3453,3464,3465,-1,3453,3465,3466,-1,3457,3459,3456,-1,3456,3459,3460,-1,
  3456,3460,3455,-1,3455,3460,3461,-1,3455,3461,3454,-1,3391,3392,3415,-1,3391,3415,3416,-1,3391,3416,3390,-1,3392,3393,3415,-1,3415,3393,3394,-1,
  3415,3394,3414,-1,3414,3394,3395,-1,3414,3395,3413,-1,3413,3395,3411,-1,3413,3411,3412,-1,3395,3396,3401,-1,3401,3396,3397,-1,3401,3397,3400,-1,
  3400,3397,3398,-1,3400,3398,3399,-1,3408,3409,3401,-1,3401,3409,3410,-1,3401,3410,3395,-1,3395,3410,3411,-1,3404,3406,3403,-1,3403,3406,3407,-1,
  3403,3407,3402,-1,3402,3407,3408,-1,3402,3408,3401,-1,3429,3430,3425,-1,3429,3425,3426,-1,3429,3426,3427,-1,3429,3427,3428,-1,3530,3531,3532,-1,
  3530,3532,3533,-1,3530,3533,3547,-1,3530,3547,3548,-1,3530,3548,3529,-1,3588,3590,3587,-1,3587,3590,3592,-1,3587,3592,3585,-1,3585,3592,3593,-1,
  3585,3593,3584,-1,3584,3593,3594,-1,3584,3594,3583,-1,3583,3594,3595,-1,3583,3595,3582,-1,3582,3595,3596,-1,3582,3596,3581,-1,3581,3596,3597,-1,
  3581,3597,3580,-1,3580,3597,3598,-1,3580,3598,3579,-1,3579,3598,3570,-1,3579,3570,3571,-1,3573,3576,3572,-1,3572,3576,3577,-1,3572,3577,3571,-1,
  3571,3577,3578,-1,3571,3578,3579,-1,3574,3575,3576,-1,3574,3576,3573,-1,3559,3560,3553,-1,3559,3553,3554,-1,3559,3554,3555,-1,3559,3555,3556,-1,
  3559,3556,3558,-1,3560,3561,3548,-1,3560,3548,3549,-1,3560,3549,3550,-1,3560,3550,3551,-1,3560,3551,3552,-1,3560,3552,3553,-1,3562,3563,3619,-1,
  3562,3619,3620,-1,3562,3620,3514,-1,3562,3514,3529,-1,3562,3529,3548,-1,3562,3548,3561,-1,3544,3545,3534,-1,3534,3545,3546,-1,3534,3546,3533,-1,
  3533,3546,3547,-1,3540,3541,3535,-1,3535,3541,3542,-1,3535,3542,3534,-1,3534,3542,3543,-1,3534,3543,3544,-1,3538,3539,3540,-1,3538,3540,3535,-1,
  3538,3535,3536,-1,3538,3536,3537,-1,3521,3523,3520,-1,3520,3523,3525,-1,3520,3525,3518,-1,3518,3525,3526,-1,3518,3526,3517,-1,3517,3526,3527,-1,
  3517,3527,3516,-1,3516,3527,3528,-1,3516,3528,3515,-1,3515,3528,3529,-1,3515,3529,3514,-1,3779,3788,3807,-1,3807,3788,3789,-1,3807,3789,3806,-1,
  3806,3789,3790,-1,3806,3790,3805,-1,3805,3790,3791,-1,3805,3791,3804,-1,3804,3791,3792,-1,3804,3792,3803,-1,3803,3792,3793,-1,3803,3793,3802,-1,
  3802,3793,3794,-1,3802,3794,3801,-1,3801,3794,3796,-1,3801,3796,3799,-1,3799,3796,3797,-1,3799,3797,3798,-1,3779,3807,3808,-1,3779,3808,3809,-1,
  3779,3809,3810,-1,3779,3810,3778,-1,3777,3778,3810,-1,3777,3810,3811,-1,3777,3811,3812,-1,3777,3812,3813,-1,3777,3813,3814,-1,3777,3814,3815,-1,
  3777,3815,3816,-1,3777,3816,3817,-1,3777,3817,3776,-1,3775,3776,3817,-1,3775,3817,3818,-1,3775,3818,3819,-1,3775,3819,3820,-1,3775,3820,3821,-1,
  3775,3821,3822,-1,3775,3822,3823,-1,3775,3823,3824,-1,3775,3824,3774,-1,3773,3774,3824,-1,3773,3824,3825,-1,3773,3825,3826,-1,3773,3826,3827,-1,
  3773,3827,3772,-1,3772,3827,3766,-1,3772,3766,3767,-1,3772,3767,3768,-1,3772,3768,3770,-1,3772,3770,3771,-1,3827,3828,3763,-1,3827,3763,3764,-1,
  3827,3764,3765,-1,3827,3765,3766,-1,3761,3762,3830,-1,3830,3762,3763,-1,3830,3763,3829,-1,3829,3763,3828,-1,3830,3831,3757,-1,3830,3757,3758,-1,
  3830,3758,3759,-1,3830,3759,3760,-1,3830,3760,3761,-1,3757,3831,3832,-1,3757,3832,3833,-1,3757,3833,3730,-1,3757,3730,3732,-1,3757,3732,3733,-1,
  3757,3733,3734,-1,3757,3734,3756,-1,3754,3755,3756,-1,3754,3756,3735,-1,3754,3735,3736,-1,3754,3736,3737,-1,3754,3737,3753,-1,3753,3737,3738,-1,
  3753,3738,3739,-1,3753,3739,3740,-1,3753,3740,3741,-1,3753,3741,3752,-1,3752,3741,3742,-1,3752,3742,3743,-1,3752,3743,3744,-1,3752,3744,3745,-1,
  3752,3745,3751,-1,3751,3745,3746,-1,3751,3746,3748,-1,3751,3748,3749,-1,3751,3749,3750,-1,3570,3598,3599,-1,3570,3599,3600,-1,3570,3600,3601,-1,
  3570,3601,3569,-1,3568,3569,3601,-1,3568,3601,3602,-1,3568,3602,3603,-1,3568,3603,3604,-1,3568,3604,3605,-1,3568,3605,3606,-1,3568,3606,3607,-1,
  3568,3607,3608,-1,3568,3608,3567,-1,3566,3567,3608,-1,3566,3608,3609,-1,3566,3609,3610,-1,3566,3610,3611,-1,3566,3611,3612,-1,3566,3612,3613,-1,
  3566,3613,3614,-1,3566,3614,3615,-1,3566,3615,3565,-1,3564,3565,3615,-1,3564,3615,3616,-1,3564,3616,3617,-1,3564,3617,3618,-1,3564,3618,3563,-1,
  3626,3628,3625,-1,3625,3628,3629,-1,3625,3629,3624,-1,3624,3629,3630,-1,3624,3630,3623,-1,3623,3630,3631,-1,3623,3631,3622,-1,3622,3631,3632,-1,
  3622,3632,3621,-1,3714,3633,3652,-1,3652,3633,3634,-1,3652,3634,3651,-1,3651,3634,3635,-1,3651,3635,3650,-1,3650,3635,3636,-1,3650,3636,3649,-1,
  3649,3636,3637,-1,3649,3637,3648,-1,3648,3637,3638,-1,3648,3638,3647,-1,3647,3638,3639,-1,3647,3639,3646,-1,3646,3639,3641,-1,3646,3641,3644,-1,
  3644,3641,3642,-1,3644,3642,3643,-1,3729,3714,3652,-1,3729,3652,3653,-1,3729,3653,3654,-1,3729,3654,3655,-1,3729,3655,3656,-1,3729,3656,3657,-1,
  3729,3657,3658,-1,3729,3658,3659,-1,3729,3659,3728,-1,3728,3659,3660,-1,3728,3660,3661,-1,3728,3661,3662,-1,3728,3662,3727,-1,3726,3727,3662,-1,
  3726,3662,3663,-1,3726,3663,3664,-1,3726,3664,3665,-1,3726,3665,3725,-1,3725,3665,3666,-1,3725,3666,3667,-1,3725,3667,3668,-1,3725,3668,3669,-1,
  3725,3669,3670,-1,3725,3670,3671,-1,3725,3671,3672,-1,3725,3672,3724,-1,3724,3672,3723,-1,3723,3672,3673,-1,3723,3673,3722,-1,3722,3673,3693,-1,
  3722,3693,3694,-1,3682,3685,3681,-1,3681,3685,3687,-1,3681,3687,3679,-1,3679,3687,3688,-1,3679,3688,3678,-1,3678,3688,3689,-1,3678,3689,3677,-1,
  3677,3689,3690,-1,3677,3690,3676,-1,3676,3690,3691,-1,3676,3691,3675,-1,3675,3691,3692,-1,3675,3692,3674,-1,3674,3692,3693,-1,3674,3693,3673,-1,
  3683,3684,3685,-1,3683,3685,3682,-1,3712,3713,3716,-1,3716,3713,3633,-1,3716,3633,3715,-1,3715,3633,3714,-1,3716,3717,3707,-1,3716,3707,3708,-1,
  3716,3708,3709,-1,3716,3709,3710,-1,3716,3710,3711,-1,3716,3711,3712,-1,3717,3718,3704,-1,3717,3704,3705,-1,3717,3705,3706,-1,3717,3706,3707,-1,
  3719,3720,3701,-1,3719,3701,3702,-1,3719,3702,3703,-1,3719,3703,3704,-1,3719,3704,3718,-1,3720,3721,3694,-1,3720,3694,3695,-1,3720,3695,3696,-1,
  3720,3696,3697,-1,3720,3697,3698,-1,3720,3698,3699,-1,3720,3699,3700,-1,3720,3700,3701,-1,3780,3781,3786,-1,3780,3786,3787,-1,3780,3787,3788,-1,
  3780,3788,3779,-1,3785,3786,3781,-1,3785,3781,3782,-1,3785,3782,3783,-1,3785,3783,3784,-1,3834,3835,3867,-1,3834,3867,3868,-1,3834,3868,3869,-1,
  3836,3837,3860,-1,3836,3860,3861,-1,3836,3861,3862,-1,3836,3862,3863,-1,3836,3863,3865,-1,3836,3865,3866,-1,3836,3866,3867,-1,3836,3867,3835,-1,
  3860,3837,3838,-1,3860,3838,3839,-1,3860,3839,3840,-1,3860,3840,3841,-1,3860,3841,3859,-1,3841,3842,3853,-1,3841,3853,3854,-1,3841,3854,3855,-1,
  3841,3855,3856,-1,3841,3856,3857,-1,3841,3857,3858,-1,3841,3858,3859,-1,3842,3843,3850,-1,3842,3850,3851,-1,3842,3851,3852,-1,3842,3852,3853,-1,
  3846,3848,3845,-1,3845,3848,3849,-1,3845,3849,3844,-1,3844,3849,3850,-1,3844,3850,3843,-1,3872,3873,3932,-1,3872,3932,3933,-1,3872,3933,3870,-1,
  3872,3870,3871,-1,3930,3931,3875,-1,3875,3931,3932,-1,3875,3932,3874,-1,3874,3932,3873,-1,3876,3877,3928,-1,3876,3928,3929,-1,3876,3929,3930,-1,
  3876,3930,3875,-1,3910,3925,3878,-1,3878,3925,3926,-1,3878,3926,3877,-1,3877,3926,3927,-1,3877,3927,3928,-1,3910,3878,3879,-1,3910,3879,3880,-1,
  3910,3880,3881,-1,3910,3881,3909,-1,3908,3909,3881,-1,3908,3881,3882,-1,3908,3882,3883,-1,3908,3883,3884,-1,3908,3884,3885,-1,3908,3885,3886,-1,
  3908,3886,3887,-1,3908,3887,3888,-1,3908,3888,3907,-1,3906,3907,3888,-1,3906,3888,3889,-1,3906,3889,3890,-1,3906,3890,3891,-1,3906,3891,3892,-1,
  3906,3892,3893,-1,3906,3893,3894,-1,3906,3894,3895,-1,3906,3895,3905,-1,3905,3895,3904,-1,3904,3895,3896,-1,3904,3896,3903,-1,3903,3896,3897,-1,
  3903,3897,3898,-1,3902,3903,3898,-1,3902,3898,3899,-1,3902,3899,3900,-1,3902,3900,3901,-1,3870,3933,3934,-1,3870,3934,3935,-1,3910,3911,3925,-1,
  3925,3911,3912,-1,3925,3912,3924,-1,3924,3912,3917,-1,3924,3917,3918,-1,3916,3917,3912,-1,3916,3912,3913,-1,3916,3913,3914,-1,3916,3914,3915,-1,
  3924,3918,3923,-1,3923,3918,3919,-1,3923,3919,3922,-1,3922,3919,3920,-1,3922,3920,3921,-1,3951,3955,3950,-1,3950,3955,3956,-1,3950,3956,3949,-1,
  3949,3956,3957,-1,3949,3957,3948,-1,3948,3957,3969,-1,3948,3969,3939,-1,3939,3969,3966,-1,3939,3966,3938,-1,3938,3966,3967,-1,3938,3967,3937,-1,
  3937,3967,3965,-1,3937,3965,3936,-1,3936,3965,3961,-1,3936,3961,3947,-1,3947,3961,3958,-1,3947,3958,3940,-1,3940,3958,3959,-1,3940,3959,3963,-1,
  3963,3959,3960,-1,3963,3960,3962,-1,3962,3960,3961,-1,3962,3961,3965,-1,3947,3941,3946,-1,3946,3941,3942,-1,3946,3942,3945,-1,3945,3942,3943,-1,
  3945,3943,3944,-1,3947,3948,3939,-1,3947,3939,3936,-1,3940,3963,3964,-1,3940,3964,3965,-1,3940,3965,3968,-1,3940,3968,3969,-1,3940,3969,3957,-1,
  3955,3951,3952,-1,3955,3952,3953,-1,3955,3953,3954,-1,3977,3979,3976,-1,3976,3979,3980,-1,3976,3980,3975,-1,3975,3980,3981,-1,3975,3981,3974,-1,
  3974,3981,3982,-1,3974,3982,3973,-1,3973,3982,3983,-1,3973,3983,3972,-1,3972,3983,3984,-1,3972,3984,3971,-1,3971,3984,3985,-1,3971,3985,3970,-1,
  4311,4312,4313,-1,4311,4313,4110,-1,4311,4110,4111,-1,4311,4111,4112,-1,4311,4112,4309,-1,4311,4309,4310,-1,4251,4252,4253,-1,4251,4253,4141,-1,
  4251,4141,4143,-1,4251,4143,4144,-1,4251,4144,4145,-1,4251,4145,4147,-1,4251,4147,4149,-1,4251,4149,4151,-1,4251,4151,4152,-1,4251,4152,4153,-1,
  4251,4153,4250,-1,4162,4163,4161,-1,4161,4163,4249,-1,4161,4249,4159,-1,4159,4249,4157,-1,4159,4157,4158,-1,4120,4032,4119,-1,4119,4032,4033,-1,
  4119,4033,4118,-1,4118,4033,4116,-1,4118,4116,4117,-1,4107,4108,4114,-1,4114,4108,3986,-1,4114,3986,4113,-1,4113,3986,3987,-1,4113,3987,3989,-1,
  3989,3987,3988,-1,4114,4110,4318,-1,4114,4318,4319,-1,4114,4319,4320,-1,4114,4320,4244,-1,4114,4244,4245,-1,4114,4245,4246,-1,4114,4246,4247,-1,
  4114,4247,4187,-1,4114,4187,4188,-1,4114,4188,4189,-1,4114,4189,4190,-1,4114,4190,4191,-1,4114,4191,4192,-1,4114,4192,4193,-1,4114,4193,4194,-1,
  4114,4194,4195,-1,4114,4195,4196,-1,4114,4196,4197,-1,4114,4197,4198,-1,4114,4198,4199,-1,4114,4199,4073,-1,4114,4073,4075,-1,4114,4075,4076,-1,
  4114,4076,4077,-1,4114,4077,4078,-1,4114,4078,4079,-1,4114,4079,4080,-1,4114,4080,4081,-1,4114,4081,4082,-1,4114,4082,4083,-1,4114,4083,4084,-1,
  4114,4084,4085,-1,4114,4085,4086,-1,4114,4086,4087,-1,4114,4087,4088,-1,4114,4088,4089,-1,4114,4089,4090,-1,4114,4090,4091,-1,4114,4091,4092,-1,
  4114,4092,4093,-1,4114,4093,4094,-1,4114,4094,4095,-1,4114,4095,4096,-1,4114,4096,4097,-1,4114,4097,4098,-1,4114,4098,4099,-1,4114,4099,4100,-1,
  4114,4100,4101,-1,4114,4101,4102,-1,4114,4102,4103,-1,4114,4103,4104,-1,4114,4104,4105,-1,4114,4105,4106,-1,4114,4106,4107,-1,4071,4072,4073,-1,
  4071,4073,4199,-1,4071,4199,4200,-1,4071,4200,4201,-1,4071,4201,4070,-1,4203,4204,4070,-1,4070,4204,4205,-1,4070,4205,4069,-1,4069,4205,4067,-1,
  4069,4067,4068,-1,4115,4034,4063,-1,4063,4034,4035,-1,4063,4035,4062,-1,4062,4035,4036,-1,4062,4036,4061,-1,4061,4036,4037,-1,4061,4037,4060,-1,
  4060,4037,4038,-1,4060,4038,4059,-1,4059,4038,4039,-1,4059,4039,4058,-1,4058,4039,4040,-1,4058,4040,4057,-1,4057,4040,4041,-1,4057,4041,4056,-1,
  4056,4041,4042,-1,4056,4042,4055,-1,4055,4042,4043,-1,4055,4043,4054,-1,4054,4043,4044,-1,4054,4044,4053,-1,4053,4044,4045,-1,4053,4045,4052,-1,
  4052,4045,4046,-1,4052,4046,4051,-1,4051,4046,4047,-1,4051,4047,4050,-1,4050,4047,4048,-1,4050,4048,4049,-1,4064,4065,4209,-1,4064,4209,4210,-1,
  4064,4210,4115,-1,4064,4115,4063,-1,4065,4066,4205,-1,4065,4205,4206,-1,4065,4206,4207,-1,4065,4207,4208,-1,4065,4208,4209,-1,4070,4201,4202,-1,
  4070,4202,4203,-1,4186,4187,4247,-1,4186,4247,4248,-1,4186,4248,4249,-1,4186,4249,4184,-1,4186,4184,4185,-1,4181,4182,4180,-1,4180,4182,4249,-1,
  4180,4249,4178,-1,4178,4249,4176,-1,4178,4176,4177,-1,4170,4171,4249,-1,4249,4171,4172,-1,4249,4172,4174,-1,4174,4172,4173,-1,4169,4170,4168,-1,
  4168,4170,4249,-1,4168,4249,4166,-1,4166,4249,4164,-1,4166,4164,4165,-1,4175,4176,4249,-1,4175,4249,4174,-1,4183,4184,4249,-1,4183,4249,4182,-1,
  4238,4239,4240,-1,4238,4240,4241,-1,4238,4241,4242,-1,4238,4242,4237,-1,4242,4243,4226,-1,4242,4226,4227,-1,4242,4227,4228,-1,4242,4228,4229,-1,
  4242,4229,4230,-1,4242,4230,4231,-1,4242,4231,4232,-1,4242,4232,4233,-1,4242,4233,4234,-1,4242,4234,4235,-1,4242,4235,4236,-1,4242,4236,4237,-1,
  4243,4244,4323,-1,4243,4323,4218,-1,4243,4218,4220,-1,4243,4220,4221,-1,4243,4221,4222,-1,4243,4222,4223,-1,4243,4223,4224,-1,4243,4224,4225,-1,
  4243,4225,4226,-1,4217,4218,4216,-1,4216,4218,4323,-1,4216,4323,4214,-1,4214,4323,4212,-1,4214,4212,4213,-1,4244,4320,4321,-1,4244,4321,4322,-1,
  4244,4322,4323,-1,4110,4313,4314,-1,4110,4314,4315,-1,4110,4315,4316,-1,4110,4316,4317,-1,4110,4317,4318,-1,4113,3989,3990,-1,4113,3990,3991,-1,
  4113,3991,3992,-1,4113,3992,3993,-1,4113,3993,3994,-1,4113,3994,3995,-1,4113,3995,3996,-1,4113,3996,3997,-1,4113,3997,3998,-1,4113,3998,3999,-1,
  4113,3999,4000,-1,4113,4000,4001,-1,4113,4001,4002,-1,4113,4002,4003,-1,4113,4003,4004,-1,4113,4004,4005,-1,4113,4005,4006,-1,4113,4006,4007,-1,
  4113,4007,4008,-1,4113,4008,4009,-1,4113,4009,4010,-1,4113,4010,4011,-1,4113,4011,4012,-1,4113,4012,4013,-1,4113,4013,4014,-1,4113,4014,4015,-1,
  4113,4015,4016,-1,4113,4016,4017,-1,4113,4017,4018,-1,4113,4018,4019,-1,4113,4019,4020,-1,4113,4020,4021,-1,4113,4021,4022,-1,4113,4022,4024,-1,
  4113,4024,4128,-1,4113,4128,4129,-1,4113,4129,4130,-1,4113,4130,4131,-1,4113,4131,4132,-1,4113,4132,4133,-1,4113,4133,4134,-1,4113,4134,4135,-1,
  4113,4135,4136,-1,4113,4136,4137,-1,4113,4137,4138,-1,4113,4138,4139,-1,4113,4139,4140,-1,4113,4140,4257,-1,4113,4257,4258,-1,4113,4258,4259,-1,
  4113,4259,4260,-1,4113,4260,4261,-1,4113,4261,4262,-1,4113,4262,4263,-1,4113,4263,4264,-1,4113,4264,4265,-1,4113,4265,4266,-1,4113,4266,4267,-1,
  4113,4267,4268,-1,4113,4268,4269,-1,4113,4269,4288,-1,4113,4288,4289,-1,4113,4289,4290,-1,4113,4290,4291,-1,4113,4291,4292,-1,4113,4292,4293,-1,
  4113,4293,4294,-1,4113,4294,4295,-1,4113,4295,4297,-1,4113,4297,4112,-1,4026,4027,4127,-1,4026,4127,4128,-1,4026,4128,4024,-1,4026,4024,4025,-1,
  4029,4030,4028,-1,4028,4030,4123,-1,4028,4123,4027,-1,4027,4123,4124,-1,4027,4124,4125,-1,4116,4033,4034,-1,4116,4034,4115,-1,4032,4120,4121,-1,
  4032,4121,4122,-1,4032,4122,4123,-1,4032,4123,4031,-1,4126,4127,4027,-1,4126,4027,4125,-1,4157,4249,4156,-1,4156,4249,4250,-1,4156,4250,4155,-1,
  4155,4250,4153,-1,4155,4153,4154,-1,4141,4253,4254,-1,4141,4254,4255,-1,4141,4255,4256,-1,4141,4256,4140,-1,4269,4270,4271,-1,4269,4271,4283,-1,
  4269,4283,4284,-1,4269,4284,4285,-1,4269,4285,4286,-1,4269,4286,4287,-1,4269,4287,4288,-1,4276,4277,4275,-1,4275,4277,4283,-1,4275,4283,4273,-1,
  4273,4283,4271,-1,4273,4271,4272,-1,4279,4280,4281,-1,4279,4281,4283,-1,4279,4283,4277,-1,4279,4277,4278,-1,4302,4303,4301,-1,4301,4303,4112,-1,
  4301,4112,4299,-1,4299,4112,4297,-1,4299,4297,4298,-1,4308,4309,4307,-1,4307,4309,4112,-1,4307,4112,4305,-1,4305,4112,4303,-1,4305,4303,4304,-1,
  4422,4325,4348,-1,4348,4325,4326,-1,4348,4326,4347,-1,4347,4326,4327,-1,4347,4327,4346,-1,4346,4327,4328,-1,4346,4328,4345,-1,4345,4328,4329,-1,
  4345,4329,4344,-1,4344,4329,4330,-1,4344,4330,4343,-1,4343,4330,4331,-1,4343,4331,4342,-1,4342,4331,4332,-1,4342,4332,4341,-1,4341,4332,4333,-1,
  4341,4333,4340,-1,4340,4333,4335,-1,4340,4335,4338,-1,4338,4335,4336,-1,4338,4336,4337,-1,4422,4348,4349,-1,4422,4349,4350,-1,4422,4350,4351,-1,
  4422,4351,4352,-1,4422,4352,4353,-1,4422,4353,4354,-1,4422,4354,4355,-1,4422,4355,4437,-1,4436,4437,4355,-1,4436,4355,4356,-1,4436,4356,4357,-1,
  4436,4357,4358,-1,4436,4358,4359,-1,4436,4359,4360,-1,4436,4360,4435,-1,4434,4435,4360,-1,4434,4360,4361,-1,4434,4361,4362,-1,4434,4362,4363,-1,
  4434,4363,4364,-1,4434,4364,4365,-1,4434,4365,4433,-1,4432,4433,4365,-1,4432,4365,4366,-1,4432,4366,4367,-1,4432,4367,4368,-1,4432,4368,4369,-1,
  4432,4369,4370,-1,4432,4370,4371,-1,4432,4371,4372,-1,4432,4372,4431,-1,4373,4374,4397,-1,4373,4397,4398,-1,4373,4398,4430,-1,4373,4430,4431,-1,
  4373,4431,4372,-1,4397,4374,4396,-1,4396,4374,4375,-1,4396,4375,4395,-1,4395,4375,4376,-1,4395,4376,4394,-1,4394,4376,4377,-1,4394,4377,4393,-1,
  4393,4377,4378,-1,4393,4378,4392,-1,4392,4378,4379,-1,4392,4379,4391,-1,4391,4379,4380,-1,4391,4380,4390,-1,4390,4380,4381,-1,4390,4381,4389,-1,
  4389,4381,4383,-1,4389,4383,4387,-1,4387,4383,4384,-1,4387,4384,4385,-1,4423,4424,4415,-1,4423,4415,4416,-1,4423,4416,4417,-1,4423,4417,4418,-1,
  4423,4418,4419,-1,4423,4419,4420,-1,4423,4420,4421,-1,4423,4421,4325,-1,4423,4325,4422,-1,4425,4426,4410,-1,4425,4410,4411,-1,4425,4411,4412,-1,
  4425,4412,4413,-1,4425,4413,4414,-1,4425,4414,4415,-1,4425,4415,4424,-1,4427,4428,4405,-1,4427,4405,4406,-1,4427,4406,4407,-1,4427,4407,4408,-1,
  4427,4408,4409,-1,4427,4409,4410,-1,4427,4410,4426,-1,4429,4430,4398,-1,4429,4398,4399,-1,4429,4399,4400,-1,4429,4400,4401,-1,4429,4401,4402,-1,
  4429,4402,4403,-1,4429,4403,4404,-1,4429,4404,4405,-1,4429,4405,4428,-1,4496,4538,4455,-1,4455,4538,4539,-1,4455,4539,4454,-1,4454,4539,4540,-1,
  4454,4540,4453,-1,4453,4540,4541,-1,4453,4541,4452,-1,4452,4541,4542,-1,4452,4542,4451,-1,4451,4542,4543,-1,4451,4543,4450,-1,4450,4543,4544,-1,
  4450,4544,4449,-1,4449,4544,4545,-1,4449,4545,4448,-1,4448,4545,4546,-1,4448,4546,4447,-1,4447,4546,4547,-1,4447,4547,4446,-1,4446,4547,4548,-1,
  4446,4548,4445,-1,4445,4548,4549,-1,4445,4549,4444,-1,4444,4549,4550,-1,4444,4550,4443,-1,4443,4550,4551,-1,4443,4551,4442,-1,4442,4551,4552,-1,
  4442,4552,4441,-1,4441,4552,4553,-1,4441,4553,4440,-1,4440,4553,4554,-1,4440,4554,4439,-1,4439,4554,4555,-1,4439,4555,4438,-1,4438,4555,4557,-1,
  4438,4557,4560,-1,4560,4557,4558,-1,4560,4558,4559,-1,4495,4496,4455,-1,4495,4455,4456,-1,4495,4456,4457,-1,4495,4457,4458,-1,4495,4458,4459,-1,
  4495,4459,4494,-1,4460,4461,4493,-1,4460,4493,4494,-1,4460,4494,4459,-1,4493,4461,4462,-1,4493,4462,4463,-1,4493,4463,4464,-1,4493,4464,4465,-1,
  4493,4465,4466,-1,4493,4466,4467,-1,4493,4467,4492,-1,4491,4492,4467,-1,4491,4467,4468,-1,4491,4468,4469,-1,4491,4469,4470,-1,4491,4470,4471,-1,
  4491,4471,4472,-1,4491,4472,4473,-1,4491,4473,4474,-1,4491,4474,4490,-1,4476,4487,4475,-1,4475,4487,4488,-1,4475,4488,4474,-1,4474,4488,4489,-1,
  4474,4489,4490,-1,4487,4476,4477,-1,4487,4477,4478,-1,4487,4478,4479,-1,4487,4479,4486,-1,4485,4486,4479,-1,4485,4479,4480,-1,4485,4480,4481,-1,
  4485,4481,4484,-1,4482,4483,4484,-1,4482,4484,4481,-1,4536,4537,4498,-1,4498,4537,4538,-1,4498,4538,4497,-1,4497,4538,4496,-1,4531,4532,4500,-1,
  4500,4532,4533,-1,4500,4533,4499,-1,4499,4533,4534,-1,4499,4534,4498,-1,4498,4534,4535,-1,4498,4535,4536,-1,4500,4501,4526,-1,4500,4526,4527,-1,
  4500,4527,4528,-1,4500,4528,4529,-1,4500,4529,4530,-1,4500,4530,4531,-1,4502,4503,4519,-1,4502,4519,4520,-1,4502,4520,4521,-1,4502,4521,4522,-1,
  4502,4522,4523,-1,4502,4523,4524,-1,4502,4524,4525,-1,4502,4525,4526,-1,4502,4526,4501,-1,4516,4517,4506,-1,4506,4517,4518,-1,4506,4518,4505,-1,
  4505,4518,4519,-1,4505,4519,4504,-1,4504,4519,4503,-1,4506,4507,4514,-1,4506,4514,4515,-1,4506,4515,4516,-1,4510,4512,4509,-1,4509,4512,4513,-1,
  4509,4513,4508,-1,4508,4513,4514,-1,4508,4514,4507,-1,4643,4644,4568,-1,4568,4644,4645,-1,4568,4645,4567,-1,4567,4645,4562,-1,4567,4562,4564,-1,
  4564,4562,4563,-1,4602,4603,4609,-1,4609,4603,4604,-1,4609,4604,4608,-1,4608,4604,4606,-1,4608,4606,4607,-1,4598,4599,4610,-1,4610,4599,4600,-1,
  4610,4600,4609,-1,4609,4600,4601,-1,4609,4601,4602,-1,4594,4595,4611,-1,4611,4595,4596,-1,4611,4596,4610,-1,4610,4596,4597,-1,4610,4597,4598,-1,
  4590,4591,4612,-1,4612,4591,4592,-1,4612,4592,4611,-1,4611,4592,4593,-1,4611,4593,4594,-1,4586,4587,4613,-1,4613,4587,4588,-1,4613,4588,4612,-1,
  4612,4588,4589,-1,4612,4589,4590,-1,4582,4583,4614,-1,4614,4583,4584,-1,4614,4584,4613,-1,4613,4584,4585,-1,4613,4585,4586,-1,4578,4579,4615,-1,
  4615,4579,4580,-1,4615,4580,4614,-1,4614,4580,4581,-1,4614,4581,4582,-1,4577,4578,4615,-1,4577,4615,4616,-1,4577,4616,4617,-1,4577,4617,4618,-1,
  4577,4618,4576,-1,4574,4575,4576,-1,4574,4576,4619,-1,4574,4619,4620,-1,4574,4620,4621,-1,4574,4621,4573,-1,4573,4621,4622,-1,4573,4622,4623,-1,
  4573,4623,4624,-1,4573,4624,4625,-1,4573,4625,4572,-1,4572,4625,4626,-1,4572,4626,4627,-1,4572,4627,4628,-1,4572,4628,4629,-1,4572,4629,4571,-1,
  4571,4629,4630,-1,4571,4630,4631,-1,4571,4631,4632,-1,4571,4632,4633,-1,4571,4633,4570,-1,4570,4633,4634,-1,4570,4634,4635,-1,4570,4635,4636,-1,
  4570,4636,4637,-1,4570,4637,4569,-1,4569,4637,4638,-1,4569,4638,4639,-1,4569,4639,4640,-1,4569,4640,4641,-1,4569,4641,4568,-1,4642,4643,4568,-1,
  4642,4568,4641,-1,4565,4566,4567,-1,4565,4567,4564,-1,4727,4728,4652,-1,4652,4728,4729,-1,4652,4729,4651,-1,4651,4729,4646,-1,4651,4646,4648,-1,
  4648,4646,4647,-1,4686,4687,4693,-1,4693,4687,4688,-1,4693,4688,4692,-1,4692,4688,4690,-1,4692,4690,4691,-1,4682,4683,4694,-1,4694,4683,4684,-1,
  4694,4684,4693,-1,4693,4684,4685,-1,4693,4685,4686,-1,4678,4679,4695,-1,4695,4679,4680,-1,4695,4680,4694,-1,4694,4680,4681,-1,4694,4681,4682,-1,
  4674,4675,4696,-1,4696,4675,4676,-1,4696,4676,4695,-1,4695,4676,4677,-1,4695,4677,4678,-1,4670,4671,4697,-1,4697,4671,4672,-1,4697,4672,4696,-1,
  4696,4672,4673,-1,4696,4673,4674,-1,4666,4667,4698,-1,4698,4667,4668,-1,4698,4668,4697,-1,4697,4668,4669,-1,4697,4669,4670,-1,4662,4663,4699,-1,
  4699,4663,4664,-1,4699,4664,4698,-1,4698,4664,4665,-1,4698,4665,4666,-1,4661,4662,4699,-1,4661,4699,4700,-1,4661,4700,4701,-1,4661,4701,4702,-1,
  4661,4702,4660,-1,4658,4659,4660,-1,4658,4660,4703,-1,4658,4703,4704,-1,4658,4704,4705,-1,4658,4705,4657,-1,4657,4705,4706,-1,4657,4706,4707,-1,
  4657,4707,4708,-1,4657,4708,4709,-1,4657,4709,4656,-1,4656,4709,4710,-1,4656,4710,4711,-1,4656,4711,4712,-1,4656,4712,4713,-1,4656,4713,4655,-1,
  4655,4713,4714,-1,4655,4714,4715,-1,4655,4715,4716,-1,4655,4716,4717,-1,4655,4717,4654,-1,4654,4717,4718,-1,4654,4718,4719,-1,4654,4719,4720,-1,
  4654,4720,4721,-1,4654,4721,4653,-1,4653,4721,4722,-1,4653,4722,4723,-1,4653,4723,4724,-1,4653,4724,4725,-1,4653,4725,4652,-1,4726,4727,4652,-1,
  4726,4652,4725,-1,4649,4650,4651,-1,4649,4651,4648,-1,4689,4690,4688,-1,4703,4660,4702,-1,4605,4606,4604,-1,4619,4576,4618,-1,4512,4510,4511,-1,
  4557,4555,4556,-1,4438,4560,4561,-1,4383,4381,4382,-1,4389,4387,4388,-1,4387,4385,4386,-1,4335,4333,4334,-1,4340,4338,4339,-1,4212,4323,4324,-1,
  4115,4210,4211,-1,3986,4108,4109,-1,4307,4305,4306,-1,4301,4299,4300,-1,4297,4295,4296,-1,4283,4281,4282,-1,4275,4273,4274,-1,4257,4140,4256,-1,
  4161,4159,4160,-1,4151,4149,4150,-1,4149,4147,4148,-1,4147,4145,4146,-1,4143,4141,4142,-1,4123,4030,4031,-1,4024,4022,4023,-1,4216,4214,4215,-1,
  4220,4218,4219,-1,4164,4249,4163,-1,4168,4166,4167,-1,4180,4178,4179,-1,4067,4205,4066,-1,4075,4073,4074,-1,3979,3977,3978,-1,3968,3965,3967,-1,
  3947,3940,3941,-1,3848,3846,3847,-1,3865,3863,3864,-1,3769,3770,3768,-1,3730,3731,3732,-1,3746,3747,3748,-1,3681,3679,3680,-1,3722,3694,3721,-1,
  3687,3685,3686,-1,3641,3639,3640,-1,3646,3644,3645,-1,3628,3626,3627,-1,3619,3563,3618,-1,3587,3585,3586,-1,3735,3756,3734,-1,3796,3794,3795,-1,
  3801,3799,3800,-1,3590,3588,3589,-1,3592,3590,3591,-1,3525,3523,3524,-1,3520,3518,3519,-1,3523,3521,3522,-1,3557,3558,3556,-1,3447,3445,3446,-1,
  3406,3404,3405,-1,3419,3417,3418,-1,3459,3457,3458,-1,3480,3478,3479,-1,3509,3507,3508,-1,3421,3512,3513,-1,3485,3483,3484,-1,3339,3337,3338,-1,
  3345,3343,3344,-1,3343,3341,3342,-1,3265,3263,3264,-1,3286,3284,3285,-1,3299,3297,3298,-1,2979,2977,2978,-1,3304,3302,3303,-1,3239,3289,3290,-1,
  3234,3232,3233,-1,3054,3123,3053,-1,3022,3020,3021,-1,3138,3136,3137,-1,3141,3139,3140,-1,3143,3141,3142,-1,3025,3023,3024,-1,3027,3025,3026,-1,
  3176,3174,3175,-1,3182,3180,3181,-1,3180,3178,3179,-1,3068,3066,3067,-1,3062,3060,3061,-1,2935,2933,2934,-1,2873,2871,2872,-1,2879,2877,2878,-1,
  2877,2875,2876,-1,2774,2772,2773,-1,2769,2767,2768,-1,2788,2781,2787,-1,2835,2833,2834,-1,2840,2838,2839,-1,2810,2808,2809,-1,2735,2733,2734,-1,
  2703,2701,2702,-1,2708,2706,2707,-1,2647,2645,2646,-1,2654,2625,2653,-1,2681,2682,2680,-1,2692,2690,2691,-1,2572,2570,2571,-1,2567,2565,2566,-1,
  2586,2579,2585,-1,2608,2606,2607,-1,2554,2552,2553,-1,2457,2455,2456,-1,2464,2435,2463,-1,2491,2492,2490,-1,2502,2500,2501,-1,2352,2350,2351,-1,
  2347,2345,2346,-1,2397,2395,2396,-1,2400,2398,2399,-1,2402,2400,2401,-1,2370,2368,2369,-1,2291,2305,2306,-1,2293,2291,2292,-1,2229,2227,2228,-1,
  2223,2221,2222,-1,2257,2255,2256,-1,2262,2260,2261,-1,2278,2279,2277,-1,2189,2183,2188,-1,2150,2148,2149,-1,2159,2150,2151,-1,2066,2064,2065,-1,
  2061,2059,2060,-1,2084,2082,2083,-1,2044,2042,2043,-1,1995,1993,1994,-1,1910,1908,1909,-1,1858,1856,1857,-1,1879,1877,1878,-1,1922,1920,1921,-1,
  1943,1941,1942,-1,1972,1970,1971,-1,2008,2006,2007,-1,2111,2109,2110,-1,2116,2114,2115,-1,1884,1975,1976,-1,1948,1946,1947,-1,1832,1882,1883,-1,
  1816,1830,1831,-1,1818,1816,1817,-1,1754,1752,1753,-1,1748,1746,1747,-1,1782,1780,1781,-1,1787,1785,1786,-1,1803,1804,1802,-1,1665,1663,1664,-1,
  1652,1650,1651,-1,1686,1687,1685,-1,1628,1626,1627,-1,1636,1634,1635,-1,1623,1621,1622,-1,1536,1534,1535,-1,1542,1540,1541,-1,1540,1538,1539,-1,
  1462,1460,1461,-1,1483,1481,1482,-1,1496,1494,1495,-1,1501,1499,1500,-1,1436,1486,1487,-1,1402,1408,1401,-1,1351,1349,1350,-1,1366,1364,1365,-1,
  1373,1368,1369,-1,1395,1393,1394,-1,1342,1299,1341,-1,1040,1038,1039,-1,1046,1044,1045,-1,1044,1042,1043,-1,1002,1000,1001,-1,1007,1005,1006,-1,
  932,930,931,-1,743,741,742,-1,547,1264,546,-1,597,1264,596,-1,759,757,758,-1,849,780,848,-1,1271,1264,1171,-1,437,501,502,-1,
  1168,1166,1167,-1,889,963,964,-1,703,781,782,-1,465,981,464,-1,475,473,474,-1,473,471,472,-1,470,468,469,-1,460,458,459,-1,
  457,455,456,-1,1169,965,1168,-1,704,965,703,-1,839,967,838,-1,832,967,831,-1,825,929,930,-1,825,743,744,-1,829,827,828,-1,
  836,834,835,-1,845,843,844,-1,892,890,891,-1,1176,1174,1175,-1,1144,1142,1143,-1,628,1165,649,-1,582,580,581,-1,586,584,585,-1,
  589,587,588,-1,528,614,527,-1,612,990,991,-1,1244,1242,1243,-1,1248,1246,1247,-1,1251,1249,1250,-1,1213,1211,1212,-1,1211,1209,1210,-1,
  1206,1204,1205,-1,1214,1215,1213,-1,522,573,574,-1,525,523,524,-1,1128,1126,1127,-1,625,623,624,-1,653,651,652,-1,929,927,928,-1,
  798,796,797,-1,824,822,823,-1,476,477,475,-1,486,484,485,-1,482,480,481,-1,389,403,404,-1,391,389,390,-1,375,372,374,-1,
  354,347,348,-1,321,319,320,-1,338,336,337,-1,271,269,270,-1,286,284,285,-1,293,288,289,-1,118,116,117,-1,133,134,132,-1,
  69,70,68,-1]
  normalPerVertex TRUE
  normal DEF NORM_76 Normal { vector [
  0 0 1,0 0 1,
  0 0 1,0 0 1,
  0 0 1,0 0 1,
  0 0 1,0 0 1,
  0 0 1,0 0 1,
  0 0 1,0 0 1,
  0 0 1,0 0 1,
  0 0 1,0 0 1,
  0 0 1,0 0 1,
  0 0 1,0 0 1,
  0 0 1,0 0 1,
  0 0 1,0 0 1,
  0 0 1,0 0 1,
  0 0 1,0 0 1,
  0 0 1,0 0 1,
  0 0 1,0 0 1,
  0 0 1,0 0 1,
  0 0 1,0 0 1,
  0 0 1,0 0 1,
  0 0 1,0 0 1,
  0 0 1,0 0 1,
  0 0 1,0 0 1,
  0 0 1,0 0 1,
  0 0 1,0 0 1,
  0 0 1,0 0 1,
  0 0 1,0 0 1,
  0 0 1,0 0 1,
  0 0 1,0 0 1,
  0 0 1,0 0 1,
  0 0 1,0 0 1,
  0 0 1,0 0 1,
  0 0 1,0 0 1,
  0 0 1,0 0 1,
  0 0 1,0 0 1,
  0 0 1,0 0 1,
  0 0 1,0 0 1,
  0 0 1,0 0 1,
  0 0 1,0 0 1,
  0 0 1,0 0 1,
  0 0 1,0 0 1,
  0 0 1,0 0 1,
  0 0 1,0 0 1,
  0 0 1,0 0 1,
  0 0 1,0 0 1,
  0 0 1,0 0 1,
  0 0 1,0 0 1,
  0 0 1,0 0 1,
  0 0 1,0 0 1,
  0 0 1,0 0 1,
  0 0 1,0 0 1,
  0 0 1,0 0 1,
  0 0 1,0 0 1,
  0 0 1,0 0 1,
  0 0 1,0 0 1,
  0 0 1,0 0 1,
  0 0 1,0 0 1,
  0 0 1,0 0 1,
  0 0 1,0 0 1,
  0 0 1,0 0 1,
  0 0 1,0 0 1,
  0 0 1,0 0 1,
  0 0 1,0 0 1,
  0 0 1,0 0 1,
  0 0 1,0 0 1,
  0 0 1,0 0 1,
  0 0 1,0 0 1,
  0 0 1,0 0 1,
  0 0 1,0 0 1,
  0 0 1,0 0 1,
  0 0 1,0 0 1,
  0 0 1,0 0 1,
  0 0 1,0 0 1,
  0 0 1,0 0 1,
  0 0 1,0 0 1,
  0 0 1,0 0 1,
  0 0 1,0 0 1,
  0 0 1,0 0 1,
  0 0 1,0 0 1,
  0 0 1,0 0 1,
  0 0 1,0 0 1,
  0 0 1,0 0 1,
  0 0 1,0 0 1,
  0 0 1,0 0 1,
  0 0 1,0 0 1,
  0 0 1,0 0 1,
  0 0 1,0 0 1,
  0 0 1,0 0 1,
  0 0 1,0 0 1,
  0 0 1,0 0 1,
  0 0 1,0 0 1,
  0 0 1,0 0 1,
  0 0 1,0 0 1,
  0 0 1,0 0 1,
  0 0 1,0 0 1,
  0 0 1,0 0 1,
  0 0 1,0 0 1,
  0 0 1,0 0 1,
  0 0 1,0 0 1,
  0 0 1,0 0 1,
  0 0 1,0 0 1,
  0 0 1,0 0 1,
  0 0 1,0 0 1,
  0 0 1,0 0 1,
  0 0 1,0 0 1,
  0 0 1,0 0 1,
  0 0 1,0 0 1,
  0 0 1,0 0 1,
  0 0 1,0 0 1,
  0 0 1,0 0 1,
  0 0 1,0 0 1,
  0 0 1,0 0 1,
  0 0 1,0 0 1,
  0 0 1,0 0 1,
  0 0 1,0 0 1,
  0 0 1,0 0 1,
  0 0 1,0 0 1,
  0 0 1,0 0 1,
  0 0 1,0 0 1,
  0 0 1,0 0 1,
  0 0 1,0 0 1,
  0 0 1,0 0 1,
  0 0 1,0 0 1,
  0 0 1,0 0 1,
  0 0 1,0 0 1,
  0 0 1,0 0 1,
  0 0 1,0 0 1,
  0 0 1,0 0 1,
  0 0 1,0 0 1,
  0 0 1,0 0 1,
  0 0 1,0 0 1,
  0 0 1,0 0 1,
  0 0 1,0 0 1,
  0 0 1,0 0 1,
  0 0 1,0 0 1,
  0 0 1,0 0 1,
  0 0 1,0 0 1,
  0 0 1,0 0 1,
  0 0 1,0 0 1,
  0 0 1,0 0 1,
  0 0 1,0 0 1,
  0 0 1,0 0 1,
  0 0 1,0 0 1,
  0 0 1,0 0 1,
  0 0 1,0 0 1,
  0 0 1,0 0 1,
  0 0 1,0 0 1,
  0 0 1,0 0 1,
  0 0 1,0 0 1,
  0 0 1,0 0 1,
  0 0 1,0 0 1,
  0 0 1,0 0 1,
  0 0 1,0 0 1,
  0 0 1,0 0 1,
  0 0 1,0 0 1,
  0 0 1,0 0 1,
  0 0 1,0 0 1,
  0 0 1,0 0 1,
  0 0 1,0 0 1,
  0 0 1,0 0 1,
  0 0 1,0 0 1,
  0 0 1,0 0 1,
  0 0 1,0 0 1,
  0 0 1,0 0 1,
  0 0 1,0 0 1,
  0 0 1,0 0 1,
  0 0 1,0 0 1,
  0 0 1,0 0 1,
  0 0 1,0 0 1,
  0 0 1,0 0 1,
  0 0 1,0 0 1,
  0 0 1,0 0 1,
  0 0 1,0 0 1,
  0 0 1,0 0 1,
  0 0 1,0 0 1,
  0 0 1,0 0 1,
  0 0 1,0 0 1,
  0 0 1,0 0 1,
  0 0 1,0 0 1,
  0 0 1,0 0 1,
  0 0 1,0 0 1,
  0 0 1,0 0 1,
  0 0 1,0 0 1,
  0 0 1,0 0 1,
  0 0 1,0 0 1,
  0 0 1,0 0 1,
  0 0 1,0 0 1,
  0 0 1,0 0 1,
  0 0 1,0 0 1,
  0 0 1,0 0 1,
  0 0 1,0 0 1,
  0 0 1,0 0 1,
  0 0 1,0 0 1,
  0 0 1,0 0 1,
  0 0 1,0 0 1,
  0 0 1,0 0 1,
  0 0 1,0 0 1,
  0 0 1,0 0 1,
  0 0 1,0 0 1,
  0 0 1,0 0 1,
  0 0 1,0 0 1,
  0 0 1,0 0 1,
  0 0 1,0 0 1,
  0 0 1,0 0 1,
  0 0 1,0 0 1,
  0 0 1,0 0 1,
  0 0 1,0 0 1,
  0 0 1,0 0 1,
  0 0 1,0 0 1,
  0 0 1,0 0 1,
  0 0 1,0 0 1,
  0 0 1,0 0 1,
  0 0 1,0 0 1,
  0 0 1,0 0 1,
  0 0 1,0 0 1,
  0 0 1,0 0 1,
  0 0 1,0 0 1,
  0 0 1,0 0 1,
  0 0 1,0 0 1,
  0 0 1,0 0 1,
  0 0 1,0 0 1,
  0 0 1,0 0 1,
  0 0 1,0 0 1,
  0 0 1,0 0 1,
  0 0 1,0 0 1,
  0 0 1,0 0 1,
  0 0 1,0 0 1,
  0 0 1,0 0 1,
  0 0 1,0 0 1,
  0 0 1,0 0 1,
  0 0 1,0 0 1,
  0 0 1,0 0 1,
  0 0 1,0 0 1,
  0 0 1,0 0 1,
  0 0 1,0 0 1,
  0 0 1,0 0 1,
  0 0 1,0 0 1,
  0 0 1,0 0 1,
  0 0 1,0 0 1,
  0 0 1,0 0 1,
  0 0 1,0 0 1,
  0 0 1,0 0 1,
  0 0 1,0 0 1,
  0 0 1,0 0 1,
  0 0 1,0 0 1,
  0 0 1,0 0 1,
  0 0 1,0 0 1,
  0 0 1,0 0 1,
  0 0 1,0 0 1,
  0 0 1,0 0 1,
  0 0 1,0 0 1,
  0 0 1,0 0 1,
  0 0 1,0 0 1,
  0 0 1,0 0 1,
  0 0 1,0 0 1,
  0 0 1,0 0 1,
  0 0 1,0 0 1,
  0 0 1,0 0 1,
  0 0 1,0 0 1,
  0 0 1,0 0 1,
  0 0 1,0 0 1,
  0 0 1,0 0 1,
  0 0 1,0 0 1,
  0 0 1,0 0 1,
  0 0 1,0 0 1,
  0 0 1,0 0 1,
  0 0 1,0 0 1,
  0 0 1,0 0 1,
  0 0 1,0 0 1,
  0 0 1,0 0 1,
  0 0 1,0 0 1,
  0 0 1,0 0 1,
  0 0 1,0 0 1,
  0 0 1,0 0 1,
  0 0 1,0 0 1,
  0 0 1,0 0 1,
  0 0 1,0 0 1,
  0 0 1,0 0 1,
  0 0 1,0 0 1,
  0 0 1,0 0 1,
  0 0 1,0 0 1,
  0 0 1,0 0 1,
  0 0 1,0 0 1,
  0 0 1,0 0 1,
  0 0 1,0 0 1,
  0 0 1,0 0 1,
  0 0 1,0 0 1,
  0 0 1,0 0 1,
  0 0 1,0 0 1,
  0 0 1,0 0 1,
  0 0 1,0 0 1,
  0 0 1,0 0 1,
  0 0 1,0 0 1,
  0 0 1,0 0 1,
  0 0 1,0 0 1,
  0 0 1,0 0 1,
  0 0 1,0 0 1,
  0 0 1,0 0 1,
  0 0 1,0 0 1,
  0 0 1,0 0 1,
  0 0 1,0 0 1,
  0 0 1,0 0 1,
  0 0 1,0 0 1,
  0 0 1,0 0 1,
  0 0 1,0 0 1,
  0 0 1,0 0 1,
  0 0 1,0 0 1,
  0 0 1,0 0 1,
  0 0 1,0 0 1,
  0 0 1,0 0 1,
  0 0 1,0 0 1,
  0 0 1,0 0 1,
  0 0 1,0 0 1,
  0 0 1,0 0 1,
  0 0 1,0 0 1,
  0 0 1,0 0 1,
  0 0 1,0 0 1,
  0 0 1,0 0 1,
  0 0 1,0 0 1,
  0 0 1,0 0 1,
  0 0 1,0 0 1,
  0 0 1,0 0 1,
  0 0 1,0 0 1,
  0 0 1,0 0 1,
  0 0 1,0 0 1,
  0 0 1,0 0 1,
  0 0 1,0 0 1,
  0 0 1,0 0 1,
  0 0 1,0 0 1,
  0 0 1,0 0 1,
  0 0 1,0 0 1,
  0 0 1,0 0 1,
  0 0 1,0 0 1,
  0 0 1,0 0 1,
  0 0 1,0 0 1,
  0 0 1,0 0 1,
  0 0 1,0 0 1,
  0 0 1,0 0 1,
  0 0 1,0 0 1,
  0 0 1,0 0 1,
  0 0 1,0 0 1,
  0 0 1,0 0 1,
  0 0 1,0 0 1,
  0 0 1,0 0 1,
  0 0 1,0 0 1,
  0 0 1,0 0 1,
  0 0 1,0 0 1,
  0 0 1,0 0 1,
  0 0 1,0 0 1,
  0 0 1,0 0 1,
  0 0 1,0 0 1,
  0 0 1,0 0 1,
  0 0 1,0 0 1,
  0 0 1,0 0 1,
  0 0 1,0 0 1,
  0 0 1,0 0 1,
  0 0 1,0 0 1,
  0 0 1,0 0 1,
  0 0 1,0 0 1,
  0 0 1,0 0 1,
  0 0 1,0 0 1,
  0 0 1,0 0 1,
  0 0 1,0 0 1,
  0 0 1,0 0 1,
  0 0 1,0 0 1,
  0 0 1,0 0 1,
  0 0 1,0 0 1,
  0 0 1,0 0 1,
  0 0 1,0 0 1,
  0 0 1,0 0 1,
  0 0 1,0 0 1,
  0 0 1,0 0 1,
  0 0 1,0 0 1,
  0 0 1,0 0 1,
  0 0 1,0 0 1,
  0 0 1,0 0 1,
  0 0 1,0 0 1,
  0 0 1,0 0 1,
  0 0 1,0 0 1,
  0 0 1,0 0 1,
  0 0 1,0 0 1,
  0 0 1,0 0 1,
  0 0 1,0 0 1,
  0 0 1,0 0 1,
  0 0 1,0 0 1,
  0 0 1,0 0 1,
  0 0 1,0 0 1,
  0 0 1,0 0 1,
  0 0 1,0 0 1,
  0 0 1,0 0 1,
  0 0 1,0 0 1,
  0 0 1,0 0 1,
  0 0 1,0 0 1,
  0 0 1,0 0 1,
  0 0 1,0 0 1,
  0 0 1,0 0 1,
  0 0 1,0 0 1,
  0 0 1,0 0 1,
  0 0 1,0 0 1,
  0 0 1,0 0 1,
  0 0 1,0 0 1,
  0 0 1,0 0 1,
  0 0 1,0 0 1,
  0 0 1,0 0 1,
  0 0 1,0 0 1,
  0 0 1,0 0 1,
  0 0 1,0 0 1,
  0 0 1,0 0 1,
  0 0 1,0 0 1,
  0 0 1,0 0 1,
  0 0 1,0 0 1,
  0 0 1,0 0 1,
  0 0 1,0 0 1,
  0 0 1,0 0 1,
  0 0 1,0 0 1,
  0 0 1,0 0 1,
  0 0 1,0 0 1,
  0 0 1,0 0 1,
  0 0 1,0 0 1,
  0 0 1,0 0 1,
  0 0 1,0 0 1,
  0 0 1,0 0 1,
  0 0 1,0 0 1,
  0 0 1,0 0 1,
  0 0 1,0 0 1,
  0 0 1,0 0 1,
  0 0 1,0 0 1,
  0 0 1,0 0 1,
  0 0 1,0 0 1,
  0 0 1,0 0 1,
  0 0 1,0 0 1,
  0 0 1,0 0 1,
  0 0 1,0 0 1,
  0 0 1,0 0 1,
  0 0 1,0 0 1,
  0 0 1,0 0 1,
  0 0 1,0 0 1,
  0 0 1,0 0 1,
  0 0 1,0 0 1,
  0 0 1,0 0 1,
  0 0 1,0 0 1,
  0 0 1,0 0 1,
  0 0 1,0 0 1,
  0 0 1,0 0 1,
  0 0 1,0 0 1,
  0 0 1,0 0 1,
  0 0 1,0 0 1,
  0 0 1,0 0 1,
  0 0 1,0 0 1,
  0 0 1,0 0 1,
  0 0 1,0 0 1,
  0 0 1,0 0 1,
  0 0 1,0 0 1,
  0 0 1,0 0 1,
  0 0 1,0 0 1,
  0 0 1,0 0 1,
  0 0 1,0 0 1,
  0 0 1,0 0 1,
  0 0 1,0 0 1,
  0 0 1,0 0 1,
  0 0 1,0 0 1,
  0 0 1,0 0 1,
  0 0 1,0 0 1,
  0 0 1,0 0 1,
  0 0 1,0 0 1,
  0 0 1,0 0 1,
  0 0 1,0 0 1,
  0 0 1,0 0 1,
  0 0 1,0 0 1,
  0 0 1,0 0 1,
  0 0 1,0 0 1,
  0 0 1,0 0 1,
  0 0 1,0 0 1,
  0 0 1,0 0 1,
  0 0 1,0 0 1,
  0 0 1,0 0 1,
  0 0 1,0 0 1,
  0 0 1,0 0 1,
  0 0 1,0 0 1,
  0 0 1,0 0 1,
  0 0 1,0 0 1,
  0 0 1,0 0 1,
  0 0 1,0 0 1,
  0 0 1,0 0 1,
  0 0 1,0 0 1,
  0 0 1,0 0 1,
  0 0 1,0 0 1,
  0 0 1,0 0 1,
  0 0 1,0 0 1,
  0 0 1,0 0 1,
  0 0 1,0 0 1,
  0 0 1,0 0 1,
  0 0 1,0 0 1,
  0 0 1,0 0 1,
  0 0 1,0 0 1,
  0 0 1,0 0 1,
  0 0 1,0 0 1,
  0 0 1,0 0 1,
  0 0 1,0 0 1,
  0 0 1,0 0 1,
  0 0 1,0 0 1,
  0 0 1,0 0 1,
  0 0 1,0 0 1,
  0 0 1,0 0 1,
  0 0 1,0 0 1,
  0 0 1,0 0 1,
  0 0 1,0 0 1,
  0 0 1,0 0 1,
  0 0 1,0 0 1,
  0 0 1,0 0 1,
  0 0 1,0 0 1,
  0 0 1,0 0 1,
  0 0 1,0 0 1,
  0 0 1,0 0 1,
  0 0 1,0 0 1,
  0 0 1,0 0 1,
  0 0 1,0 0 1,
  0 0 1,0 0 1,
  0 0 1,0 0 1,
  0 0 1,0 0 1,
  0 0 1,0 0 1,
  0 0 1,0 0 1,
  0 0 1,0 0 1,
  0 0 1,0 0 1,
  0 0 1,0 0 1,
  0 0 1,0 0 1,
  0 0 1,0 0 1,
  0 0 1,0 0 1,
  0 0 1,0 0 1,
  0 0 1,0 0 1,
  0 0 1,0 0 1,
  0 0 1,0 0 1,
  0 0 1,0 0 1,
  0 0 1,0 0 1,
  0 0 1,0 0 1,
  0 0 1,0 0 1,
  0 0 1,0 0 1,
  0 0 1,0 0 1,
  0 0 1,0 0 1,
  0 0 1,0 0 1,
  0 0 1,0 0 1,
  0 0 1,0 0 1,
  0 0 1,0 0 1,
  0 0 1,0 0 1,
  0 0 1,0 0 1,
  0 0 1,0 0 1,
  0 0 1,0 0 1,
  0 0 1,0 0 1,
  0 0 1,0 0 1,
  0 0 1,0 0 1,
  0 0 1,0 0 1,
  0 0 1,0 0 1,
  0 0 1,0 0 1,
  0 0 1,0 0 1,
  0 0 1,0 0 1,
  0 0 1,0 0 1,
  0 0 1,0 0 1,
  0 0 1,0 0 1,
  0 0 1,0 0 1,
  0 0 1,0 0 1,
  0 0 1,0 0 1,
  0 0 1,0 0 1,
  0 0 1,0 0 1,
  0 0 1,0 0 1,
  0 0 1,0 0 1,
  0 0 1,0 0 1,
  0 0 1,0 0 1,
  0 0 1,0 0 1,
  0 0 1,0 0 1,
  0 0 1,0 0 1,
  0 0 1,0 0 1,
  0 0 1,0 0 1,
  0 0 1,0 0 1,
  0 0 1,0 0 1,
  0 0 1,0 0 1,
  0 0 1,0 0 1,
  0 0 1,0 0 1,
  0 0 1,0 0 1,
  0 0 1,0 0 1,
  0 0 1,0 0 1,
  0 0 1,0 0 1,
  0 0 1,0 0 1,
  0 0 1,0 0 1,
  0 0 1,0 0 1,
  0 0 1,0 0 1,
  0 0 1,0 0 1,
  0 0 1,0 0 1,
  0 0 1,0 0 1,
  0 0 1,0 0 1,
  0 0 1,0 0 1,
  0 0 1,0 0 1,
  0 0 1,0 0 1,
  0 0 1,0 0 1,
  0 0 1,0 0 1,
  0 0 1,0 0 1,
  0 0 1,0 0 1,
  0 0 1,0 0 1,
  0 0 1,0 0 1,
  0 0 1,0 0 1,
  0 0 1,0 0 1,
  0 0 1,0 0 1,
  0 0 1,0 0 1,
  0 0 1,0 0 1,
  0 0 1,0 0 1,
  0 0 1,0 0 1,
  0 0 1,0 0 1,
  0 0 1,0 0 1,
  0 0 1,0 0 1,
  0 0 1,0 0 1,
  0 0 1,0 0 1,
  0 0 1,0 0 1,
  0 0 1,0 0 1,
  0 0 1,0 0 1,
  0 0 1,0 0 1,
  0 0 1,0 0 1,
  0 0 1,0 0 1,
  0 0 1,0 0 1,
  0 0 1,0 0 1,
  0 0 1,0 0 1,
  0 0 1,0 0 1,
  0 0 1,0 0 1,
  0 0 1,0 0 1,
  0 0 1,0 0 1,
  0 0 1,0 0 1,
  0 0 1,0 0 1,
  0 0 1,0 0 1,
  0 0 1,0 0 1,
  0 0 1,0 0 1,
  0 0 1,0 0 1,
  0 0 1,0 0 1,
  0 0 1,0 0 1,
  0 0 1,0 0 1,
  0 0 1,0 0 1,
  0 0 1,0 0 1,
  0 0 1,0 0 1,
  0 0 1,0 0 1,
  0 0 1,0 0 1,
  0 0 1,0 0 1,
  0 0 1,0 0 1,
  0 0 1,0 0 1,
  0 0 1,0 0 1,
  0 0 1,0 0 1,
  0 0 1,0 0 1,
  0 0 1,0 0 1,
  0 0 1,0 0 1,
  0 0 1,0 0 1,
  0 0 1,0 0 1,
  0 0 1,0 0 1,
  0 0 1,0 0 1,
  0 0 1,0 0 1,
  0 0 1,0 0 1,
  0 0 1,0 0 1,
  0 0 1,0 0 1,
  0 0 1,0 0 1,
  0 0 1,0 0 1,
  0 0 1,0 0 1,
  0 0 1,0 0 1,
  0 0 1,0 0 1,
  0 0 1,0 0 1,
  0 0 1,0 0 1,
  0 0 1,0 0 1,
  0 0 1,0 0 1,
  0 0 1,0 0 1,
  0 0 1,0 0 1,
  0 0 1,0 0 1,
  0 0 1,0 0 1,
  0 0 1,0 0 1,
  0 0 1,0 0 1,
  0 0 1,0 0 1,
  0 0 1,0 0 1,
  0 0 1,0 0 1,
  0 0 1,0 0 1,
  0 0 1,0 0 1,
  0 0 1,0 0 1,
  0 0 1,0 0 1,
  0 0 1,0 0 1,
  0 0 1,0 0 1,
  0 0 1,0 0 1,
  0 0 1,0 0 1,
  0 0 1,0 0 1,
  0 0 1,0 0 1,
  0 0 1,0 0 1,
  0 0 1,0 0 1,
  0 0 1,0 0 1,
  0 0 1,0 0 1,
  0 0 1,0 0 1,
  0 0 1,0 0 1,
  0 0 1,0 0 1,
  0 0 1,0 0 1,
  0 0 1,0 0 1,
  0 0 1,0 0 1,
  0 0 1,0 0 1,
  0 0 1,0 0 1,
  0 0 1,0 0 1,
  0 0 1,0 0 1,
  0 0 1,0 0 1,
  0 0 1,0 0 1,
  0 0 1,0 0 1,
  0 0 1,0 0 1,
  0 0 1,0 0 1,
  0 0 1,0 0 1,
  0 0 1,0 0 1,
  0 0 1,0 0 1,
  0 0 1,0 0 1,
  0 0 1,0 0 1,
  0 0 1,0 0 1,
  0 0 1,0 0 1,
  0 0 1,0 0 1,
  0 0 1,0 0 1,
  0 0 1,0 0 1,
  0 0 1,0 0 1,
  0 0 1,0 0 1,
  0 0 1,0 0 1,
  0 0 1,0 0 1,
  0 0 1,0 0 1,
  0 0 1,0 0 1,
  0 0 1,0 0 1,
  0 0 1,0 0 1,
  0 0 1,0 0 1,
  0 0 1,0 0 1,
  0 0 1,0 0 1,
  0 0 1,0 0 1,
  0 0 1,0 0 1,
  0 0 1,0 0 1,
  0 0 1,0 0 1,
  0 0 1,0 0 1,
  0 0 1,0 0 1,
  0 0 1,0 0 1,
  0 0 1,0 0 1,
  0 0 1,0 0 1,
  0 0 1,0 0 1,
  0 0 1,0 0 1,
  0 0 1,0 0 1,
  0 0 1,0 0 1,
  0 0 1,0 0 1,
  0 0 1,0 0 1,
  0 0 1,0 0 1,
  0 0 1,0 0 1,
  0 0 1,0 0 1,
  0 0 1,0 0 1,
  0 0 1,0 0 1,
  0 0 1,0 0 1,
  0 0 1,0 0 1,
  0 0 1,0 0 1,
  0 0 1,0 0 1,
  0 0 1,0 0 1,
  0 0 1,0 0 1,
  0 0 1,0 0 1,
  0 0 1,0 0 1,
  0 0 1,0 0 1,
  0 0 1,0 0 1,
  0 0 1,0 0 1,
  0 0 1,0 0 1,
  0 0 1,0 0 1,
  0 0 1,0 0 1,
  0 0 1,0 0 1,
  0 0 1,0 0 1,
  0 0 1,0 0 1,
  0 0 1,0 0 1,
  0 0 1,0 0 1,
  0 0 1,0 0 1,
  0 0 1,0 0 1,
  0 0 1,0 0 1,
  0 0 1,0 0 1,
  0 0 1,0 0 1,
  0 0 1,0 0 1,
  0 0 1,0 0 1,
  0 0 1,0 0 1,
  0 0 1,0 0 1,
  0 0 1,0 0 1,
  0 0 1,0 0 1,
  0 0 1,0 0 1,
  0 0 1,0 0 1,
  0 0 1,0 0 1,
  0 0 1,0 0 1,
  0 0 1,0 0 1,
  0 0 1,0 0 1,
  0 0 1,0 0 1,
  0 0 1,0 0 1,
  0 0 1,0 0 1,
  0 0 1,0 0 1,
  0 0 1,0 0 1,
  0 0 1,0 0 1,
  0 0 1,0 0 1,
  0 0 1,0 0 1,
  0 0 1,0 0 1,
  0 0 1,0 0 1,
  0 0 1,0 0 1,
  0 0 1,0 0 1,
  0 0 1,0 0 1,
  0 0 1,0 0 1,
  0 0 1,0 0 1,
  0 0 1,0 0 1,
  0 0 1,0 0 1,
  0 0 1,0 0 1,
  0 0 1,0 0 1,
  0 0 1,0 0 1,
  0 0 1,0 0 1,
  0 0 1,0 0 1,
  0 0 1,0 0 1,
  0 0 1,0 0 1,
  0 0 1,0 0 1,
  0 0 1,0 0 1,
  0 0 1,0 0 1,
  0 0 1,0 0 1,
  0 0 1,0 0 1,
  0 0 1,0 0 1,
  0 0 1,0 0 1,
  0 0 1,0 0 1,
  0 0 1,0 0 1,
  0 0 1,0 0 1,
  0 0 1,0 0 1,
  0 0 1,0 0 1,
  0 0 1,0 0 1,
  0 0 1,0 0 1,
  0 0 1,0 0 1,
  0 0 1,0 0 1,
  0 0 1,0 0 1,
  0 0 1,0 0 1,
  0 0 1,0 0 1,
  0 0 1,0 0 1,
  0 0 1,0 0 1,
  0 0 1,0 0 1,
  0 0 1,0 0 1,
  0 0 1,0 0 1,
  0 0 1,0 0 1,
  0 0 1,0 0 1,
  0 0 1,0 0 1,
  0 0 1,0 0 1,
  0 0 1,0 0 1,
  0 0 1,0 0 1,
  0 0 1,0 0 1,
  0 0 1,0 0 1,
  0 0 1,0 0 1,
  0 0 1,0 0 1,
  0 0 1,0 0 1,
  0 0 1,0 0 1,
  0 0 1,0 0 1,
  0 0 1,0 0 1,
  0 0 1,0 0 1,
  0 0 1,0 0 1,
  0 0 1,0 0 1,
  0 0 1,0 0 1,
  0 0 1,0 0 1,
  0 0 1,0 0 1,
  0 0 1,0 0 1,
  0 0 1,0 0 1,
  0 0 1,0 0 1,
  0 0 1,0 0 1,
  0 0 1,0 0 1,
  0 0 1,0 0 1,
  0 0 1,0 0 1,
  0 0 1,0 0 1,
  0 0 1,0 0 1,
  0 0 1,0 0 1,
  0 0 1,0 0 1,
  0 0 1,0 0 1,
  0 0 1,0 0 1,
  0 0 1,0 0 1,
  0 0 1,0 0 1,
  0 0 1,0 0 1,
  0 0 1,0 0 1,
  0 0 1,0 0 1,
  0 0 1,0 0 1,
  0 0 1,0 0 1,
  0 0 1,0 0 1,
  0 0 1,0 0 1,
  0 0 1,0 0 1,
  0 0 1,0 0 1,
  0 0 1,0 0 1,
  0 0 1,0 0 1,
  0 0 1,0 0 1,
  0 0 1,0 0 1,
  0 0 1,0 0 1,
  0 0 1,0 0 1,
  0 0 1,0 0 1,
  0 0 1,0 0 1,
  0 0 1,0 0 1,
  0 0 1,0 0 1,
  0 0 1,0 0 1,
  0 0 1,0 0 1,
  0 0 1,0 0 1,
  0 0 1,0 0 1,
  0 0 1,0 0 1,
  0 0 1,0 0 1,
  0 0 1,0 0 1,
  0 0 1,0 0 1,
  0 0 1,0 0 1,
  0 0 1,0 0 1,
  0 0 1,0 0 1,
  0 0 1,0 0 1,
  0 0 1,0 0 1,
  0 0 1,0 0 1,
  0 0 1,0 0 1,
  0 0 1,0 0 1,
  0 0 1,0 0 1,
  0 0 1,0 0 1,
  0 0 1,0 0 1,
  0 0 1,0 0 1,
  0 0 1,0 0 1,
  0 0 1,0 0 1,
  0 0 1,0 0 1,
  0 0 1,0 0 1,
  0 0 1,0 0 1,
  0 0 1,0 0 1,
  0 0 1,0 0 1,
  0 0 1,0 0 1,
  0 0 1,0 0 1,
  0 0 1,0 0 1,
  0 0 1,0 0 1,
  0 0 1,0 0 1,
  0 0 1,0 0 1,
  0 0 1,0 0 1,
  0 0 1,0 0 1,
  0 0 1,0 0 1,
  0 0 1,0 0 1,
  0 0 1,0 0 1,
  0 0 1,0 0 1,
  0 0 1,0 0 1,
  0 0 1,0 0 1,
  0 0 1,0 0 1,
  0 0 1,0 0 1,
  0 0 1,0 0 1,
  0 0 1,0 0 1,
  0 0 1,0 0 1,
  0 0 1,0 0 1,
  0 0 1,0 0 1,
  0 0 1,0 0 1,
  0 0 1,0 0 1,
  0 0 1,0 0 1,
  0 0 1,0 0 1,
  0 0 1,0 0 1,
  0 0 1,0 0 1,
  0 0 1,0 0 1,
  0 0 1,0 0 1,
  0 0 1,0 0 1,
  0 0 1,0 0 1,
  0 0 1,0 0 1,
  0 0 1,0 0 1,
  0 0 1,0 0 1,
  0 0 1,0 0 1,
  0 0 1,0 0 1,
  0 0 1,0 0 1,
  0 0 1,0 0 1,
  0 0 1,0 0 1,
  0 0 1,0 0 1,
  0 0 1,0 0 1,
  0 0 1,0 0 1,
  0 0 1,0 0 1,
  0 0 1,0 0 1,
  0 0 1,0 0 1,
  0 0 1,0 0 1,
  0 0 1,0 0 1,
  0 0 1,0 0 1,
  0 0 1,0 0 1,
  0 0 1,0 0 1,
  0 0 1,0 0 1,
  0 0 1,0 0 1,
  0 0 1,0 0 1,
  0 0 1,0 0 1,
  0 0 1,0 0 1,
  0 0 1,0 0 1,
  0 0 1,0 0 1,
  0 0 1,0 0 1,
  0 0 1,0 0 1,
  0 0 1,0 0 1,
  0 0 1,0 0 1,
  0 0 1,0 0 1,
  0 0 1,0 0 1,
  0 0 1,0 0 1,
  0 0 1,0 0 1,
  0 0 1,0 0 1,
  0 0 1,0 0 1,
  0 0 1,0 0 1,
  0 0 1,0 0 1,
  0 0 1,0 0 1,
  0 0 1,0 0 1,
  0 0 1,0 0 1,
  0 0 1,0 0 1,
  0 0 1,0 0 1,
  0 0 1,0 0 1,
  0 0 1,0 0 1,
  0 0 1,0 0 1,
  0 0 1,0 0 1,
  0 0 1,0 0 1,
  0 0 1,0 0 1,
  0 0 1,0 0 1,
  0 0 1,0 0 1,
  0 0 1,0 0 1,
  0 0 1,0 0 1,
  0 0 1,0 0 1,
  0 0 1,0 0 1,
  0 0 1,0 0 1,
  0 0 1,0 0 1,
  0 0 1,0 0 1,
  0 0 1,0 0 1,
  0 0 1,0 0 1,
  0 0 1,0 0 1,
  0 0 1,0 0 1,
  0 0 1,0 0 1,
  0 0 1,0 0 1,
  0 0 1,0 0 1,
  0 0 1,0 0 1,
  0 0 1,0 0 1,
  0 0 1,0 0 1,
  0 0 1,0 0 1,
  0 0 1,0 0 1,
  0 0 1,0 0 1,
  0 0 1,0 0 1,
  0 0 1,0 0 1,
  0 0 1,0 0 1,
  0 0 1,0 0 1,
  0 0 1,0 0 1,
  0 0 1,0 0 1,
  0 0 1,0 0 1,
  0 0 1,0 0 1,
  0 0 1,0 0 1,
  0 0 1,0 0 1,
  0 0 1,0 0 1,
  0 0 1,0 0 1,
  0 0 1,0 0 1,
  0 0 1,0 0 1,
  0 0 1,0 0 1,
  0 0 1,0 0 1,
  0 0 1,0 0 1,
  0 0 1,0 0 1,
  0 0 1,0 0 1,
  0 0 1,0 0 1,
  0 0 1,0 0 1,
  0 0 1,0 0 1,
  0 0 1,0 0 1,
  0 0 1,0 0 1,
  0 0 1,0 0 1,
  0 0 1,0 0 1,
  0 0 1,0 0 1,
  0 0 1,0 0 1,
  0 0 1,0 0 1,
  0 0 1,0 0 1,
  0 0 1,0 0 1,
  0 0 1,0 0 1,
  0 0 1,0 0 1,
  0 0 1,0 0 1,
  0 0 1,0 0 1,
  0 0 1,0 0 1,
  0 0 1,0 0 1,
  0 0 1,0 0 1,
  0 0 1,0 0 1,
  0 0 1,0 0 1,
  0 0 1,0 0 1,
  0 0 1,0 0 1,
  0 0 1,0 0 1,
  0 0 1,0 0 1,
  0 0 1,0 0 1,
  0 0 1,0 0 1,
  0 0 1,0 0 1,
  0 0 1,0 0 1,
  0 0 1,0 0 1,
  0 0 1,0 0 1,
  0 0 1,0 0 1,
  0 0 1,0 0 1,
  0 0 1,0 0 1,
  0 0 1,0 0 1,
  0 0 1,0 0 1,
  0 0 1,0 0 1,
  0 0 1,0 0 1,
  0 0 1,0 0 1,
  0 0 1,0 0 1,
  0 0 1,0 0 1,
  0 0 1,0 0 1,
  0 0 1,0 0 1,
  0 0 1,0 0 1,
  0 0 1,0 0 1,
  0 0 1,0 0 1,
  0 0 1,0 0 1,
  0 0 1,0 0 1,
  0 0 1,0 0 1,
  0 0 1,0 0 1,
  0 0 1,0 0 1,
  0 0 1,0 0 1,
  0 0 1,0 0 1,
  0 0 1,0 0 1,
  0 0 1,0 0 1,
  0 0 1,0 0 1,
  0 0 1,0 0 1,
  0 0 1,0 0 1,
  0 0 1,0 0 1,
  0 0 1,0 0 1,
  0 0 1,0 0 1,
  0 0 1,0 0 1,
  0 0 1,0 0 1,
  0 0 1,0 0 1,
  0 0 1,0 0 1,
  0 0 1,0 0 1,
  0 0 1,0 0 1,
  0 0 1,0 0 1,
  0 0 1,0 0 1,
  0 0 1,0 0 1,
  0 0 1,0 0 1,
  0 0 1,0 0 1,
  0 0 1,0 0 1,
  0 0 1,0 0 1,
  0 0 1,0 0 1,
  0 0 1,0 0 1,
  0 0 1,0 0 1,
  0 0 1,0 0 1,
  0 0 1,0 0 1,
  0 0 1,0 0 1,
  0 0 1,0 0 1,
  0 0 1,0 0 1,
  0 0 1,0 0 1,
  0 0 1,0 0 1,
  0 0 1,0 0 1,
  0 0 1,0 0 1,
  0 0 1,0 0 1,
  0 0 1,0 0 1,
  0 0 1,0 0 1,
  0 0 1,0 0 1,
  0 0 1,0 0 1,
  0 0 1,0 0 1,
  0 0 1,0 0 1,
  0 0 1,0 0 1,
  0 0 1,0 0 1,
  0 0 1,0 0 1,
  0 0 1,0 0 1,
  0 0 1,0 0 1,
  0 0 1,0 0 1,
  0 0 1,0 0 1,
  0 0 1,0 0 1,
  0 0 1,0 0 1,
  0 0 1,0 0 1,
  0 0 1,0 0 1,
  0 0 1,0 0 1,
  0 0 1,0 0 1,
  0 0 1,0 0 1,
  0 0 1,0 0 1,
  0 0 1,0 0 1,
  0 0 1,0 0 1,
  0 0 1,0 0 1,
  0 0 1,0 0 1,
  0 0 1,0 0 1,
  0 0 1,0 0 1,
  0 0 1,0 0 1,
  0 0 1,0 0 1,
  0 0 1,0 0 1,
  0 0 1,0 0 1,
  0 0 1,0 0 1,
  0 0 1,0 0 1,
  0 0 1,0 0 1,
  0 0 1,0 0 1,
  0 0 1,0 0 1,
  0 0 1,0 0 1,
  0 0 1,0 0 1,
  0 0 1,0 0 1,
  0 0 1,0 0 1,
  0 0 1,0 0 1,
  0 0 1,0 0 1,
  0 0 1,0 0 1,
  0 0 1,0 0 1,
  0 0 1,0 0 1,
  0 0 1,0 0 1,
  0 0 1,0 0 1,
  0 0 1,0 0 1,
  0 0 1,0 0 1,
  0 0 1,0 0 1,
  0 0 1,0 0 1,
  0 0 1,0 0 1,
  0 0 1,0 0 1,
  0 0 1,0 0 1,
  0 0 1,0 0 1,
  0 0 1,0 0 1,
  0 0 1,0 0 1,
  0 0 1,0 0 1,
  0 0 1,0 0 1,
  0 0 1,0 0 1,
  0 0 1,0 0 1,
  0 0 1,0 0 1,
  0 0 1,0 0 1,
  0 0 1,0 0 1,
  0 0 1,0 0 1,
  0 0 1,0 0 1,
  0 0 1,0 0 1,
  0 0 1,0 0 1,
  0 0 1,0 0 1,
  0 0 1,0 0 1,
  0 0 1,0 0 1,
  0 0 1,0 0 1,
  0 0 1,0 0 1,
  0 0 1,0 0 1,
  0 0 1,0 0 1,
  0 0 1,0 0 1,
  0 0 1,0 0 1,
  0 0 1,0 0 1,
  0 0 1,0 0 1,
  0 0 1,0 0 1,
  0 0 1,0 0 1,
  0 0 1,0 0 1,
  0 0 1,0 0 1,
  0 0 1,0 0 1,
  0 0 1,0 0 1,
  0 0 1,0 0 1,
  0 0 1,0 0 1,
  0 0 1,0 0 1,
  0 0 1,0 0 1,
  0 0 1,0 0 1,
  0 0 1,0 0 1,
  0 0 1,0 0 1,
  0 0 1,0 0 1,
  0 0 1,0 0 1,
  0 0 1,0 0 1,
  0 0 1,0 0 1,
  0 0 1,0 0 1,
  0 0 1,0 0 1,
  0 0 1,0 0 1,
  0 0 1,0 0 1,
  0 0 1,0 0 1,
  0 0 1,0 0 1,
  0 0 1,0 0 1,
  0 0 1,0 0 1,
  0 0 1,0 0 1,
  0 0 1,0 0 1,
  0 0 1,0 0 1,
  0 0 1,0 0 1,
  0 0 1,0 0 1,
  0 0 1,0 0 1,
  0 0 1,0 0 1,
  0 0 1,0 0 1,
  0 0 1,0 0 1,
  0 0 1,0 0 1,
  0 0 1,0 0 1,
  0 0 1,0 0 1,
  0 0 1,0 0 1,
  0 0 1,0 0 1,
  0 0 1,0 0 1,
  0 0 1,0 0 1,
  0 0 1,0 0 1,
  0 0 1,0 0 1,
  0 0 1,0 0 1,
  0 0 1,0 0 1,
  0 0 1,0 0 1,
  0 0 1,0 0 1,
  0 0 1,0 0 1,
  0 0 1,0 0 1,
  0 0 1,0 0 1,
  0 0 1,0 0 1,
  0 0 1,0 0 1,
  0 0 1,0 0 1,
  0 0 1,0 0 1,
  0 0 1,0 0 1,
  0 0 1,0 0 1,
  0 0 1,0 0 1,
  0 0 1,0 0 1,
  0 0 1,0 0 1,
  0 0 1,0 0 1,
  0 0 1,0 0 1,
  0 0 1,0 0 1,
  0 0 1,0 0 1,
  0 0 1,0 0 1,
  0 0 1,0 0 1,
  0 0 1,0 0 1,
  0 0 1,0 0 1,
  0 0 1,0 0 1,
  0 0 1,0 0 1,
  0 0 1,0 0 1,
  0 0 1,0 0 1,
  0 0 1,0 0 1,
  0 0 1,0 0 1,
  0 0 1,0 0 1,
  0 0 1,0 0 1,
  0 0 1,0 0 1,
  0 0 1,0 0 1,
  0 0 1,0 0 1,
  0 0 1,0 0 1,
  0 0 1,0 0 1,
  0 0 1,0 0 1,
  0 0 1,0 0 1,
  0 0 1,0 0 1,
  0 0 1,0 0 1,
  0 0 1,0 0 1,
  0 0 1,0 0 1,
  0 0 1,0 0 1,
  0 0 1,0 0 1,
  0 0 1,0 0 1,
  0 0 1,0 0 1,
  0 0 1,0 0 1,
  0 0 1,0 0 1,
  0 0 1,0 0 1,
  0 0 1,0 0 1,
  0 0 1,0 0 1,
  0 0 1,0 0 1,
  0 0 1,0 0 1,
  0 0 1,0 0 1,
  0 0 1,0 0 1,
  0 0 1,0 0 1,
  0 0 1,0 0 1,
  0 0 1,0 0 1,
  0 0 1,0 0 1,
  0 0 1,0 0 1,
  0 0 1,0 0 1,
  0 0 1,0 0 1,
  0 0 1,0 0 1,
  0 0 1,0 0 1,
  0 0 1,0 0 1,
  0 0 1,0 0 1,
  0 0 1,0 0 1,
  0 0 1,0 0 1,
  0 0 1,0 0 1,
  0 0 1,0 0 1,
  0 0 1,0 0 1,
  0 0 1,0 0 1,
  0 0 1,0 0 1,
  0 0 1,0 0 1,
  0 0 1,0 0 1,
  0 0 1,0 0 1,
  0 0 1,0 0 1,
  0 0 1,0 0 1,
  0 0 1,0 0 1,
  0 0 1,0 0 1,
  0 0 1,0 0 1,
  0 0 1,0 0 1,
  0 0 1,0 0 1,
  0 0 1,0 0 1,
  0 0 1,0 0 1,
  0 0 1,0 0 1,
  0 0 1,0 0 1,
  0 0 1,0 0 1,
  0 0 1,0 0 1,
  0 0 1,0 0 1,
  0 0 1,0 0 1,
  0 0 1,0 0 1,
  0 0 1,0 0 1,
  0 0 1,0 0 1,
  0 0 1,0 0 1,
  0 0 1,0 0 1,
  0 0 1,0 0 1,
  0 0 1,0 0 1,
  0 0 1,0 0 1,
  0 0 1,0 0 1,
  0 0 1,0 0 1,
  0 0 1,0 0 1,
  0 0 1,0 0 1,
  0 0 1,0 0 1,
  0 0 1,0 0 1,
  0 0 1,0 0 1,
  0 0 1,0 0 1,
  0 0 1,0 0 1,
  0 0 1,0 0 1,
  0 0 1,0 0 1,
  0 0 1,0 0 1,
  0 0 1,0 0 1,
  0 0 1,0 0 1,
  0 0 1,0 0 1,
  0 0 1,0 0 1,
  0 0 1,0 0 1,
  0 0 1,0 0 1,
  0 0 1,0 0 1,
  0 0 1,0 0 1,
  0 0 1,0 0 1,
  0 0 1,0 0 1,
  0 0 1,0 0 1,
  0 0 1,0 0 1,
  0 0 1,0 0 1,
  0 0 1,0 0 1,
  0 0 1,0 0 1,
  0 0 1,0 0 1,
  0 0 1,0 0 1,
  0 0 1,0 0 1,
  0 0 1,0 0 1,
  0 0 1,0 0 1,
  0 0 1,0 0 1,
  0 0 1,0 0 1,
  0 0 1,0 0 1,
  0 0 1,0 0 1,
  0 0 1,0 0 1,
  0 0 1,0 0 1,
  0 0 1,0 0 1,
  0 0 1,0 0 1,
  0 0 1,0 0 1,
  0 0 1,0 0 1,
  0 0 1,0 0 1,
  0 0 1,0 0 1,
  0 0 1,0 0 1,
  0 0 1,0 0 1,
  0 0 1,0 0 1,
  0 0 1,0 0 1,
  0 0 1,0 0 1,
  0 0 1,0 0 1,
  0 0 1,0 0 1,
  0 0 1,0 0 1,
  0 0 1,0 0 1,
  0 0 1,0 0 1,
  0 0 1,0 0 1,
  0 0 1,0 0 1,
  0 0 1,0 0 1,
  0 0 1,0 0 1,
  0 0 1,0 0 1,
  0 0 1,0 0 1,
  0 0 1,0 0 1,
  0 0 1,0 0 1,
  0 0 1,0 0 1,
  0 0 1,0 0 1,
  0 0 1,0 0 1,
  0 0 1,0 0 1,
  0 0 1,0 0 1,
  0 0 1,0 0 1,
  0 0 1,0 0 1,
  0 0 1,0 0 1,
  0 0 1,0 0 1,
  0 0 1,0 0 1,
  0 0 1,0 0 1,
  0 0 1,0 0 1,
  0 0 1,0 0 1,
  0 0 1,0 0 1,
  0 0 1,0 0 1,
  0 0 1,0 0 1,
  0 0 1,0 0 1,
  0 0 1,0 0 1,
  0 0 1,0 0 1,
  0 0 1,0 0 1,
  0 0 1,0 0 1,
  0 0 1,0 0 1,
  0 0 1,0 0 1,
  0 0 1,0 0 1,
  0 0 1,0 0 1,
  0 0 1,0 0 1,
  0 0 1,0 0 1,
  0 0 1,0 0 1,
  0 0 1,0 0 1,
  0 0 1,0 0 1,
  0 0 1,0 0 1,
  0 0 1,0 0 1,
  0 0 1,0 0 1,
  0 0 1,0 0 1,
  0 0 1,0 0 1,
  0 0 1,0 0 1,
  0 0 1,0 0 1,
  0 0 1,0 0 1,
  0 0 1,0 0 1,
  0 0 1,0 0 1,
  0 0 1,0 0 1,
  0 0 1,0 0 1,
  0 0 1,0 0 1,
  0 0 1,0 0 1,
  0 0 1,0 0 1,
  0 0 1,0 0 1,
  0 0 1,0 0 1,
  0 0 1,0 0 1,
  0 0 1,0 0 1,
  0 0 1,0 0 1,
  0 0 1,0 0 1,
  0 0 1,0 0 1,
  0 0 1,0 0 1,
  0 0 1,0 0 1,
  0 0 1,0 0 1,
  0 0 1,0 0 1,
  0 0 1,0 0 1,
  0 0 1,0 0 1,
  0 0 1,0 0 1,
  0 0 1,0 0 1,
  0 0 1,0 0 1,
  0 0 1,0 0 1,
  0 0 1,0 0 1,
  0 0 1,0 0 1,
  0 0 1,0 0 1,
  0 0 1,0 0 1,
  0 0 1,0 0 1,
  0 0 1,0 0 1,
  0 0 1,0 0 1,
  0 0 1,0 0 1,
  0 0 1,0 0 1,
  0 0 1,0 0 1,
  0 0 1,0 0 1,
  0 0 1,0 0 1,
  0 0 1,0 0 1,
  0 0 1,0 0 1,
  0 0 1,0 0 1,
  0 0 1,0 0 1,
  0 0 1,0 0 1,
  0 0 1,0 0 1,
  0 0 1,0 0 1,
  0 0 1,0 0 1,
  0 0 1,0 0 1,
  0 0 1,0 0 1,
  0 0 1,0 0 1,
  0 0 1,0 0 1,
  0 0 1,0 0 1,
  0 0 1,0 0 1,
  0 0 1,0 0 1,
  0 0 1,0 0 1,
  0 0 1,0 0 1,
  0 0 1,0 0 1,
  0 0 1,0 0 1,
  0 0 1,0 0 1,
  0 0 1,0 0 1,
  0 0 1,0 0 1,
  0 0 1,0 0 1,
  0 0 1,0 0 1,
  0 0 1,0 0 1,
  0 0 1,0 0 1,
  0 0 1,0 0 1,
  0 0 1,0 0 1,
  0 0 1,0 0 1,
  0 0 1,0 0 1,
  0 0 1,0 0 1,
  0 0 1,0 0 1,
  0 0 1,0 0 1,
  0 0 1,0 0 1,
  0 0 1,0 0 1,
  0 0 1,0 0 1,
  0 0 1,0 0 1,
  0 0 1,0 0 1,
  0 0 1,0 0 1,
  0 0 1,0 0 1,
  0 0 1,0 0 1,
  0 0 1,0 0 1,
  0 0 1,0 0 1,
  0 0 1,0 0 1,
  0 0 1,0 0 1,
  0 0 1,0 0 1,
  0 0 1,0 0 1,
  0 0 1,0 0 1,
  0 0 1,0 0 1,
  0 0 1,0 0 1,
  0 0 1,0 0 1,
  0 0 1,0 0 1,
  0 0 1,0 0 1,
  0 0 1,0 0 1,
  0 0 1,0 0 1,
  0 0 1,0 0 1,
  0 0 1,0 0 1,
  0 0 1,0 0 1,
  0 0 1,0 0 1,
  0 0 1,0 0 1,
  0 0 1,0 0 1,
  0 0 1,0 0 1,
  0 0 1,0 0 1,
  0 0 1,0 0 1,
  0 0 1,0 0 1,
  0 0 1,0 0 1,
  0 0 1,0 0 1,
  0 0 1,0 0 1,
  0 0 1,0 0 1,
  0 0 1,0 0 1,
  0 0 1,0 0 1,
  0 0 1,0 0 1,
  0 0 1,0 0 1,
  0 0 1,0 0 1,
  0 0 1,0 0 1,
  0 0 1,0 0 1,
  0 0 1,0 0 1,
  0 0 1,0 0 1,
  0 0 1,0 0 1,
  0 0 1,0 0 1,
  0 0 1,0 0 1,
  0 0 1,0 0 1,
  0 0 1,0 0 1,
  0 0 1,0 0 1,
  0 0 1,0 0 1,
  0 0 1,0 0 1,
  0 0 1,0 0 1,
  0 0 1,0 0 1,
  0 0 1,0 0 1,
  0 0 1,0 0 1,
  0 0 1,0 0 1,
  0 0 1,0 0 1,
  0 0 1,0 0 1,
  0 0 1,0 0 1,
  0 0 1,0 0 1,
  0 0 1,0 0 1,
  0 0 1,0 0 1,
  0 0 1,0 0 1,
  0 0 1,0 0 1,
  0 0 1,0 0 1,
  0 0 1,0 0 1,
  0 0 1,0 0 1,
  0 0 1,0 0 1,
  0 0 1,0 0 1,
  0 0 1,0 0 1,
  0 0 1,0 0 1,
  0 0 1,0 0 1,
  0 0 1,0 0 1,
  0 0 1,0 0 1,
  0 0 1,0 0 1,
  0 0 1,0 0 1,
  0 0 1,0 0 1,
  0 0 1,0 0 1,
  0 0 1,0 0 1,
  0 0 1,0 0 1,
  0 0 1,0 0 1,
  0 0 1,0 0 1,
  0 0 1,0 0 1,
  0 0 1,0 0 1,
  0 0 1,0 0 1,
  0 0 1,0 0 1,
  0 0 1,0 0 1,
  0 0 1,0 0 1,
  0 0 1,0 0 1,
  0 0 1,0 0 1,
  0 0 1,0 0 1,
  0 0 1,0 0 1,
  0 0 1,0 0 1,
  0 0 1,0 0 1,
  0 0 1,0 0 1,
  0 0 1,0 0 1,
  0 0 1,0 0 1,
  0 0 1,0 0 1,
  0 0 1,0 0 1,
  0 0 1,0 0 1,
  0 0 1,0 0 1,
  0 0 1,0 0 1,
  0 0 1,0 0 1,
  0 0 1,0 0 1,
  0 0 1,0 0 1,
  0 0 1,0 0 1,
  0 0 1,0 0 1,
  0 0 1,0 0 1,
  0 0 1,0 0 1,
  0 0 1,0 0 1,
  0 0 1,0 0 1,
  0 0 1,0 0 1,
  0 0 1,0 0 1,
  0 0 1,0 0 1,
  0 0 1,0 0 1,
  0 0 1,0 0 1,
  0 0 1,0 0 1,
  0 0 1,0 0 1,
  0 0 1,0 0 1,
  0 0 1,0 0 1,
  0 0 1,0 0 1,
  0 0 1,0 0 1,
  0 0 1,0 0 1,
  0 0 1,0 0 1,
  0 0 1,0 0 1,
  0 0 1,0 0 1,
  0 0 1,0 0 1,
  0 0 1,0 0 1,
  0 0 1,0 0 1,
  0 0 1,0 0 1,
  0 0 1,0 0 1,
  0 0 1,0 0 1,
  0 0 1,0 0 1,
  0 0 1,0 0 1,
  0 0 1,0 0 1,
  0 0 1,0 0 1,
  0 0 1,0 0 1,
  0 0 1,0 0 1,
  0 0 1,0 0 1,
  0 0 1,0 0 1,
  0 0 1,0 0 1,
  0 0 1,0 0 1,
  0 0 1,0 0 1,
  0 0 1,0 0 1,
  0 0 1,0 0 1,
  0 0 1,0 0 1,
  0 0 1,0 0 1,
  0 0 1,0 0 1,
  0 0 1,0 0 1,
  0 0 1,0 0 1,
  0 0 1,0 0 1,
  0 0 1,0 0 1,
  0 0 1,0 0 1,
  0 0 1,0 0 1,
  0 0 1,0 0 1,
  0 0 1,0 0 1,
  0 0 1,0 0 1,
  0 0 1,0 0 1,
  0 0 1,0 0 1,
  0 0 1,0 0 1,
  0 0 1,0 0 1,
  0 0 1,0 0 1,
  0 0 1,0 0 1,
  0 0 1,0 0 1,
  0 0 1,0 0 1,
  0 0 1,0 0 1,
  0 0 1,0 0 1,
  0 0 1,0 0 1,
  0 0 1,0 0 1,
  0 0 1,0 0 1,
  0 0 1,0 0 1,
  0 0 1,0 0 1,
  0 0 1,0 0 1,
  0 0 1,0 0 1,
  0 0 1,0 0 1,
  0 0 1,0 0 1,
  0 0 1,0 0 1,
  0 0 1,0 0 1,
  0 0 1,0 0 1,
  0 0 1,0 0 1,
  0 0 1,0 0 1,
  0 0 1,0 0 1,
  0 0 1,0 0 1,
  0 0 1,0 0 1,
  0 0 1,0 0 1,
  0 0 1,0 0 1,
  0 0 1,0 0 1,
  0 0 1,0 0 1,
  0 0 1,0 0 1,
  0 0 1,0 0 1,
  0 0 1,0 0 1,
  0 0 1,0 0 1,
  0 0 1,0 0 1,
  0 0 1,0 0 1,
  0 0 1,0 0 1,
  0 0 1,0 0 1,
  0 0 1,0 0 1,
  0 0 1,0 0 1,
  0 0 1,0 0 1,
  0 0 1,0 0 1,
  0 0 1,0 0 1,
  0 0 1,0 0 1,
  0 0 1,0 0 1,
  0 0 1,0 0 1,
  0 0 1,0 0 1,
  0 0 1,0 0 1,
  0 0 1,0 0 1,
  0 0 1,0 0 1,
  0 0 1,0 0 1,
  0 0 1,0 0 1,
  0 0 1,0 0 1,
  0 0 1,0 0 1,
  0 0 1,0 0 1,
  0 0 1,0 0 1,
  0 0 1,0 0 1,
  0 0 1,0 0 1,
  0 0 1,0 0 1,
  0 0 1,0 0 1,
  0 0 1,0 0 1,
  0 0 1,0 0 1,
  0 0 1,0 0 1,
  0 0 1,0 0 1,
  0 0 1,0 0 1,
  0 0 1,0 0 1,
  0 0 1,0 0 1,
  0 0 1,0 0 1,
  0 0 1,0 0 1,
  0 0 1,0 0 1,
  0 0 1,0 0 1,
  0 0 1,0 0 1,
  0 0 1,0 0 1,
  0 0 1,0 0 1,
  0 0 1,0 0 1,
  0 0 1,0 0 1,
  0 0 1,0 0 1,
  0 0 1,0 0 1,
  0 0 1,0 0 1,
  0 0 1,0 0 1,
  0 0 1,0 0 1,
  0 0 1,0 0 1,
  0 0 1,0 0 1,
  0 0 1,0 0 1,
  0 0 1,0 0 1,
  0 0 1,0 0 1,
  0 0 1,0 0 1,
  0 0 1,0 0 1,
  0 0 1,0 0 1,
  0 0 1,0 0 1,
  0 0 1,0 0 1,
  0 0 1,0 0 1,
  0 0 1,0 0 1,
  0 0 1,0 0 1,
  0 0 1,0 0 1,
  0 0 1,0 0 1,
  0 0 1,0 0 1,
  0 0 1,0 0 1,
  0 0 1,0 0 1,
  0 0 1,0 0 1,
  0 0 1,0 0 1,
  0 0 1,0 0 1,
  0 0 1,0 0 1,
  0 0 1,0 0 1,
  0 0 1,0 0 1,
  0 0 1,0 0 1,
  0 0 1,0 0 1,
  0 0 1,0 0 1,
  0 0 1,0 0 1,
  0 0 1,0 0 1,
  0 0 1,0 0 1,
  0 0 1,0 0 1,
  0 0 1,0 0 1,
  0 0 1,0 0 1,
  0 0 1,0 0 1,
  0 0 1,0 0 1,
  0 0 1,0 0 1,
  0 0 1,0 0 1,
  0 0 1,0 0 1,
  0 0 1,0 0 1,
  0 0 1,0 0 1,
  0 0 1,0 0 1,
  0 0 1,0 0 1,
  0 0 1,0 0 1,
  0 0 1,0 0 1,
  0 0 1,0 0 1,
  0 0 1,0 0 1,
  0 0 1,0 0 1,
  0 0 1,0 0 1,
  0 0 1,0 0 1,
  0 0 1,0 0 1,
  0 0 1,0 0 1,
  0 0 1,0 0 1,
  0 0 1,0 0 1,
  0 0 1,0 0 1,
  0 0 1,0 0 1,
  0 0 1,0 0 1,
  0 0 1,0 0 1,
  0 0 1,0 0 1,
  0 0 1,0 0 1,
  0 0 1,0 0 1,
  0 0 1,0 0 1,
  0 0 1,0 0 1,
  0 0 1,0 0 1,
  0 0 1,0 0 1,
  0 0 1,0 0 1,
  0 0 1,0 0 1,
  0 0 1,0 0 1,
  0 0 1,0 0 1,
  0 0 1,0 0 1,
  0 0 1,0 0 1,
  0 0 1,0 0 1,
  0 0 1,0 0 1,
  0 0 1,0 0 1,
  0 0 1,0 0 1,
  0 0 1,0 0 1,
  0 0 1,0 0 1,
  0 0 1,0 0 1,
  0 0 1,0 0 1,
  0 0 1,0 0 1,
  0 0 1,0 0 1,
  0 0 1,0 0 1,
  0 0 1,0 0 1,
  0 0 1,0 0 1,
  0 0 1,0 0 1,
  0 0 1,0 0 1,
  0 0 1,0 0 1,
  0 0 1,0 0 1,
  0 0 1,0 0 1,
  0 0 1,0 0 1,
  0 0 1,0 0 1,
  0 0 1,0 0 1,
  0 0 1,0 0 1,
  0 0 1,0 0 1,
  0 0 1,0 0 1,
  0 0 1,0 0 1,
  0 0 1,0 0 1,
  0 0 1,0 0 1,
  0 0 1,0 0 1,
  0 0 1,0 0 1,
  0 0 1,0 0 1,
  0 0 1,0 0 1,
  0 0 1,0 0 1,
  0 0 1,0 0 1,
  0 0 1,0 0 1,
  0 0 1,0 0 1,
  0 0 1,0 0 1,
  0 0 1,0 0 1,
  0 0 1,0 0 1,
  0 0 1,0 0 1,
  0 0 1,0 0 1,
  0 0 1,0 0 1,
  0 0 1,0 0 1,
  0 0 1,0 0 1,
  0 0 1,0 0 1,
  0 0 1,0 0 1,
  0 0 1,0 0 1,
  0 0 1,0 0 1,
  0 0 1,0 0 1,
  0 0 1,0 0 1,
  0 0 1,0 0 1,
  0 0 1,0 0 1,
  0 0 1,0 0 1,
  0 0 1,0 0 1,
  0 0 1,0 0 1,
  0 0 1,0 0 1,
  0 0 1,0 0 1,
  0 0 1,0 0 1,
  0 0 1,0 0 1,
  0 0 1,0 0 1,
  0 0 1,0 0 1,
  0 0 1,0 0 1,
  0 0 1,0 0 1,
  0 0 1,0 0 1,
  0 0 1,0 0 1,
  0 0 1,0 0 1,
  0 0 1,0 0 1,
  0 0 1,0 0 1,
  0 0 1,0 0 1,
  0 0 1,0 0 1,
  0 0 1,0 0 1,
  0 0 1,0 0 1,
  0 0 1,0 0 1,
  0 0 1,0 0 1,
  0 0 1,0 0 1,
  0 0 1,0 0 1,
  0 0 1,0 0 1,
  0 0 1,0 0 1,
  0 0 1,0 0 1,
  0 0 1,0 0 1,
  0 0 1,0 0 1,
  0 0 1,0 0 1,
  0 0 1,0 0 1,
  0 0 1,0 0 1,
  0 0 1,0 0 1,
  0 0 1,0 0 1,
  0 0 1,0 0 1,
  0 0 1,0 0 1,
  0 0 1,0 0 1,
  0 0 1,0 0 1,
  0 0 1,0 0 1,
  0 0 1,0 0 1,
  0 0 1,0 0 1,
  0 0 1,0 0 1,
  0 0 1,0 0 1,
  0 0 1,0 0 1,
  0 0 1,0 0 1,
  0 0 1,0 0 1,
  0 0 1,0 0 1,
  0 0 1,0 0 1,
  0 0 1,0 0 1,
  0 0 1,0 0 1,
  0 0 1,0 0 1,
  0 0 1,0 0 1,
  0 0 1,0 0 1,
  0 0 1,0 0 1,
  0 0 1,0 0 1,
  0 0 1,0 0 1,
  0 0 1,0 0 1,
  0 0 1,0 0 1,
  0 0 1,0 0 1,
  0 0 1,0 0 1,
  0 0 1,0 0 1,
  0 0 1,0 0 1,
  0 0 1,0 0 1,
  0 0 1,0 0 1,
  0 0 1,0 0 1,
  0 0 1,0 0 1,
  0 0 1,0 0 1,
  0 0 1,0 0 1,
  0 0 1,0 0 1,
  0 0 1,0 0 1,
  0 0 1,0 0 1,
  0 0 1,0 0 1,
  0 0 1,0 0 1,
  0 0 1,0 0 1,
  0 0 1,0 0 1,
  0 0 1,0 0 1,
  0 0 1,0 0 1,
  0 0 1,0 0 1,
  0 0 1,0 0 1,
  0 0 1,0 0 1,
  0 0 1,0 0 1,
  0 0 1,0 0 1,
  0 0 1,0 0 1,
  0 0 1,0 0 1,
  0 0 1,0 0 1,
  0 0 1,0 0 1,
  0 0 1,0 0 1,
  0 0 1,0 0 1,
  0 0 1,0 0 1,
  0 0 1,0 0 1,
  0 0 1,0 0 1,
  0 0 1,0 0 1,
  0 0 1,0 0 1,
  0 0 1,0 0 1,
  0 0 1,0 0 1,
  0 0 1,0 0 1,
  0 0 1,0 0 1,
  0 0 1,0 0 1,
  0 0 1,0 0 1,
  0 0 1,0 0 1,
  0 0 1,0 0 1,
  0 0 1,0 0 1,
  0 0 1,0 0 1,
  0 0 1,0 0 1,
  0 0 1,0 0 1,
  0 0 1,0 0 1,
  0 0 1,0 0 1,
  0 0 1,0 0 1,
  0 0 1,0 0 1,
  0 0 1,0 0 1,
  0 0 1,0 0 1,
  0 0 1,0 0 1,
  0 0 1,0 0 1,
  0 0 1,0 0 1,
  0 0 1,0 0 1,
  0 0 1,0 0 1,
  0 0 1,0 0 1,
  0 0 1,0 0 1,
  0 0 1,0 0 1,
  0 0 1,0 0 1,
  0 0 1,0 0 1,
  0 0 1,0 0 1,
  0 0 1,0 0 1,
  0 0 1,0 0 1,
  0 0 1,0 0 1,
  0 0 1,0 0 1,
  0 0 1,0 0 1,
  0 0 1,0 0 1,
  0 0 1,0 0 1,
  0 0 1,0 0 1,
  0 0 1,0 0 1,
  0 0 1,0 0 1,
  0 0 1,0 0 1,
  0 0 1,0 0 1,
  0 0 1,0 0 1,
  0 0 1,0 0 1,
  0 0 1,0 0 1,
  0 0 1,0 0 1,
  0 0 1,0 0 1,
  0 0 1,0 0 1,
  0 0 1,0 0 1,
  0 0 1,0 0 1,
  0 0 1,0 0 1,
  0 0 1,0 0 1,
  0 0 1,0 0 1,
  0 0 1,0 0 1,
  0 0 1,0 0 1,
  0 0 1,0 0 1,
  0 0 1,0 0 1,
  0 0 1,0 0 1,
  0 0 1,0 0 1,
  0 0 1,0 0 1,
  0 0 1,0 0 1,
  0 0 1,0 0 1,
  0 0 1,0 0 1,
  0 0 1,0 0 1,
  0 0 1,0 0 1,
  0 0 1,0 0 1,
  0 0 1,0 0 1,
  0 0 1,0 0 1,
  0 0 1,0 0 1,
  0 0 1,0 0 1,
  0 0 1,0 0 1,
  0 0 1,0 0 1,
  0 0 1,0 0 1,
  0 0 1,0 0 1,
  0 0 1,0 0 1,
  0 0 1,0 0 1,
  0 0 1,0 0 1,
  0 0 1,0 0 1,
  0 0 1,0 0 1,
  0 0 1,0 0 1,
  0 0 1,0 0 1,
  0 0 1,0 0 1,
  0 0 1,0 0 1,
  0 0 1,0 0 1,
  0 0 1,0 0 1,
  0 0 1,0 0 1,
  0 0 1,0 0 1,
  0 0 1,0 0 1,
  0 0 1,0 0 1,
  0 0 1,0 0 1,
  0 0 1,0 0 1,
  0 0 1,0 0 1,
  0 0 1,0 0 1,
  0 0 1,0 0 1,
  0 0 1,0 0 1,
  0 0 1,0 0 1,
  0 0 1,0 0 1,
  0 0 1,0 0 1,
  0 0 1,0 0 1,
  0 0 1,0 0 1,
  0 0 1,0 0 1,
  0 0 1,0 0 1,
  0 0 1,0 0 1,
  0 0 1,0 0 1,
  0 0 1,0 0 1,
  0 0 1,0 0 1,
  0 0 1,0 0 1,
  0 0 1,0 0 1,
  0 0 1,0 0 1,
  0 0 1,0 0 1,
  0 0 1,0 0 1,
  0 0 1,0 0 1,
  0 0 1,0 0 1,
  0 0 1,0 0 1,
  0 0 1,0 0 1,
  0 0 1,0 0 1,
  0 0 1,0 0 1,
  0 0 1,0 0 1,
  0 0 1,0 0 1,
  0 0 1,0 0 1,
  0 0 1,0 0 1,
  0 0 1,0 0 1,
  0 0 1,0 0 1,
  0 0 1,0 0 1,
  0 0 1,0 0 1,
  0 0 1,0 0 1,
  0 0 1,0 0 1,
  0 0 1,0 0 1,
  0 0 1,0 0 1,
  0 0 1,0 0 1,
  0 0 1,0 0 1,
  0 0 1,0 0 1,
  0 0 1,0 0 1,
  0 0 1,0 0 1,
  0 0 1,0 0 1,
  0 0 1,0 0 1,
  0 0 1,0 0 1,
  0 0 1,0 0 1,
  0 0 1,0 0 1,
  0 0 1,0 0 1,
  0 0 1,0 0 1,
  0 0 1,0 0 1,
  0 0 1,0 0 1,
  0 0 1,0 0 1,
  0 0 1,0 0 1,
  0 0 1,0 0 1,
  0 0 1,0 0 1,
  0 0 1,0 0 1,
  0 0 1,0 0 1,
  0 0 1,0 0 1,
  0 0 1,0 0 1,
  0 0 1,0 0 1,
  0 0 1,0 0 1,
  0 0 1,0 0 1,
  0 0 1,0 0 1,
  0 0 1,0 0 1,
  0 0 1,0 0 1,
  0 0 1,0 0 1,
  0 0 1,0 0 1,
  0 0 1,0 0 1,
  0 0 1,0 0 1,
  0 0 1,0 0 1,
  0 0 1,0 0 1,
  0 0 1,0 0 1,
  0 0 1,0 0 1,
  0 0 1,0 0 1,
  0 0 1,0 0 1,
  0 0 1,0 0 1,
  0 0 1,0 0 1,
  0 0 1,0 0 1,
  0 0 1,0 0 1,
  0 0 1,0 0 1,
  0 0 1,0 0 1,
  0 0 1,0 0 1,
  0 0 1,0 0 1,
  0 0 1,0 0 1,
  0 0 1,0 0 1,
  0 0 1,0 0 1,
  0 0 1,0 0 1,
  0 0 1,0 0 1,
  0 0 1,0 0 1,
  0 0 1,0 0 1,
  0 0 1,0 0 1,
  0 0 1,0 0 1,
  0 0 1,0 0 1,
  0 0 1,0 0 1,
  0 0 1,0 0 1,
  0 0 1,0 0 1,
  0 0 1,0 0 1,
  0 0 1,0 0 1,
  0 0 1,0 0 1,
  0 0 1,0 0 1,
  0 0 1,0 0 1,
  0 0 1,0 0 1,
  0 0 1,0 0 1,
  0 0 1,0 0 1,
  0 0 1,0 0 1,
  0 0 1,0 0 1,
  0 0 1,0 0 1,
  0 0 1,0 0 1,
  0 0 1,0 0 1,
  0 0 1,0 0 1,
  0 0 1,0 0 1,
  0 0 1,0 0 1,
  0 0 1,0 0 1,
  0 0 1,0 0 1,
  0 0 1,0 0 1,
  0 0 1,0 0 1,
  0 0 1,0 0 1,
  0 0 1,0 0 1,
  0 0 1,0 0 1,
  0 0 1,0 0 1,
  0 0 1,0 0 1,
  0 0 1,0 0 1,
  0 0 1,0 0 1,
  0 0 1,0 0 1,
  0 0 1,0 0 1,
  0 0 1,0 0 1,
  0 0 1,0 0 1,
  0 0 1,0 0 1,
  0 0 1,0 0 1,
  0 0 1,0 0 1,
  0 0 1,0 0 1,
  0 0 1,0 0 1,
  0 0 1,0 0 1,
  0 0 1,0 0 1,
  0 0 1,0 0 1,
  0 0 1,0 0 1,
  0 0 1,0 0 1,
  0 0 1,0 0 1,
  0 0 1,0 0 1,
  0 0 1,0 0 1,
  0 0 1,0 0 1,
  0 0 1,0 0 1,
  0 0 1,0 0 1,
  0 0 1,0 0 1,
  0 0 1,0 0 1,
  0 0 1,0 0 1,
  0 0 1,0 0 1,
  0 0 1,0 0 1,
  0 0 1,0 0 1,
  0 0 1,0 0 1,
  0 0 1,0 0 1,
  0 0 1,0 0 1,
  0 0 1,0 0 1,
  0 0 1,0 0 1,
  0 0 1,0 0 1,
  0 0 1,0 0 1,
  0 0 1,0 0 1,
  0 0 1,0 0 1,
  0 0 1,0 0 1,
  0 0 1,0 0 1,
  0 0 1,0 0 1,
  0 0 1,0 0 1,
  0 0 1,0 0 1,
  0 0 1,0 0 1,
  0 0 1,0 0 1,
  0 0 1,0 0 1,
  0 0 1,0 0 1,
  0 0 1,0 0 1,
  0 0 1,0 0 1,
  0 0 1,0 0 1,
  0 0 1,0 0 1,
  0 0 1,0 0 1,
  0 0 1,0 0 1,
  0 0 1,0 0 1,
  0 0 1,0 0 1,
  0 0 1,0 0 1,
  0 0 1,0 0 1,
  0 0 1,0 0 1,
  0 0 1,0 0 1,
  0 0 1,0 0 1,
  0 0 1,0 0 1,
  0 0 1,0 0 1,
  0 0 1,0 0 1,
  0 0 1,0 0 1,
  0 0 1,0 0 1,
  0 0 1,0 0 1,
  0 0 1,0 0 1,
  0 0 1,0 0 1,
  0 0 1,0 0 1,
  0 0 1,0 0 1,
  0 0 1,0 0 1,
  0 0 1,0 0 1,
  0 0 1,0 0 1,
  0 0 1,0 0 1,
  0 0 1,0 0 1,
  0 0 1,0 0 1,
  0 0 1,0 0 1,
  0 0 1,0 0 1,
  0 0 1,0 0 1,
  0 0 1,0 0 1,
  0 0 1,0 0 1,
  0 0 1,0 0 1,
  0 0 1,0 0 1,
  0 0 1,0 0 1,
  0 0 1,0 0 1,
  0 0 1,0 0 1,
  0 0 1,0 0 1,
  0 0 1,0 0 1,
  0 0 1,0 0 1,
  0 0 1,0 0 1,
  0 0 1,0 0 1,
  0 0 1,0 0 1,
  0 0 1,0 0 1,
  0 0 1,0 0 1,
  0 0 1,0 0 1,
  0 0 1,0 0 1,
  0 0 1,0 0 1,
  0 0 1,0 0 1,
  0 0 1,0 0 1,
  0 0 1,0 0 1,
  0 0 1,0 0 1,
  0 0 1,0 0 1,
  0 0 1,0 0 1,
  0 0 1,0 0 1,
  0 0 1,0 0 1,
  0 0 1,0 0 1,
  0 0 1,0 0 1,
  0 0 1,0 0 1,
  0 0 1,0 0 1,
  0 0 1,0 0 1,
  0 0 1,0 0 1,
  0 0 1,0 0 1,
  0 0 1,0 0 1,
  0 0 1,0 0 1,
  0 0 1,0 0 1,
  0 0 1,0 0 1,
  0 0 1,0 0 1,
  0 0 1,0 0 1,
  0 0 1,0 0 1,
  0 0 1,0 0 1,
  0 0 1,0 0 1,
  0 0 1,0 0 1,
  0 0 1,0 0 1,
  0 0 1,0 0 1,
  0 0 1,0 0 1,
  0 0 1,0 0 1,
  0 0 1,0 0 1,
  0 0 1,0 0 1,
  0 0 1,0 0 1,
  0 0 1,0 0 1,
  0 0 1,0 0 1,
  0 0 1,0 0 1,
  0 0 1,0 0 1,
  0 0 1,0 0 1,
  0 0 1,0 0 1,
  0 0 1,0 0 1,
  0 0 1,0 0 1,
  0 0 1,0 0 1,
  0 0 1,0 0 1,
  0 0 1,0 0 1,
  0 0 1,0 0 1,
  0 0 1,0 0 1,
  0 0 1,0 0 1,
  0 0 1,0 0 1,
  0 0 1,0 0 1,
  0 0 1,0 0 1,
  0 0 1,0 0 1,
  0 0 1,0 0 1,
  0 0 1,0 0 1,
  0 0 1,0 0 1,
  0 0 1,0 0 1,
  0 0 1,0 0 1,
  0 0 1,0 0 1,
  0 0 1,0 0 1,
  0 0 1,0 0 1,
  0 0 1,0 0 1,
  0 0 1,0 0 1,
  0 0 1,0 0 1,
  0 0 1,0 0 1,
  0 0 1,0 0 1,
  0 0 1,0 0 1,
  0 0 1,0 0 1,
  0 0 1,0 0 1,
  0 0 1,0 0 1,
  0 0 1,0 0 1,
  0 0 1,0 0 1,
  0 0 1,0 0 1,
  0 0 1,0 0 1,
  0 0 1,0 0 1,
  0 0 1,0 0 1,
  0 0 1,0 0 1,
  0 0 1,0 0 1,
  0 0 1,0 0 1,
  0 0 1,0 0 1,
  0 0 1,0 0 1,
  0 0 1,0 0 1,
  0 0 1,0 0 1,
  0 0 1,0 0 1,
  0 0 1,0 0 1,
  0 0 1,0 0 1,
  0 0 1,0 0 1,
  0 0 1,0 0 1,
  0 0 1,0 0 1,
  0 0 1,0 0 1,
  0 0 1,0 0 1,
  0 0 1,0 0 1,
  0 0 1,0 0 1,
  0 0 1,0 0 1,
  0 0 1,0 0 1,
  0 0 1,0 0 1,
  0 0 1,0 0 1,
  0 0 1,0 0 1,
  0 0 1,0 0 1,
  0 0 1,0 0 1,
  0 0 1,0 0 1] }
}
}
] }
DEF TXFM_12 Transform {
  center 0 0 0
  rotation 0 0 1 0
  scale 1 1 1
  scaleOrientation 0 0 1 0
  translation 0 0 0
 children [
DEF SHAPE_77 Shape {
 appearance DEF APP_7 Appearance {
  material Material {
   ambientIntensity 0.72857141
   diffuseColor 0.96078432 0.96078432 0.96078432
   emissiveColor 0 0 0
   shininess 0.02
   specularColor 0.96470588 0.96470588 0.96470588
   transparency 0
} }
 geometry DEF FACE_77 IndexedFaceSet {
  coord DEF COORD_77 Coordinate { point [
  56.158791 -49.796843 -0.34448819,56.128011 -49.828379 -0.34448819,
  56.128 -49.82839 -0.34448819,56.099405 -49.85815 -0.34448819,
  56.099391 -49.858165 -0.34448819,56.074724 -49.884378 -0.34448819,
  56.074701 -49.884402 -0.34448819,56.055707 -49.905297 -0.34448819,
  56.055656 -49.905356 -0.34448819,56.044078 -49.919163 -0.34448819,
  56.043898 -49.919416 -0.34448819,56.04113 -49.924037 -0.34448819,
  56.040968 -49.924377 -0.34448819,56.041035 -49.925882 -0.34448819,
  56.045019 -49.934401 -0.34448819,56.045113 -49.934578 -0.34448819,
  56.05628 -49.95324 -0.34448819,56.056308 -49.953286 -0.34448819,
  56.073485 -49.980267 -0.34448819,56.073501 -49.980291 -0.34448819,
  56.095513 -50.013765 -0.34448819,56.095525 -50.013782 -0.34448819,
  56.121199 -50.051923 -0.34448819,56.121207 -50.051935 -0.34448819,
  56.136083 -50.073688 -0.34448819,56.136083 -50.073689 -0.34448819,
  56.1632 -50.113412 -0.34448819,56.187287 -50.149247 -0.34448819,
  56.207184 -50.179419 -0.34448819,56.221696 -50.202103 -0.34448819,
  56.229635 -50.215476 -0.34448819,56.230494 -50.217501 -0.34448819,
  56.228019 -50.224813 -0.34448819,56.2206 -50.243549 -0.34448819,
  56.209567 -50.270435 -0.34448819,56.196064 -50.302773 -0.34448819,
  56.181217 -50.337916 -0.34448819,56.16615 -50.373219 -0.34448819,
  56.151984 -50.406046 -0.34448819,56.139857 -50.433716 -0.34448819,
  56.130882 -50.453609 -0.34448819,56.126415 -50.462619 -0.34448819,
  56.119834 -50.464234 -0.34448819,56.100148 -50.46828 -0.34448819,
  56.070183 -50.474164 -0.34448819,56.031966 -50.481492 -0.34448819,
  55.987575 -50.48986 -0.34448819,55.96167 -50.494686 -0.34448819,
  55.961663 -50.494687 -0.34448819,55.914219 -50.50372 -0.34448819,
  55.9142 -50.503724 -0.34448819,55.871346 -50.51232 -0.34448819,
  55.871323 -50.512325 -0.34448819,55.835229 -50.520013 -0.34448819,
  55.835194 -50.52002 -0.34448819,55.808027 -50.52633 -0.34448819,
  55.807946 -50.52635 -0.34448819,55.791874 -50.530811 -0.34448819,
  55.79161 -50.530905 -0.34448819,55.788379 -50.53232 -0.34448819,
  55.788284 -50.532365 -0.34448819,55.7873 -50.533506 -0.34448819,
  55.784135 -50.543086 -0.34448819,55.78405 -50.543472 -0.34448819,
  55.781496 -50.565107 -0.34448819,55.781487 -50.565216 -0.34448819,
  55.779543 -50.596377 -0.34448819,55.779541 -50.59643 -0.34448819,
  55.778204 -50.634587 -0.34448819,55.778204 -50.634622 -0.34448819,
  55.777474 -50.677244 -0.34448819,55.777473 -50.677273 -0.34448819,
  55.777347 -50.721831 -0.34448819,55.777347 -50.721858 -0.34448819,
  55.777824 -50.765822 -0.34448819,55.777825 -50.765853 -0.34448819,
  55.778902 -50.806693 -0.34448819,55.778904 -50.806735 -0.34448819,
  55.780581 -50.841921 -0.34448819,55.780585 -50.841993 -0.34448819,
  55.782859 -50.868994 -0.34448819,55.782882 -50.86917 -0.34448819,
  55.785752 -50.885458 -0.34448819,55.785935 -50.886008 -0.34448819,
  55.787656 -50.889399 -0.34448819,55.788688 -50.890339 -0.34448819,
  55.798976 -50.894403 -0.34448819,55.799192 -50.894474 -0.34448819,
  55.820992 -50.900285 -0.34448819,55.821065 -50.900303 -0.34448819,
  55.851493 -50.907177 -0.34448819,55.851539 -50.907187 -0.34448819,
  55.887711 -50.914442 -0.34448819,55.887739 -50.914447 -0.34448819,
  55.900365 -50.916794 -0.34448819,55.90037 -50.916795 -0.34448819,
  55.961243 -50.927945 -0.34448819,55.961243 -50.927945 -0.34448819,
  56.009333 -50.936926 -0.34448819,56.046193 -50.944086 -0.34448819,
  56.073428 -50.949787 -0.34448819,56.09261 -50.954379 -0.34448819,
  56.105266 -50.958195 -0.34448819,56.112941 -50.961543 -0.34448819,
  56.117354 -50.964767 -0.34448819,56.117741 -50.965167 -0.34448819,
  56.124172 -50.975876 -0.34448819,56.134182 -50.997142 -0.34448819,
  56.146696 -51.02627 -0.34448819,56.160663 -51.060546 -0.34448819,
  56.175103 -51.097414 -0.34448819,56.188981 -51.13418 -0.34448819,
  56.201291 -51.168221 -0.34448819,56.211039 -51.19695 -0.34448819,
  56.217189 -51.217633 -0.34448819,56.218692 -51.227165 -0.34448819,
  56.21347 -51.235154 -0.34448819,56.201001 -51.25365 -0.34448819,
  56.182864 -51.280321 -0.34448819,56.160378 -51.313226 -0.34448819,
  56.134845 -51.350453 -0.34448819,56.127573 -51.361032 -0.34448819,
  56.127565 -51.361045 -0.34448819,56.101637 -51.3994 -0.34448819,
  56.101619 -51.399427 -0.34448819,56.078804 -51.434422 -0.34448819,
  56.078782 -51.434456 -0.34448819,56.060322 -51.464082 -0.34448819,
  56.060289 -51.464137 -0.34448819,56.047427 -51.486385 -0.34448819,
  56.047348 -51.486535 -0.34448819,56.041328 -51.499394 -0.34448819,
  56.041174 -51.499871 -0.34448819,56.040883 -51.501451 -0.34448819,
  56.041137 -51.502832 -0.34448819,56.046196 -51.511136 -0.34448819,
  56.046377 -51.511387 -0.34448819,56.060355 -51.527835 -0.34448819,
  56.060409 -51.527897 -0.34448819,56.08151 -51.550724 -0.34448819,
  56.081538 -51.550754 -0.34448819,56.107964 -51.578191 -0.34448819,
  56.107982 -51.578209 -0.34448819,56.137936 -51.608489 -0.34448819,
  56.137951 -51.608504 -0.34448819,56.169637 -51.639857 -0.34448819,
  56.169652 -51.639871 -0.34448819,56.201272 -51.670532 -0.34448819,
  56.201289 -51.670547 -0.34448819,56.231048 -51.698746 -0.34448819,
  56.23107 -51.698767 -0.34448819,56.25717 -51.722737 -0.34448819,
  56.257209 -51.722772 -0.34448819,56.277854 -51.740745 -0.34448819,
  56.277953 -51.740826 -0.34448819,56.291344 -51.751034 -0.34448819,
  56.29173 -51.751264 -0.34448819,56.295435 -51.75293 -0.34448819,
  56.295552 -51.752979 -0.34448819,56.297058 -51.752927 -0.34448819,
  56.305681 -51.749001 -0.34448819,56.305878 -51.748898 -0.34448819,
  56.323532 -51.73831 -0.34448819,56.323592 -51.738273 -0.34448819,
  56.347403 -51.722807 -0.34448819,56.347437 -51.722784 -0.34448819,
  56.365756 -51.710336 -0.34448819,56.365766 -51.710329 -0.34448819,
  56.398956 -51.68749 -0.34448819,56.398956 -51.68749 -0.34448819,
  56.438267 -51.660595 -0.34448819,56.438266 -51.660594 -0.34448819,
  56.47769 -51.633747 -0.34448819,56.47769 -51.633747 -0.34448819,
  56.498889 -51.619376 -0.34448819,56.498889 -51.619375 -0.34448819,
  56.569653 -51.571512 -0.34448819,56.628835 -51.603511 -0.34448819,
  56.628863 -51.603526 -0.34448819,56.656304 -51.617793 -0.34448819,
  56.656367 -51.617825 -0.34448819,56.679701 -51.628914 -0.34448819,
  56.679814 -51.628963 -0.34448819,56.695602 -51.635288 -0.34448819,
  56.695913 -51.635384 -0.34448819,56.699932 -51.636264 -0.34448819,
  56.700639 -51.636289 -0.34448819,56.701933 -51.635516 -0.34448819,
  56.706765 -51.629018 -0.34448819,56.706933 -51.62875 -0.34448819,
  56.716467 -51.610388 -0.34448819,56.716498 -51.610324 -0.34448819,
  56.730022 -51.581791 -0.34448819,56.730035 -51.581762 -0.34448819,
  56.746837 -51.544753 -0.34448819,56.746844 -51.544735 -0.34448819,
  56.766212 -51.500943 -0.34448819,56.766217 -51.500931 -0.34448819,
  56.787439 -51.45205 -0.34448819,56.787444 -51.45204 -0.34448819,
  56.809808 -51.399763 -0.34448819,56.809812 -51.399755 -0.34448819,
  56.832608 -51.345776 -0.34448819,56.832611 -51.345769 -0.34448819,
  56.855127 -51.291782 -0.34448819,56.85513 -51.291774 -0.34448819,
  56.876654 -51.239473 -0.34448819,56.876657 -51.239463 -0.34448819,
  56.896476 -51.190541 -0.34448819,56.896481 -51.190529 -0.34448819,
  56.913885 -51.146681 -0.34448819,56.913892 -51.146662 -0.34448819,
  56.928168 -51.109581 -0.34448819,56.92818 -51.109548 -0.34448819,
  56.938617 -51.080928 -0.34448819,56.938644 -51.080852 -0.34448819,
  56.94453 -51.062386 -0.34448819,56.944601 -51.062078 -0.34448819,
  56.945548 -51.055737 -0.34448819,56.945568 -51.05552 -0.34448819,
  56.945044 -51.054107 -0.34448819,56.937541 -51.046018 -0.34448819,
  56.937327 -51.045819 -0.34448819,56.9209 -51.032688 -0.34448819,
  56.920805 -51.032617 -0.34448819,56.898887 -51.017171 -0.34448819,
  56.898843 -51.017141 -0.34448819,56.897076 -51.015967 -0.34448819,
  56.840639 -50.970791 -0.34448819,56.795197 -50.918162 -0.34448819,
  56.761071 -50.859709 -0.34448819,56.738648 -50.797113 -0.34448819,
  56.728317 -50.732056 -0.34448819,56.730471 -50.666222 -0.34448819,
  56.745499 -50.601287 -0.34448819,56.773831 -50.538852 -0.34448819,
  56.782081 -50.525333 -0.34448819,56.825448 -50.470159 -0.34448819,
  56.876619 -50.425907 -0.34448819,56.933876 -50.39274 -0.34448819,
  56.995446 -50.370889 -0.34448819,57.059561 -50.360584 -0.34448819,
  57.124446 -50.362054 -0.34448819,57.188321 -50.375528 -0.34448819,
  57.249426 -50.401237 -0.34448819,57.30605 -50.439448 -0.34448819,
  57.323472 -50.454875 -0.34448819,57.368073 -50.503448 -0.34448819,
  57.400511 -50.554485 -0.34448819,57.422772 -50.611718 -0.34448819,
  57.435173 -50.668406 -0.34448819,57.438233 -50.732118 -0.34448819,
  57.42803 -50.796137 -0.34448819,57.405592 -50.858339 -0.34448819,
  57.371948 -50.916544 -0.34448819,57.328141 -50.96857 -0.34448819,
  57.275158 -51.012295 -0.34448819,57.268251 -51.016867 -0.34448819,
  57.268226 -51.016883 -0.34448819,57.246074 -51.03204 -0.34448819,
  57.245974 -51.032112 -0.34448819,57.229135 -51.045244 -0.34448819,
  57.228925 -51.045433 -0.34448819,57.220874 -51.053818 -0.34448819,
  57.220494 -51.054386 -0.34448819,57.220377 -51.054651 -0.34448819,
  57.220244 -51.055815 -0.34448819,57.221972 -51.064885 -0.34448819,
  57.222038 -51.065138 -0.34448819,57.22889 -51.085723 -0.34448819,
  57.228911 -51.085785 -0.34448819,57.240174 -51.116192 -0.34448819,
  57.240185 -51.11622 -0.34448819,57.255147 -51.154755 -0.34448819,
  57.255154 -51.154772 -0.34448819,57.273103 -51.199742 -0.34448819,
  57.273108 -51.199754 -0.34448819,57.293333 -51.249465 -0.34448819,
  57.293337 -51.249475 -0.34448819,57.315125 -51.302234 -0.34448819,
  57.315128 -51.302243 -0.34448819,57.337767 -51.356357 -0.34448819,
  57.337771 -51.356365 -0.34448819,57.360549 -51.410141 -0.34448819,
  57.360553 -51.41015 -0.34448819,57.382759 -51.461893 -0.34448819,
  57.382763 -51.461903 -0.34448819,57.403684 -51.509922 -0.34448819,
  57.40369 -51.509935 -0.34448819,57.422615 -51.552535 -0.34448819,
  57.422623 -51.552554 -0.34448819,57.438839 -51.588042 -0.34448819,
  57.438855 -51.588075 -0.34448819,57.45165 -51.614758 -0.34448819,
  57.451689 -51.614836 -0.34448819,57.460352 -51.63102 -0.34448819,
  57.460566 -51.631339 -0.34448819,57.464055 -51.63559 -0.34448819,
  57.46466 -51.636083 -0.34448819,57.46616 -51.636221 -0.34448819,
  57.47682 -51.632911 -0.34448819,57.477037 -51.63283 -0.34448819,
  57.496983 -51.623953 -0.34448819,57.497061 -51.623916 -0.34448819,
  57.522854 -51.611058 -0.34448819,57.522897 -51.611036 -0.34448819,
  57.53708 -51.603519 -0.34448819,57.537094 -51.603511 -0.34448819,
  57.596276 -51.571512 -0.34448819,57.667042 -51.619377 -0.34448819,
  57.703668 -51.644238 -0.34448819,57.743763 -51.671594 -0.34448819,
  57.743763 -51.671595 -0.34448819,57.781343 -51.697358 -0.34448819,
  57.800163 -51.710328 -0.34448819,57.800182 -51.710342 -0.34448819,
  57.826657 -51.72812 -0.34448819,57.826707 -51.728152 -0.34448819,
  57.849124 -51.74224 -0.34448819,57.849212 -51.742293 -0.34448819,
  57.864649 -51.750907 -0.34448819,57.864937 -51.751039 -0.34448819,
  57.86995 -51.752859 -0.34448819,57.870245 -51.752941 -0.34448819,
  57.871722 -51.752642 -0.34448819,57.879019 -51.74773 -0.34448819,
  57.879194 -51.747597 -0.34448819,57.895345 -51.733883 -0.34448819,
  57.895388 -51.733846 -0.34448819,57.918827 -51.712754 -0.34448819,
  57.918848 -51.712734 -0.34448819,57.948009 -51.685689 -0.34448819,
  57.948024 -51.685674 -0.34448819,57.98134 -51.654098 -0.34448819,
  57.981351 -51.654088 -0.34448819,58.002422 -51.633815 -0.34448819,
  58.002437 -51.6338 -0.34448819,58.0393 -51.59758 -0.34448819,
  58.039324 -51.597556 -0.34448819,58.071183 -51.565159 -0.34448819,
  58.071214 -51.565128 -0.34448819,58.096779 -51.537941 -0.34448819,
  58.096828 -51.537887 -0.34448819,58.114813 -51.517296 -0.34448819,
  58.114925 -51.517155 -0.34448819,58.124041 -51.504545 -0.34448819,
  58.124308 -51.504029 -0.34448819,58.125182 -51.50147 -0.34448819,
  58.125137 -51.500076 -0.34448819,58.121078 -51.490343 -0.34448819,
  58.120972 -51.490126 -0.34448819,58.109757 -51.470445 -0.34448819,
  58.10972 -51.470382 -0.34448819,58.092593 -51.442747 -0.34448819,
  58.092572 -51.442713 -0.34448819,58.070776 -51.409116 -0.34448819,
  58.070759 -51.40909 -0.34448819,58.04554 -51.371523 -0.34448819,
  58.04553 -51.371508 -0.34448819,58.038357 -51.361035 -0.34448819,
  58.038356 -51.361033 -0.34448819,58.012224 -51.322967 -0.34448819,
  57.988783 -51.288702 -0.34448819,57.988784 -51.288702 -0.34448819,
  57.969337 -51.26015 -0.34448819,57.955204 -51.239249 -0.34448819,
  57.947711 -51.22795 -0.34448819,57.947366 -51.227394 -0.34448819,
  57.94835 -51.219207 -0.34448819,57.95406 -51.199536 -0.34448819,
  57.963478 -51.171531 -0.34448819,57.975579 -51.137889 -0.34448819,
  57.989331 -51.101309 -0.34448819,58.00376 -51.064327 -0.34448819,
  58.017819 -51.02967 -0.34448819,58.030535 -50.999871 -0.34448819,
  58.04086 -50.977648 -0.34448819,58.047735 -50.965682 -0.34448819,
  58.047998 -50.965373 -0.34448819,58.051963 -50.962148 -0.34448819,
  58.058867 -50.958859 -0.34448819,58.070463 -50.955153 -0.34448819,
  58.088274 -50.950736 -0.34448819,58.113872 -50.94527 -0.34448819,
  58.148773 -50.938416 -0.34448819,58.194604 -50.929809 -0.34448819,
  58.194605 -50.929809 -0.34448819,58.252931 -50.919098 -0.34448819,
  58.252931 -50.919098 -0.34448819,58.265557 -50.916795 -0.34448819,
  58.265577 -50.916791 -0.34448819,58.303006 -50.90956 -0.34448819,
  58.303049 -50.909551 -0.34448819,58.335679 -50.902477 -0.34448819,
  58.335739 -50.902463 -0.34448819,58.360686 -50.896228 -0.34448819,
  58.360822 -50.896189 -0.34448819,58.375203 -50.891477 -0.34448819,
  58.375564 -50.891317 -0.34448819,58.377493 -50.890219 -0.34448819,
  58.378389 -50.889119 -0.34448819,58.381567 -50.879379 -0.34448819,
  58.38165 -50.879 -0.34448819,58.384233 -50.857236 -0.34448819,
  58.384243 -50.857129 -0.34448819,58.38623 -50.825869 -0.34448819,
  58.386232 -50.825815 -0.34448819,58.38762 -50.787589 -0.34448819,
  58.387621 -50.787554 -0.34448819,58.388409 -50.744894 -0.34448819,
  58.38841 -50.744866 -0.34448819,58.388597 -50.7003 -0.34448819,
  58.388597 -50.700273 -0.34448819,58.38818 -50.656331 -0.34448819,
  58.388179 -50.6563 -0.34448819,58.387157 -50.615513 -0.34448819,
  58.387156 -50.615471 -0.34448819,58.385528 -50.580369 -0.34448819,
  58.385523 -50.580296 -0.34448819,58.383286 -50.553408 -0.34448819,
  58.383263 -50.55323 -0.34448819,58.380415 -50.537086 -0.34448819,
  58.380224 -50.53652 -0.34448819,58.378507 -50.533216 -0.34448819,
  58.377409 -50.532265 -0.34448819,58.367852 -50.528932 -0.34448819,
  58.36768 -50.52888 -0.34448819,58.345919 -50.523458 -0.34448819,
  58.345869 -50.523446 -0.34448819,58.314072 -50.516405 -0.34448819,
  58.314044 -50.516399 -0.34448819,58.274379 -50.508209 -0.34448819,
  58.274359 -50.508205 -0.34448819,58.228993 -50.499337 -0.34448819,
  58.228979 -50.499334 -0.34448819,58.204262 -50.494687 -0.34448819,
  58.20426 -50.494686 -0.34448819,58.157365 -50.48592 -0.34448819,
  58.157364 -50.48592 -0.34448819,58.115557 -50.47798 -0.34448819,
  58.115557 -50.47798 -0.34448819,58.080857 -50.471262 -0.34448819,
  58.080857 -50.471262 -0.34448819,58.05536 -50.466173 -0.34448819,
  58.055361 -50.466173 -0.34448819,58.041098 -50.463111 -0.34448819,
  58.03962 -50.462683 -0.34448819,58.036046 -50.455787 -0.34448819,
  58.027649 -50.437325 -0.34448819,58.015912 -50.410626 -0.34448819,
  58.001982 -50.378389 -0.34448819,58.001982 -50.378389 -0.34448819,
  57.986983 -50.343261 -0.34448819,57.986983 -50.343261 -0.34448819,
  57.972031 -50.30787 -0.34448819,57.958257 -50.274885 -0.34448819,
  57.946792 -50.246968 -0.34448819,57.938749 -50.226744 -0.34448819,
  57.935415 -50.217326 -0.34448819,57.939026 -50.210228 -0.34448819,
  57.95013 -50.192311 -0.34448819,57.967289 -50.165922 -0.34448819,
  57.967289 -50.165922 -0.34448819,57.989269 -50.132949 -0.34448819,
  58.014924 -50.09514 -0.34448819,58.014925 -50.095141 -0.34448819,
  58.029843 -50.073418 -0.34448819,58.029846 -50.073413 -0.34448819,
  58.05703 -50.033583 -0.34448819,58.057041 -50.033566 -0.34448819,
  58.081184 -49.997404 -0.34448819,58.081198 -49.997383 -0.34448819,
  58.101124 -49.96672 -0.34448819,58.101144 -49.966688 -0.34448819,
  58.115675 -49.943351 -0.34448819,58.115721 -49.943274 -0.34448819,
  58.123678 -49.929094 -0.34448819,58.123813 -49.9288 -0.34448819,
  58.124962 -49.925621 -0.34448819,58.125041 -49.925336 -0.34448819,
  58.124748 -49.923859 -0.34448819,58.119807 -49.91646 -0.34448819,
  58.119659 -49.916265 -0.34448819,58.106002 -49.900467 -0.34448819,
  58.105962 -49.900422 -0.34448819,58.085332 -49.877995 -0.34448819,
  58.085312 -49.877974 -0.34448819,58.059454 -49.850687 -0.34448819,
  58.059441 -49.850674 -0.34448819,58.030099 -49.820298 -0.34448819,
  58.030089 -49.820287 -0.34448819,57.999009 -49.788592 -0.34448819,
  57.998999 -49.788582 -0.34448819,57.967924 -49.757337 -0.34448819,
  57.967913 -49.757326 -0.34448819,57.938589 -49.728302 -0.34448819,
  57.938575 -49.728287 -0.34448819,57.912746 -49.703253 -0.34448819,
  57.912721 -49.703229 -0.34448819,57.892131 -49.683954 -0.34448819,
  57.892072 -49.683901 -0.34448819,57.878467 -49.672156 -0.34448819,
  57.878213 -49.67197 -0.34448819,57.873661 -49.669167 -0.34448819,
  57.873204 -49.668961 -0.34448819,57.871705 -49.669105 -0.34448819,
  57.864294 -49.673046 -0.34448819,57.864175 -49.673115 -0.34448819,
  57.84645 -49.684188 -0.34448819,57.846421 -49.684206 -0.34448819,
  57.820104 -49.701283 -0.34448819,57.82009 -49.701293 -0.34448819,
  57.786906 -49.723247 -0.34448819,57.786895 -49.723254 -0.34448819,
  57.748567 -49.748958 -0.34448819,57.748559 -49.748963 -0.34448819,
  57.719647 -49.768546 -0.34448819,57.719644 -49.768548 -0.34448819,
  57.574442 -49.867284 -0.34448819,57.332876 -49.767702 -0.34448819,
  57.300074 -49.593703 -0.34448819,57.267074 -49.418654 -0.34448819,
  57.266531 -49.417626 -0.34448819,57.265139 -49.41705 -0.34448819,
  56.90079 -49.41705 -0.34448819,56.89968 -49.417393 -0.34448819,
  56.898856 -49.418654 -0.34448819,56.865856 -49.593703 -0.34448819,
  56.833053 -49.767702 -0.34448819,56.712273 -49.817492 -0.34448819,
  56.591487 -49.867284 -0.34448819,56.446286 -49.768548 -0.34448819,
  56.446281 -49.768545 -0.34448819,56.405371 -49.740887 -0.34448819,
  56.405362 -49.740881 -0.34448819,56.368382 -49.716187 -0.34448819,
  56.36837 -49.716179 -0.34448819,56.337046 -49.695575 -0.34448819,
  56.337028 -49.695564 -0.34448819,56.313084 -49.680178 -0.34448819,
  56.313044 -49.680152 -0.34448819,56.298207 -49.671111 -0.34448819,
  56.298037 -49.67102 -0.34448819,56.293996 -49.66907 -0.34448819,
  56.293498 -49.668907 -0.34448819,56.292025 -49.669222 -0.34448819,
  56.284746 -49.674235 -0.34448819,56.284553 -49.674387 -0.34448819,
  56.268998 -49.688248 -0.34448819,56.268953 -49.688289 -0.34448819,
  56.246865 -49.709226 -0.34448819,56.246844 -49.709246 -0.34448819,
  56.219969 -49.735489 -0.34448819,56.219955 -49.735502 -0.34448819,
  56.190034 -49.76528 -0.34448819,56.190024 -49.76529 -0.34448819,
  56.158801 -49.796833 -0.34448819,57.176602 -30.454223 -0.34448819,
  57.153134 -30.407287 -0.34448819,57.13371 -30.387863 -0.34448819,
  57.086773 -30.364394 -0.34448819,56.973968 -30.364394 -0.34448819,
  56.927031 -30.387862 -0.34448819,56.907607 -30.407287 -0.34448819,
  56.884139 -30.454223 -0.34448819,56.884139 -30.604524 -0.34448819,
  56.907607 -30.65146 -0.34448819,56.927031 -30.670885 -0.34448819,
  56.973968 -30.694353 -0.34448819,57.086774 -30.694353 -0.34448819,
  57.133709 -30.670885 -0.34448819,57.153134 -30.651459 -0.34448819,
  57.176602 -30.604524 -0.34448819,57.821012 -30.589366 -0.34448819,
  57.664551 -30.589366 -0.34448819,57.742781 -30.824057 -0.34448819,
  60.176228 -30.371813 -0.34448819,60.161389 -30.364394 -0.34448819,
  60.011089 -30.364394 -0.34448819,59.9762 -30.381839 -0.34448819,
  59.958755 -30.416728 -0.34448819,59.958755 -30.454543 -0.34448819,
  59.9762 -30.489432 -0.34448819,60.011089 -30.506876 -0.34448819,
  60.176228 -30.506876 -0.34448819,58.08337 -30.295502 -0.34448819,
  58.079948 -30.310554 -0.34448819,57.817481 -31.097956 -0.34448819,
  57.811188 -31.11205 -0.34448819,57.807502 -31.1163 -0.34448819,
  57.804986 -31.121332 -0.34448819,57.797527 -31.127801 -0.34448819,
  57.791058 -31.13526 -0.34448819,57.786026 -31.137776 -0.34448819,
  57.781776 -31.141462 -0.34448819,57.77241 -31.144583 -0.34448819,
  57.763579 -31.149 -0.34448819,57.757967 -31.149398 -0.34448819,
  57.75263 -31.151178 -0.34448819,57.74278 -31.150477 -0.34448819,
  57.732933 -31.151177 -0.34448819,57.727597 -31.149398 -0.34448819,
  57.721984 -31.149 -0.34448819,57.713152 -31.144583 -0.34448819,
  57.703787 -31.141462 -0.34448819,57.699537 -31.137776 -0.34448819,
  57.694505 -31.13526 -0.34448819,57.688036 -31.127801 -0.34448819,
  57.680577 -31.121332 -0.34448819,57.678061 -31.1163 -0.34448819,
  57.674375 -31.11205 -0.34448819,57.668082 -31.097956 -0.34448819,
  57.405615 -30.310554 -0.34448819,57.402193 -30.295502 -0.34448819,
  57.40437 -30.264857 -0.34448819,57.41811 -30.237377 -0.34448819,
  57.44132 -30.217248 -0.34448819,57.470466 -30.207532 -0.34448819,
  57.501112 -30.20971 -0.34448819,57.528591 -30.22345 -0.34448819,
  57.548721 -30.246659 -0.34448819,57.555014 -30.260754 -0.34448819,
  57.612058 -30.431886 -0.34448819,57.873506 -30.431886 -0.34448819,
  57.930549 -30.260754 -0.34448819,57.936843 -30.246659 -0.34448819,
  57.956972 -30.22345 -0.34448819,57.984452 -30.20971 -0.34448819,
  58.015097 -30.207532 -0.34448819,58.044243 -30.217248 -0.34448819,
  58.067453 -30.237377 -0.34448819,58.081193 -30.264857 -0.34448819,
  58.082671 -30.285654 -0.34448819,57.334083 -30.435635 -0.34448819,
  57.334083 -30.623112 -0.34448819,57.33257 -30.638473 -0.34448819,
  57.331487 -30.641086 -0.34448819,57.331287 -30.643909 -0.34448819,
  57.32577 -30.658325 -0.34448819,57.288274 -30.733316 -0.34448819,
  57.284113 -30.739926 -0.34448819,57.283318 -30.741848 -0.34448819,
  57.281542 -30.744011 -0.34448819,57.280052 -30.746379 -0.34448819,
  57.27848 -30.747742 -0.34448819,57.273525 -30.75378 -0.34448819,
  57.23603 -30.791276 -0.34448819,57.229991 -30.796231 -0.34448819,
  57.228629 -30.797802 -0.34448819,57.22626 -30.799293 -0.34448819,
  57.224098 -30.801068 -0.34448819,57.222177 -30.801863 -0.34448819,
  57.215566 -30.806025 -0.34448819,57.140575 -30.84352 -0.34448819,
  57.126159 -30.849037 -0.34448819,57.123336 -30.849238 -0.34448819,
  57.120723 -30.85032 -0.34448819,57.105361 -30.851833 -0.34448819,
  56.95538 -30.851833 -0.34448819,56.940019 -30.85032 -0.34448819,
  56.937405 -30.849238 -0.34448819,56.934583 -30.849037 -0.34448819,
  56.920167 -30.843521 -0.34448819,56.912596 -30.839736 -0.34448819,
  56.915975 -30.85325 -0.34448819,56.979076 -30.947901 -0.34448819,
  57.002022 -30.970847 -0.34448819,57.048958 -30.994315 -0.34448819,
  57.180352 -30.994315 -0.34448819,57.195713 -30.995828 -0.34448819,
  57.224098 -31.007585 -0.34448819,57.245822 -31.02931 -0.34448819,
  57.257579 -31.057694 -0.34448819,57.257579 -31.088417 -0.34448819,
  57.245822 -31.116801 -0.34448819,57.224098 -31.138526 -0.34448819,
  57.195713 -31.150283 -0.34448819,57.180352 -31.151796 -0.34448819,
  57.03037 -31.151796 -0.34448819,57.015009 -31.150283 -0.34448819,
  57.012396 -31.1492 -0.34448819,57.009573 -31.149 -0.34448819,
  56.995157 -31.143483 -0.34448819,56.920166 -31.105987 -0.34448819,
  56.913555 -31.101826 -0.34448819,56.911634 -31.10103 -0.34448819,
  56.909472 -31.099256 -0.34448819,56.907103 -31.097765 -0.34448819,
  56.90574 -31.096193 -0.34448819,56.899702 -31.091238 -0.34448819,
  56.862207 -31.053743 -0.34448819,56.862172 -31.0537 -0.34448819,
  56.862149 -31.053684 -0.34448819,56.857283 -31.047743 -0.34448819,
  56.852415 -31.041811 -0.34448819,56.852404 -31.041785 -0.34448819,
  56.852369 -31.041742 -0.34448819,56.777378 -30.929256 -0.34448819,
  56.772856 -30.920775 -0.34448819,56.771698 -30.919212 -0.34448819,
  56.771039 -30.917365 -0.34448819,56.770116 -30.915635 -0.34448819,
  56.769739 -30.913727 -0.34448819,56.766505 -30.904676 -0.34448819,
  56.729009 -30.754695 -0.34448819,56.728615 -30.752031 -0.34448819,
  56.728172 -30.750959 -0.34448819,56.727602 -30.745174 -0.34448819,
  56.726752 -30.739426 -0.34448819,56.726922 -30.738278 -0.34448819,
  56.726659 -30.735598 -0.34448819,56.726659 -30.435635 -0.34448819,
  56.728172 -30.420274 -0.34448819,56.729254 -30.417661 -0.34448819,
  56.729455 -30.414838 -0.34448819,56.734972 -30.400422 -0.34448819,
  56.772467 -30.325431 -0.34448819,56.776628 -30.31882 -0.34448819,
  56.777424 -30.316899 -0.34448819,56.779198 -30.314737 -0.34448819,
  56.78069 -30.312368 -0.34448819,56.782261 -30.311005 -0.34448819,
  56.787217 -30.304967 -0.34448819,56.824712 -30.267472 -0.34448819,
  56.830749 -30.262517 -0.34448819,56.832112 -30.260946 -0.34448819,
  56.83448 -30.259455 -0.34448819,56.836644 -30.25768 -0.34448819,
  56.838565 -30.256883 -0.34448819,56.845176 -30.252722 -0.34448819,
  56.920166 -30.215227 -0.34448819,56.934582 -30.20971 -0.34448819,
  56.937404 -30.209509 -0.34448819,56.940019 -30.208427 -0.34448819,
  56.95538 -30.206914 -0.34448819,57.105361 -30.206914 -0.34448819,
  57.120723 -30.208427 -0.34448819,57.123337 -30.209509 -0.34448819,
  57.126159 -30.20971 -0.34448819,57.140575 -30.215227 -0.34448819,
  57.215566 -30.252722 -0.34448819,57.222176 -30.256883 -0.34448819,
  57.224098 -30.25768 -0.34448819,57.226262 -30.259456 -0.34448819,
  57.228629 -30.260946 -0.34448819,57.229991 -30.262516 -0.34448819,
  57.23603 -30.267472 -0.34448819,57.26406 -30.295502 -0.34448819,
  57.273525 -30.304967 -0.34448819,57.27848 -30.311005 -0.34448819,
  57.280052 -30.312368 -0.34448819,57.281543 -30.314737 -0.34448819,
  57.283317 -30.316899 -0.34448819,57.284113 -30.31882 -0.34448819,
  57.288274 -30.325431 -0.34448819,57.32577 -30.400422 -0.34448819,
  57.331287 -30.414838 -0.34448819,57.331487 -30.417661 -0.34448819,
  57.33257 -30.420274 -0.34448819,59.809588 -30.508344 -0.34448819,
  59.804071 -30.493928 -0.34448819,59.80387 -30.491105 -0.34448819,
  59.802788 -30.488492 -0.34448819,59.801275 -30.473131 -0.34448819,
  59.801275 -30.39814 -0.34448819,59.802788 -30.382779 -0.34448819,
  59.80387 -30.380165 -0.34448819,59.804071 -30.377343 -0.34448819,
  59.809588 -30.362926 -0.34448819,59.847083 -30.287936 -0.34448819,
  59.848699 -30.285368 -0.34448819,59.849104 -30.284156 -0.34448819,
  59.850413 -30.282645 -0.34448819,59.855306 -30.274873 -0.34448819,
  59.862765 -30.268404 -0.34448819,59.869233 -30.260946 -0.34448819,
  59.877004 -30.256054 -0.34448819,59.878516 -30.254743 -0.34448819,
  59.879729 -30.254338 -0.34448819,59.882296 -30.252722 -0.34448819,
  59.957287 -30.215227 -0.34448819,59.971703 -30.20971 -0.34448819,
  59.974525 -30.209509 -0.34448819,59.977139 -30.208427 -0.34448819,
  59.992501 -30.206914 -0.34448819,60.179978 -30.206914 -0.34448819,
  60.195339 -30.208427 -0.34448819,60.197953 -30.209509 -0.34448819,
  60.200775 -30.20971 -0.34448819,60.215191 -30.215227 -0.34448819,
  60.218815 -30.217039 -0.34448819,60.239607 -30.208427 -0.34448819,
  60.27033 -30.208427 -0.34448819,60.298714 -30.220184 -0.34448819,
  60.320438 -30.241908 -0.34448819,60.332195 -30.270293 -0.34448819,
  60.333708 -30.285654 -0.34448819,60.333708 -30.291705 -0.34448819,
  60.333708 -30.698102 -0.34448819,60.332195 -30.713464 -0.34448819,
  60.331113 -30.716077 -0.34448819,60.330912 -30.718899 -0.34448819,
  60.325396 -30.733316 -0.34448819,60.2879 -30.808307 -0.34448819,
  60.286284 -30.810874 -0.34448819,60.28588 -30.812088 -0.34448819,
  60.284569 -30.813598 -0.34448819,60.279677 -30.82137 -0.34448819,
  60.272219 -30.827839 -0.34448819,60.26575 -30.835298 -0.34448819,
  60.257978 -30.840189 -0.34448819,60.256468 -30.8415 -0.34448819,
  60.255254 -30.841904 -0.34448819,60.252687 -30.84352 -0.34448819,
  60.177696 -30.881016 -0.34448819,60.16328 -30.886533 -0.34448819,
  60.160457 -30.886733 -0.34448819,60.157844 -30.887816 -0.34448819,
  60.142482 -30.889329 -0.34448819,59.992501 -30.889329 -0.34448819,
  59.977139 -30.887816 -0.34448819,59.974526 -30.886733 -0.34448819,
  59.971704 -30.886533 -0.34448819,59.957287 -30.881016 -0.34448819,
  59.882296 -30.84352 -0.34448819,59.869233 -30.835298 -0.34448819,
  59.849104 -30.812088 -0.34448819,59.839388 -30.782941 -0.34448819,
  59.841566 -30.752296 -0.34448819,59.855306 -30.724817 -0.34448819,
  59.878516 -30.704687 -0.34448819,59.907662 -30.694971 -0.34448819,
  59.938307 -30.697149 -0.34448819,59.952724 -30.702666 -0.34448819,
  60.011089 -30.731848 -0.34448819,60.123894 -30.731848 -0.34448819,
  60.158783 -30.714404 -0.34448819,60.176228 -30.679515 -0.34448819,
  60.176228 -30.671776 -0.34448819,60.16139 -30.664357 -0.34448819,
  59.992501 -30.664357 -0.34448819,59.977139 -30.662844 -0.34448819,
  59.974526 -30.661761 -0.34448819,59.971704 -30.661561 -0.34448819,
  59.957287 -30.656044 -0.34448819,59.882296 -30.618548 -0.34448819,
  59.879729 -30.616932 -0.34448819,59.878516 -30.616528 -0.34448819,
  59.877004 -30.615217 -0.34448819,59.869233 -30.610326 -0.34448819,
  59.862765 -30.602867 -0.34448819,59.855306 -30.596398 -0.34448819,
  59.850413 -30.588625 -0.34448819,59.849104 -30.587116 -0.34448819,
  59.8487 -30.585903 -0.34448819,59.847083 -30.583335 -0.34448819,
  56.63917 -30.119425 -0.34448819,56.63917 -30.435635 -0.34448819,
  56.63917 -31.239285 -0.34448819,61.469554 -31.239285 -0.34448819,
  61.469554 -30.119425 -0.34448819,61.152619 -30.338511 -0.34448819,
  61.152619 -30.307788 -0.34448819,61.164376 -30.279404 -0.34448819,
  61.164378 -30.279402 -0.34448819,61.174169 -30.267472 -0.34448819,
  61.211664 -30.229976 -0.34448819,61.223596 -30.220184 -0.34448819,
  61.25198 -30.208427 -0.34448819,61.282703 -30.208426 -0.34448819,
  61.311087 -30.220183 -0.34448819,61.311088 -30.220184 -0.34448819,
  61.32302 -30.229976 -0.34448819,61.360515 -30.267472 -0.34448819,
  61.370307 -30.279404 -0.34448819,61.382065 -30.307789 -0.34448819,
  61.382064 -30.338511 -0.34448819,61.370307 -30.366896 -0.34448819,
  61.370305 -30.366897 -0.34448819,61.360515 -30.378827 -0.34448819,
  61.323019 -30.416322 -0.34448819,61.311087 -30.426115 -0.34448819,
  61.282703 -30.437872 -0.34448819,61.25198 -30.437872 -0.34448819,
  61.223596 -30.426115 -0.34448819,61.211664 -30.416322 -0.34448819,
  61.174169 -30.378827 -0.34448819,61.164376 -30.366895 -0.34448819,
  61.045887 -30.291705 -0.34448819,61.041379 -30.307788 -0.34448819,
  61.037595 -30.321287 -0.34448819,61.029294 -30.334301 -0.34448819,
  60.861293 -30.548121 -0.34448819,61.029294 -30.761941 -0.34448819,
  61.037595 -30.774955 -0.34448819,61.045887 -30.804538 -0.34448819,
  61.042226 -30.835042 -0.34448819,61.027171 -30.861823 -0.34448819,
  61.003013 -30.880804 -0.34448819,60.97343 -30.889096 -0.34448819,
  60.942926 -30.885435 -0.34448819,60.916145 -30.87038 -0.34448819,
  60.905465 -30.859236 -0.34448819,60.761155 -30.675569 -0.34448819,
  60.616846 -30.859236 -0.34448819,60.606165 -30.87038 -0.34448819,
  60.579384 -30.885435 -0.34448819,60.54888 -30.889096 -0.34448819,
  60.519297 -30.880804 -0.34448819,60.495139 -30.861823 -0.34448819,
  60.480084 -30.835042 -0.34448819,60.476423 -30.804538 -0.34448819,
  60.484715 -30.774955 -0.34448819,60.493016 -30.761941 -0.34448819,
  60.661017 -30.548121 -0.34448819,60.493016 -30.334301 -0.34448819,
  60.484715 -30.321287 -0.34448819,60.476423 -30.291705 -0.34448819,
  60.480084 -30.261201 -0.34448819,60.495139 -30.234419 -0.34448819,
  60.519297 -30.215438 -0.34448819,60.54888 -30.207146 -0.34448819,
  60.579384 -30.210807 -0.34448819,60.606165 -30.225862 -0.34448819,
  60.616846 -30.237007 -0.34448819,60.761155 -30.420673 -0.34448819,
  60.905465 -30.237006 -0.34448819,60.916145 -30.225862 -0.34448819,
  60.942926 -30.210807 -0.34448819,60.97343 -30.207146 -0.34448819,
  61.003013 -30.215438 -0.34448819,61.027171 -30.234419 -0.34448819,
  61.042226 -30.2612 -0.34448819,58.951779 -30.70838 -0.34448819,
  58.998715 -30.731848 -0.34448819,59.074026 -30.731848 -0.34448819,
  59.108914 -30.714404 -0.34448819,59.126359 -30.679515 -0.34448819,
  59.126359 -30.285654 -0.34448819,59.127872 -30.270293 -0.34448819,
  59.139629 -30.241908 -0.34448819,59.161354 -30.220184 -0.34448819,
  59.189738 -30.208427 -0.34448819,59.220461 -30.208427 -0.34448819,
  59.248845 -30.220184 -0.34448819,59.270569 -30.241908 -0.34448819,
  59.282326 -30.270293 -0.34448819,59.283839 -30.285654 -0.34448819,
  59.283839 -30.679514 -0.34448819,59.301284 -30.714404 -0.34448819,
  59.336173 -30.731848 -0.34448819,59.411483 -30.731848 -0.34448819,
  59.446372 -30.714404 -0.34448819,59.463817 -30.679515 -0.34448819,
  59.463817 -30.285654 -0.34448819,59.46533 -30.270293 -0.34448819,
  59.477087 -30.241908 -0.34448819,59.498811 -30.220184 -0.34448819,
  59.527196 -30.208427 -0.34448819,59.557919 -30.208427 -0.34448819,
  59.586303 -30.220184 -0.34448819,59.608027 -30.241908 -0.34448819,
  59.619784 -30.270293 -0.34448819,59.621297 -30.285654 -0.34448819,
  59.621297 -30.39814 -0.34448819,59.621297 -30.698102 -0.34448819,
  59.619784 -30.713464 -0.34448819,59.618702 -30.716077 -0.34448819,
  59.618501 -30.718899 -0.34448819,59.612985 -30.733316 -0.34448819,
  59.575489 -30.808307 -0.34448819,59.573873 -30.810874 -0.34448819,
  59.573469 -30.812088 -0.34448819,59.572158 -30.813598 -0.34448819,
  59.567266 -30.82137 -0.34448819,59.559807 -30.827839 -0.34448819,
  59.553339 -30.835298 -0.34448819,59.545567 -30.840189 -0.34448819,
  59.544057 -30.8415 -0.34448819,59.542843 -30.841904 -0.34448819,
  59.540276 -30.84352 -0.34448819,59.465284 -30.881016 -0.34448819,
  59.450868 -30.886533 -0.34448819,59.448045 -30.886733 -0.34448819,
  59.445432 -30.887816 -0.34448819,59.430071 -30.889329 -0.34448819,
  59.317585 -30.889329 -0.34448819,59.302224 -30.887816 -0.34448819,
  59.29961 -30.886733 -0.34448819,59.296788 -30.886533 -0.34448819,
  59.282372 -30.881016 -0.34448819,59.207381 -30.84352 -0.34448819,
  59.205099 -30.842084 -0.34448819,59.202818 -30.84352 -0.34448819,
  59.127827 -30.881016 -0.34448819,59.113411 -30.886533 -0.34448819,
  59.110588 -30.886733 -0.34448819,59.107975 -30.887816 -0.34448819,
  59.092613 -30.889329 -0.34448819,58.980127 -30.889329 -0.34448819,
  58.964766 -30.887816 -0.34448819,58.962152 -30.886733 -0.34448819,
  58.95933 -30.886533 -0.34448819,58.944914 -30.881016 -0.34448819,
  58.919257 -30.868188 -0.34448819,58.911387 -30.876059 -0.34448819,
  58.883003 -30.887816 -0.34448819,58.85228 -30.887816 -0.34448819,
  58.823896 -30.876059 -0.34448819,58.802171 -30.854334 -0.34448819,
  58.790414 -30.82595 -0.34448819,58.788901 -30.810589 -0.34448819,
  58.788901 -30.285654 -0.34448819,58.790414 -30.270293 -0.34448819,
  58.802171 -30.241908 -0.34448819,58.823896 -30.220184 -0.34448819,
  58.85228 -30.208427 -0.34448819,58.883003 -30.208427 -0.34448819,
  58.911387 -30.220184 -0.34448819,58.933111 -30.241908 -0.34448819,
  58.944869 -30.270293 -0.34448819,58.946381 -30.285654 -0.34448819,
  58.946381 -30.702983 -0.34448819] }
 coordIndex [
  313,311,515,-1,515,311,516,-1,517,311,310,-1,307,306,518,-1,307,518,308,-1,308,518,517,-1,308,517,309,-1,309,517,310,-1,
  519,518,247,-1,247,518,248,-1,248,518,249,-1,249,518,250,-1,250,518,251,-1,251,518,291,-1,291,518,292,-1,292,518,293,-1,
  293,518,294,-1,294,518,295,-1,295,518,296,-1,296,518,297,-1,297,518,298,-1,298,518,299,-1,299,518,300,-1,300,518,301,-1,
  301,518,302,-1,302,518,303,-1,303,518,304,-1,304,518,305,-1,305,518,306,-1,520,519,245,-1,245,519,246,-1,246,519,247,-1,
  520,245,521,-1,521,245,522,-1,522,245,523,-1,523,245,244,-1,524,523,239,-1,239,523,240,-1,240,523,241,-1,241,523,242,-1,
  242,523,243,-1,243,523,244,-1,525,524,239,-1,525,239,526,-1,526,239,238,-1,526,238,527,-1,527,238,528,-1,529,528,233,-1,
  233,528,234,-1,234,528,235,-1,235,528,236,-1,236,528,237,-1,237,528,238,-1,233,232,529,-1,529,232,190,-1,190,232,191,-1,
  191,232,192,-1,192,232,231,-1,530,529,177,-1,177,529,178,-1,178,529,179,-1,179,529,180,-1,180,529,181,-1,181,529,182,-1,
  182,529,183,-1,183,529,184,-1,184,529,185,-1,185,529,186,-1,186,529,187,-1,187,529,188,-1,188,529,189,-1,189,529,190,-1,
  531,530,172,-1,173,530,175,-1,175,530,176,-1,176,530,177,-1,533,532,171,-1,171,532,172,-1,481,480,476,-1,476,480,477,-1,
  477,480,478,-1,478,480,479,-1,483,482,474,-1,474,482,475,-1,475,482,476,-1,476,482,481,-1,485,484,472,-1,472,484,473,-1,
  473,484,474,-1,474,484,483,-1,487,486,470,-1,470,486,471,-1,471,486,472,-1,472,486,485,-1,489,488,468,-1,468,488,469,-1,
  469,488,470,-1,470,488,487,-1,491,490,464,-1,465,490,466,-1,467,490,468,-1,468,490,489,-1,493,492,463,-1,463,492,464,-1,
  464,492,491,-1,495,494,459,-1,459,494,460,-1,460,494,462,-1,462,494,463,-1,463,494,493,-1,497,496,329,-1,329,496,330,-1,
  330,496,458,-1,458,496,459,-1,459,496,495,-1,499,498,327,-1,327,498,328,-1,328,498,329,-1,329,498,497,-1,501,500,325,-1,
  325,500,326,-1,326,500,327,-1,327,500,499,-1,501,325,502,-1,502,325,503,-1,503,325,504,-1,504,325,324,-1,506,505,320,-1,
  320,505,321,-1,321,505,322,-1,322,505,323,-1,323,505,324,-1,324,505,504,-1,508,507,318,-1,318,507,319,-1,319,507,320,-1,
  320,507,506,-1,510,509,316,-1,316,509,317,-1,317,509,318,-1,318,509,508,-1,512,511,314,-1,314,511,315,-1,315,511,316,-1,
  316,511,510,-1,514,513,313,-1,313,513,314,-1,253,252,289,-1,289,252,290,-1,290,252,291,-1,291,252,251,-1,254,253,285,-1,
  286,253,287,-1,287,253,288,-1,288,253,289,-1,255,254,281,-1,282,254,283,-1,284,254,285,-1,256,255,277,-1,278,255,279,-1,
  280,255,281,-1,257,256,275,-1,275,256,276,-1,276,256,277,-1,259,258,273,-1,273,258,274,-1,274,258,275,-1,275,258,257,-1,
  261,260,271,-1,271,260,272,-1,272,260,273,-1,273,260,259,-1,263,262,267,-1,267,262,268,-1,268,262,269,-1,269,262,270,-1,
  270,262,271,-1,271,262,261,-1,263,267,264,-1,264,267,265,-1,265,267,266,-1,221,220,214,-1,214,220,215,-1,215,220,216,-1,
  216,220,217,-1,217,220,218,-1,218,220,219,-1,223,222,212,-1,212,222,213,-1,213,222,214,-1,214,222,221,-1,225,224,210,-1,
  210,224,211,-1,211,224,212,-1,212,224,223,-1,209,208,227,-1,209,227,210,-1,210,227,226,-1,210,226,225,-1,228,227,204,-1,
  205,227,206,-1,207,227,208,-1,229,228,200,-1,201,228,202,-1,203,228,204,-1,230,229,196,-1,196,229,197,-1,197,229,198,-1,
  199,229,200,-1,193,192,231,-1,193,231,194,-1,194,231,230,-1,194,230,195,-1,195,230,196,-1,455,454,370,-1,370,454,371,-1,
  371,454,452,-1,456,455,367,-1,367,455,368,-1,368,455,369,-1,369,455,370,-1,445,443,377,-1,377,443,378,-1,378,443,379,-1,
  379,443,380,-1,380,443,442,-1,377,376,445,-1,445,376,446,-1,446,376,447,-1,447,376,375,-1,373,450,449,-1,373,449,374,-1,
  374,449,448,-1,374,448,375,-1,375,448,447,-1,452,451,372,-1,372,451,373,-1,437,436,385,-1,438,385,384,-1,438,384,439,-1,
  439,384,383,-1,439,383,382,-1,381,380,442,-1,381,442,382,-1,382,441,439,-1,413,412,409,-1,409,412,410,-1,410,412,411,-1,
  415,414,407,-1,407,414,408,-1,408,414,409,-1,409,414,413,-1,417,416,405,-1,405,416,406,-1,406,416,407,-1,407,416,415,-1,
  419,418,403,-1,403,418,404,-1,404,418,405,-1,405,418,417,-1,421,420,401,-1,401,420,402,-1,402,420,403,-1,403,420,419,-1,
  400,399,423,-1,400,423,401,-1,401,423,422,-1,401,422,421,-1,425,424,397,-1,397,424,398,-1,398,424,399,-1,399,424,423,-1,
  427,426,395,-1,395,426,396,-1,396,426,397,-1,397,426,425,-1,429,428,393,-1,393,428,394,-1,394,428,395,-1,395,428,427,-1,
  431,430,391,-1,391,430,392,-1,392,430,393,-1,393,430,429,-1,433,432,388,-1,388,432,389,-1,389,432,390,-1,390,432,391,-1,
  391,432,431,-1,433,388,434,-1,434,388,435,-1,436,388,386,-1,364,362,333,-1,333,362,334,-1,334,362,335,-1,335,362,361,-1,
  366,365,331,-1,331,365,332,-1,332,365,333,-1,333,365,364,-1,366,331,367,-1,367,331,457,-1,457,331,458,-1,458,331,330,-1,
  349,348,345,-1,345,348,346,-1,346,348,347,-1,351,350,343,-1,343,350,344,-1,344,350,345,-1,345,350,349,-1,353,352,341,-1,
  341,352,342,-1,342,352,343,-1,343,352,351,-1,355,354,339,-1,339,354,340,-1,340,354,341,-1,341,354,353,-1,355,339,356,-1,
  356,339,357,-1,357,339,358,-1,358,339,338,-1,338,337,358,-1,358,337,359,-1,360,337,361,-1,361,337,336,-1,535,534,168,-1,
  169,534,171,-1,537,536,164,-1,164,536,165,-1,165,536,166,-1,167,536,168,-1,168,536,535,-1,539,538,162,-1,162,538,163,-1,
  163,538,164,-1,164,538,537,-1,541,540,160,-1,160,540,161,-1,161,540,162,-1,162,540,539,-1,543,542,157,-1,157,542,158,-1,
  158,542,159,-1,159,542,160,-1,160,542,541,-1,156,155,545,-1,156,545,157,-1,157,545,544,-1,157,544,543,-1,154,153,547,-1,
  154,547,155,-1,155,547,546,-1,155,546,545,-1,152,151,549,-1,152,549,153,-1,153,549,548,-1,153,548,547,-1,150,149,551,-1,
  150,551,151,-1,151,551,550,-1,151,550,549,-1,551,149,31,-1,31,149,32,-1,32,149,33,-1,33,149,115,-1,115,149,116,-1,
  116,149,148,-1,552,551,29,-1,29,551,30,-1,30,551,31,-1,554,553,28,-1,28,553,29,-1,29,553,552,-1,556,555,26,-1,
  26,555,27,-1,27,555,28,-1,28,555,554,-1,1,0,24,-1,24,0,26,-1,26,0,556,-1,98,96,48,-1,48,96,49,-1,
  49,96,50,-1,50,96,95,-1,51,50,92,-1,92,50,93,-1,93,50,94,-1,53,52,90,-1,90,52,91,-1,91,52,92,-1,
  92,52,51,-1,55,54,88,-1,88,54,89,-1,89,54,90,-1,90,54,53,-1,57,56,86,-1,86,56,87,-1,87,56,88,-1,
  88,56,55,-1,59,58,85,-1,85,58,86,-1,86,58,57,-1,83,82,61,-1,83,61,84,-1,84,61,60,-1,84,60,85,-1,
  85,60,59,-1,81,80,63,-1,81,63,82,-1,82,63,62,-1,82,62,61,-1,79,78,65,-1,79,65,80,-1,80,65,64,-1,
  80,64,63,-1,77,76,67,-1,77,67,78,-1,78,67,66,-1,78,66,65,-1,75,74,69,-1,75,69,76,-1,76,69,68,-1,
  76,68,67,-1,69,74,70,-1,70,74,71,-1,71,74,72,-1,72,74,73,-1,3,2,22,-1,22,2,23,-1,23,2,24,-1,
  24,2,1,-1,5,4,20,-1,20,4,21,-1,21,4,22,-1,22,4,3,-1,7,6,16,-1,16,6,17,-1,17,6,18,-1,
  18,6,19,-1,19,6,20,-1,20,6,5,-1,9,8,14,-1,14,8,15,-1,15,8,16,-1,16,8,7,-1,13,12,11,-1,
  13,11,14,-1,14,11,10,-1,14,10,9,-1,107,40,39,-1,107,39,108,-1,108,39,38,-1,108,38,109,-1,109,38,37,-1,
  109,37,110,-1,110,37,36,-1,110,36,111,-1,111,36,35,-1,111,35,112,-1,112,35,34,-1,112,34,113,-1,113,34,33,-1,
  113,33,114,-1,114,33,115,-1,105,104,42,-1,105,42,106,-1,106,42,41,-1,106,41,107,-1,107,41,40,-1,101,100,43,-1,
  101,43,102,-1,102,43,42,-1,102,42,103,-1,103,42,104,-1,98,46,45,-1,98,45,99,-1,99,45,44,-1,99,44,100,-1,
  100,44,43,-1,98,47,46,-1,148,147,116,-1,116,147,117,-1,117,147,118,-1,118,147,146,-1,144,143,119,-1,144,119,145,-1,
  145,119,118,-1,145,118,146,-1,119,143,120,-1,120,143,121,-1,121,143,122,-1,122,143,142,-1,142,141,122,-1,122,141,123,-1,
  123,141,124,-1,124,141,140,-1,140,139,124,-1,124,139,125,-1,125,139,126,-1,126,139,138,-1,138,137,126,-1,126,137,127,-1,
  127,137,128,-1,128,137,129,-1,129,137,130,-1,130,137,136,-1,136,135,130,-1,130,135,131,-1,131,135,132,-1,132,135,134,-1,
  570,569,559,-1,570,559,571,-1,571,559,558,-1,571,558,572,-1,572,558,557,-1,560,559,569,-1,560,569,561,-1,561,569,568,-1,
  561,568,562,-1,562,568,567,-1,562,567,563,-1,563,567,566,-1,563,566,564,-1,564,566,565,-1,577,576,584,-1,577,584,578,-1,
  578,584,583,-1,578,583,579,-1,579,583,582,-1,579,582,580,-1,580,582,581,-1,704,703,857,-1,704,857,706,-1,706,857,856,-1,
  706,856,708,-1,708,856,710,-1,708,710,709,-1,672,671,645,-1,645,671,646,-1,646,671,647,-1,647,671,648,-1,648,671,649,-1,
  649,671,650,-1,650,671,670,-1,669,668,652,-1,669,652,670,-1,670,652,651,-1,670,651,650,-1,652,668,653,-1,653,668,654,-1,
  654,668,655,-1,655,668,656,-1,656,668,657,-1,657,668,667,-1,658,657,665,-1,665,657,666,-1,666,657,667,-1,658,665,659,-1,
  659,665,660,-1,660,665,661,-1,661,665,662,-1,662,665,664,-1,840,839,834,-1,834,839,835,-1,835,839,836,-1,836,839,837,-1,
  837,839,838,-1,840,834,841,-1,841,834,842,-1,842,834,843,-1,843,834,844,-1,844,834,833,-1,845,844,831,-1,831,844,832,-1,
  832,844,833,-1,846,845,831,-1,846,831,847,-1,847,831,830,-1,847,830,848,-1,848,830,849,-1,850,849,830,-1,850,830,851,-1,
  851,830,829,-1,851,829,852,-1,852,829,853,-1,828,827,855,-1,828,855,829,-1,829,855,854,-1,829,854,853,-1,855,827,759,-1,
  759,827,760,-1,760,827,762,-1,762,827,963,-1,963,827,826,-1,889,888,895,-1,895,888,859,-1,859,888,861,-1,861,888,862,-1,
  862,888,863,-1,864,888,865,-1,865,888,866,-1,866,888,867,-1,867,888,868,-1,868,888,860,-1,860,888,932,-1,893,892,891,-1,
  893,891,894,-1,894,891,890,-1,894,890,895,-1,895,890,889,-1,860,859,875,-1,875,859,876,-1,876,859,877,-1,878,859,879,-1,
  879,859,880,-1,880,859,881,-1,881,859,882,-1,882,859,883,-1,883,859,884,-1,884,859,885,-1,885,859,886,-1,886,859,887,-1,
  887,859,861,-1,868,860,869,-1,869,860,870,-1,871,860,872,-1,872,860,873,-1,873,860,874,-1,874,860,875,-1,856,860,734,-1,
  734,860,735,-1,735,860,736,-1,736,860,737,-1,737,860,738,-1,738,860,617,-1,617,860,618,-1,618,860,628,-1,628,860,629,-1,
  629,860,1016,-1,1016,860,1017,-1,1017,860,942,-1,942,860,943,-1,943,860,944,-1,944,860,958,-1,958,860,959,-1,959,860,960,-1,
  960,860,784,-1,784,860,785,-1,785,860,786,-1,786,860,787,-1,787,860,788,-1,788,860,791,-1,791,860,792,-1,792,860,793,-1,
  793,860,921,-1,921,860,922,-1,922,860,923,-1,923,860,924,-1,924,860,928,-1,928,860,929,-1,929,860,930,-1,930,860,931,-1,
  931,860,932,-1,925,924,926,-1,926,924,927,-1,927,924,928,-1,915,914,913,-1,915,913,916,-1,916,913,912,-1,916,912,917,-1,
  917,912,911,-1,917,911,796,-1,796,911,910,-1,796,910,797,-1,797,910,798,-1,917,796,918,-1,918,796,919,-1,919,796,920,-1,
  920,796,795,-1,795,794,920,-1,920,794,921,-1,921,794,793,-1,788,791,789,-1,789,791,790,-1,784,783,961,-1,961,783,962,-1,
  962,783,963,-1,963,783,781,-1,781,783,782,-1,779,778,777,-1,779,777,963,-1,963,777,775,-1,963,775,773,-1,773,775,774,-1,
  772,771,773,-1,773,771,963,-1,963,771,769,-1,769,771,770,-1,764,763,963,-1,764,963,765,-1,765,963,767,-1,765,767,766,-1,
  769,768,963,-1,963,768,767,-1,781,780,963,-1,963,780,779,-1,950,949,955,-1,950,955,951,-1,951,955,954,-1,951,954,952,-1,
  952,954,953,-1,948,947,949,-1,949,947,955,-1,955,947,956,-1,956,947,957,-1,957,947,958,-1,958,947,946,-1,944,958,945,-1,
  945,958,946,-1,934,933,939,-1,934,939,935,-1,935,939,938,-1,935,938,936,-1,936,938,937,-1,1022,1021,933,-1,933,1021,939,-1,
  939,1021,940,-1,940,1021,941,-1,941,1021,942,-1,942,1021,1020,-1,1017,942,1018,-1,1018,942,1019,-1,1019,942,1020,-1,586,585,1008,-1,
  1008,585,1009,-1,1009,585,1010,-1,1010,585,1011,-1,1011,585,1012,-1,1012,585,1013,-1,1013,585,1014,-1,1014,585,1015,-1,1015,585,1016,-1,
  1016,585,632,-1,629,1016,630,-1,630,1016,631,-1,631,1016,632,-1,623,622,624,-1,624,622,625,-1,625,622,626,-1,626,622,621,-1,
  628,627,619,-1,619,627,620,-1,620,627,621,-1,621,627,626,-1,615,614,755,-1,755,614,756,-1,756,614,757,-1,757,614,758,-1,
  758,614,633,-1,633,614,613,-1,753,752,616,-1,753,616,754,-1,754,616,615,-1,754,615,755,-1,617,616,746,-1,746,616,747,-1,
  747,616,748,-1,748,616,749,-1,749,616,750,-1,750,616,751,-1,751,616,752,-1,738,617,739,-1,739,617,740,-1,740,617,741,-1,
  741,617,742,-1,742,617,743,-1,743,617,744,-1,744,617,745,-1,745,617,746,-1,730,729,856,-1,730,856,731,-1,731,856,733,-1,
  731,733,732,-1,729,728,727,-1,729,727,856,-1,856,727,725,-1,856,725,723,-1,723,725,724,-1,722,721,720,-1,722,720,856,-1,
  856,720,718,-1,856,718,716,-1,716,718,717,-1,711,710,856,-1,711,856,712,-1,712,856,714,-1,712,714,713,-1,716,715,856,-1,
  856,715,714,-1,895,859,896,-1,896,859,897,-1,897,859,898,-1,898,859,899,-1,899,859,900,-1,900,859,901,-1,901,859,904,-1,
  904,859,905,-1,905,859,906,-1,906,859,907,-1,907,859,908,-1,908,859,803,-1,803,859,804,-1,804,859,805,-1,805,859,806,-1,
  806,859,807,-1,807,859,808,-1,808,859,809,-1,809,859,810,-1,810,859,811,-1,811,859,812,-1,812,859,813,-1,813,859,814,-1,
  814,859,815,-1,815,859,816,-1,816,859,817,-1,817,859,818,-1,818,859,819,-1,819,859,820,-1,820,859,970,-1,970,859,971,-1,
  971,859,972,-1,972,859,973,-1,973,859,974,-1,974,859,975,-1,975,859,976,-1,976,859,977,-1,977,859,978,-1,978,859,979,-1,
  979,859,980,-1,980,859,981,-1,981,859,982,-1,982,859,983,-1,983,859,984,-1,984,859,985,-1,985,859,986,-1,986,859,987,-1,
  987,859,994,-1,994,859,995,-1,995,859,996,-1,996,859,997,-1,997,859,998,-1,998,859,999,-1,999,859,1000,-1,1000,859,1006,-1,
  1006,859,1007,-1,1007,859,587,-1,587,859,588,-1,588,859,589,-1,589,859,590,-1,590,859,591,-1,591,859,592,-1,592,859,593,-1,
  593,859,594,-1,594,859,595,-1,595,859,596,-1,596,859,597,-1,597,859,598,-1,598,859,600,-1,600,859,676,-1,676,859,677,-1,
  677,859,678,-1,678,859,858,-1,901,904,902,-1,902,904,903,-1,910,909,798,-1,798,909,799,-1,799,909,800,-1,800,909,801,-1,
  801,909,802,-1,802,909,908,-1,969,968,823,-1,969,823,970,-1,970,823,822,-1,970,822,820,-1,820,822,821,-1,825,824,965,-1,
  825,965,826,-1,826,965,964,-1,826,964,963,-1,967,966,823,-1,823,966,824,-1,824,966,965,-1,993,991,990,-1,993,990,994,-1,
  994,990,989,-1,994,989,987,-1,987,989,988,-1,1003,1002,1005,-1,1005,1002,1000,-1,1000,1002,1001,-1,1007,587,1008,-1,1008,587,586,-1,
  601,600,602,-1,602,600,672,-1,672,600,673,-1,673,600,674,-1,674,600,675,-1,675,600,676,-1,645,644,606,-1,645,606,672,-1,
  672,606,604,-1,672,604,602,-1,602,604,603,-1,609,608,610,-1,610,608,634,-1,634,608,635,-1,635,608,636,-1,636,608,637,-1,
  637,608,638,-1,638,608,639,-1,639,608,606,-1,606,608,607,-1,634,633,610,-1,610,633,611,-1,611,633,612,-1,612,633,613,-1,
  639,606,640,-1,640,606,641,-1,641,606,642,-1,642,606,643,-1,643,606,644,-1,682,681,858,-1,858,681,679,-1,679,681,680,-1,
  689,688,687,-1,689,687,858,-1,858,687,685,-1,858,685,683,-1,683,685,684,-1,693,692,694,-1,694,692,858,-1,858,692,689,-1,
  689,692,690,-1,690,692,691,-1,699,698,697,-1,699,697,858,-1,858,697,696,-1,858,696,694,-1,694,696,695,-1,702,701,703,-1,
  703,701,858,-1,858,701,699,-1,699,701,700,-1,703,858,857,-1,858,683,682,-1,858,679,678,-1,706,708,707,-1,704,706,705,-1,
  685,687,686,-1,604,606,605,-1,598,600,599,-1,1000,1006,1005,-1,1003,1005,1004,-1,991,993,992,-1,823,968,967,-1,762,963,763,-1,
  760,762,761,-1,908,803,802,-1,856,734,733,-1,856,723,722,-1,718,720,719,-1,725,727,726,-1,618,628,619,-1,960,784,961,-1,
  775,777,776,-1,662,664,663,-1,574,573,575,-1,132,134,133,-1,335,361,336,-1,367,457,456,-1,452,372,371,-1]
  normalPerVertex TRUE
  normal DEF NORM_77 Normal { vector [
  0 0 -1,0 0 -1,
  0 0 -1,0 0 -1,
  0 0 -1,0 0 -1,
  0 0 -1,0 0 -1,
  0 0 -1,0 0 -1,
  0 0 -1,0 0 -1,
  0 0 -1,0 0 -1,
  0 0 -1,0 0 -1,
  0 0 -1,0 0 -1,
  0 0 -1,0 0 -1,
  0 0 -1,0 0 -1,
  0 0 -1,0 0 -1,
  0 0 -1,0 0 -1,
  0 0 -1,0 0 -1,
  0 0 -1,0 0 -1,
  0 0 -1,0 0 -1,
  0 0 -1,0 0 -1,
  0 0 -1,0 0 -1,
  0 0 -1,0 0 -1,
  0 0 -1,0 0 -1,
  0 0 -1,0 0 -1,
  0 0 -1,0 0 -1,
  0 0 -1,0 0 -1,
  0 0 -1,0 0 -1,
  0 0 -1,0 0 -1,
  0 0 -1,0 0 -1,
  0 0 -1,0 0 -1,
  0 0 -1,0 0 -1,
  0 0 -1,0 0 -1,
  0 0 -1,0 0 -1,
  0 0 -1,0 0 -1,
  0 0 -1,0 0 -1,
  0 0 -1,0 0 -1,
  0 0 -1,0 0 -1,
  0 0 -1,0 0 -1,
  0 0 -1,0 0 -1,
  0 0 -1,0 0 -1,
  0 0 -1,0 0 -1,
  0 0 -1,0 0 -1,
  0 0 -1,0 0 -1,
  0 0 -1,0 0 -1,
  0 0 -1,0 0 -1,
  0 0 -1,0 0 -1,
  0 0 -1,0 0 -1,
  0 0 -1,0 0 -1,
  0 0 -1,0 0 -1,
  0 0 -1,0 0 -1,
  0 0 -1,0 0 -1,
  0 0 -1,0 0 -1,
  0 0 -1,0 0 -1,
  0 0 -1,0 0 -1,
  0 0 -1,0 0 -1,
  0 0 -1,0 0 -1,
  0 0 -1,0 0 -1,
  0 0 -1,0 0 -1,
  0 0 -1,0 0 -1,
  0 0 -1,0 0 -1,
  0 0 -1,0 0 -1,
  0 0 -1,0 0 -1,
  0 0 -1,0 0 -1,
  0 0 -1,0 0 -1,
  0 0 -1,0 0 -1,
  0 0 -1,0 0 -1,
  0 0 -1,0 0 -1,
  0 0 -1,0 0 -1,
  0 0 -1,0 0 -1,
  0 0 -1,0 0 -1,
  0 0 -1,0 0 -1,
  0 0 -1,0 0 -1,
  0 0 -1,0 0 -1,
  0 0 -1,0 0 -1,
  0 0 -1,0 0 -1,
  0 0 -1,0 0 -1,
  0 0 -1,0 0 -1,
  0 0 -1,0 0 -1,
  0 0 -1,0 0 -1,
  0 0 -1,0 0 -1,
  0 0 -1,0 0 -1,
  0 0 -1,0 0 -1,
  0 0 -1,0 0 -1,
  0 0 -1,0 0 -1,
  0 0 -1,0 0 -1,
  0 0 -1,0 0 -1,
  0 0 -1,0 0 -1,
  0 0 -1,0 0 -1,
  0 0 -1,0 0 -1,
  0 0 -1,0 0 -1,
  0 0 -1,0 0 -1,
  0 0 -1,0 0 -1,
  0 0 -1,0 0 -1,
  0 0 -1,0 0 -1,
  0 0 -1,0 0 -1,
  0 0 -1,0 0 -1,
  0 0 -1,0 0 -1,
  0 0 -1,0 0 -1,
  0 0 -1,0 0 -1,
  0 0 -1,0 0 -1,
  0 0 -1,0 0 -1,
  0 0 -1,0 0 -1,
  0 0 -1,0 0 -1,
  0 0 -1,0 0 -1,
  0 0 -1,0 0 -1,
  0 0 -1,0 0 -1,
  0 0 -1,0 0 -1,
  0 0 -1,0 0 -1,
  0 0 -1,0 0 -1,
  0 0 -1,0 0 -1,
  0 0 -1,0 0 -1,
  0 0 -1,0 0 -1,
  0 0 -1,0 0 -1,
  0 0 -1,0 0 -1,
  0 0 -1,0 0 -1,
  0 0 -1,0 0 -1,
  0 0 -1,0 0 -1,
  0 0 -1,0 0 -1,
  0 0 -1,0 0 -1,
  0 0 -1,0 0 -1,
  0 0 -1,0 0 -1,
  0 0 -1,0 0 -1,
  0 0 -1,0 0 -1,
  0 0 -1,0 0 -1,
  0 0 -1,0 0 -1,
  0 0 -1,0 0 -1,
  0 0 -1,0 0 -1,
  0 0 -1,0 0 -1,
  0 0 -1,0 0 -1,
  0 0 -1,0 0 -1,
  0 0 -1,0 0 -1,
  0 0 -1,0 0 -1,
  0 0 -1,0 0 -1,
  0 0 -1,0 0 -1,
  0 0 -1,0 0 -1,
  0 0 -1,0 0 -1,
  0 0 -1,0 0 -1,
  0 0 -1,0 0 -1,
  0 0 -1,0 0 -1,
  0 0 -1,0 0 -1,
  0 0 -1,0 0 -1,
  0 0 -1,0 0 -1,
  0 0 -1,0 0 -1,
  0 0 -1,0 0 -1,
  0 0 -1,0 0 -1,
  0 0 -1,0 0 -1,
  0 0 -1,0 0 -1,
  0 0 -1,0 0 -1,
  0 0 -1,0 0 -1,
  0 0 -1,0 0 -1,
  0 0 -1,0 0 -1,
  0 0 -1,0 0 -1,
  0 0 -1,0 0 -1,
  0 0 -1,0 0 -1,
  0 0 -1,0 0 -1,
  0 0 -1,0 0 -1,
  0 0 -1,0 0 -1,
  0 0 -1,0 0 -1,
  0 0 -1,0 0 -1,
  0 0 -1,0 0 -1,
  0 0 -1,0 0 -1,
  0 0 -1,0 0 -1,
  0 0 -1,0 0 -1,
  0 0 -1,0 0 -1,
  0 0 -1,0 0 -1,
  0 0 -1,0 0 -1,
  0 0 -1,0 0 -1,
  0 0 -1,0 0 -1,
  0 0 -1,0 0 -1,
  0 0 -1,0 0 -1,
  0 0 -1,0 0 -1,
  0 0 -1,0 0 -1,
  0 0 -1,0 0 -1,
  0 0 -1,0 0 -1,
  0 0 -1,0 0 -1,
  0 0 -1,0 0 -1,
  0 0 -1,0 0 -1,
  0 0 -1,0 0 -1,
  0 0 -1,0 0 -1,
  0 0 -1,0 0 -1,
  0 0 -1,0 0 -1,
  0 0 -1,0 0 -1,
  0 0 -1,0 0 -1,
  0 0 -1,0 0 -1,
  0 0 -1,0 0 -1,
  0 0 -1,0 0 -1,
  0 0 -1,0 0 -1,
  0 0 -1,0 0 -1,
  0 0 -1,0 0 -1,
  0 0 -1,0 0 -1,
  0 0 -1,0 0 -1,
  0 0 -1,0 0 -1,
  0 0 -1,0 0 -1,
  0 0 -1,0 0 -1,
  0 0 -1,0 0 -1,
  0 0 -1,0 0 -1,
  0 0 -1,0 0 -1,
  0 0 -1,0 0 -1,
  0 0 -1,0 0 -1,
  0 0 -1,0 0 -1,
  0 0 -1,0 0 -1,
  0 0 -1,0 0 -1,
  0 0 -1,0 0 -1,
  0 0 -1,0 0 -1,
  0 0 -1,0 0 -1,
  0 0 -1,0 0 -1,
  0 0 -1,0 0 -1,
  0 0 -1,0 0 -1,
  0 0 -1,0 0 -1,
  0 0 -1,0 0 -1,
  0 0 -1,0 0 -1,
  0 0 -1,0 0 -1,
  0 0 -1,0 0 -1,
  0 0 -1,0 0 -1,
  0 0 -1,0 0 -1,
  0 0 -1,0 0 -1,
  0 0 -1,0 0 -1,
  0 0 -1,0 0 -1,
  0 0 -1,0 0 -1,
  0 0 -1,0 0 -1,
  0 0 -1,0 0 -1,
  0 0 -1,0 0 -1,
  0 0 -1,0 0 -1,
  0 0 -1,0 0 -1,
  0 0 -1,0 0 -1,
  0 0 -1,0 0 -1,
  0 0 -1,0 0 -1,
  0 0 -1,0 0 -1,
  0 0 -1,0 0 -1,
  0 0 -1,0 0 -1,
  0 0 -1,0 0 -1,
  0 0 -1,0 0 -1,
  0 0 -1,0 0 -1,
  0 0 -1,0 0 -1,
  0 0 -1,0 0 -1,
  0 0 -1,0 0 -1,
  0 0 -1,0 0 -1,
  0 0 -1,0 0 -1,
  0 0 -1,0 0 -1,
  0 0 -1,0 0 -1,
  0 0 -1,0 0 -1,
  0 0 -1,0 0 -1,
  0 0 -1,0 0 -1,
  0 0 -1,0 0 -1,
  0 0 -1,0 0 -1,
  0 0 -1,0 0 -1,
  0 0 -1,0 0 -1,
  0 0 -1,0 0 -1,
  0 0 -1,0 0 -1,
  0 0 -1,0 0 -1,
  0 0 -1,0 0 -1,
  0 0 -1,0 0 -1,
  0 0 -1,0 0 -1,
  0 0 -1,0 0 -1,
  0 0 -1,0 0 -1,
  0 0 -1,0 0 -1,
  0 0 -1,0 0 -1,
  0 0 -1,0 0 -1,
  0 0 -1,0 0 -1,
  0 0 -1,0 0 -1,
  0 0 -1,0 0 -1,
  0 0 -1,0 0 -1,
  0 0 -1,0 0 -1,
  0 0 -1,0 0 -1,
  0 0 -1,0 0 -1,
  0 0 -1,0 0 -1,
  0 0 -1,0 0 -1,
  0 0 -1,0 0 -1,
  0 0 -1,0 0 -1,
  0 0 -1,0 0 -1,
  0 0 -1,0 0 -1,
  0 0 -1,0 0 -1,
  0 0 -1,0 0 -1,
  0 0 -1,0 0 -1,
  0 0 -1,0 0 -1,
  0 0 -1,0 0 -1,
  0 0 -1,0 0 -1,
  0 0 -1,0 0 -1,
  0 0 -1,0 0 -1,
  0 0 -1,0 0 -1,
  0 0 -1,0 0 -1,
  0 0 -1,0 0 -1,
  0 0 -1,0 0 -1,
  0 0 -1,0 0 -1,
  0 0 -1,0 0 -1,
  0 0 -1,0 0 -1,
  0 0 -1,0 0 -1,
  0 0 -1,0 0 -1,
  0 0 -1,0 0 -1,
  0 0 -1,0 0 -1,
  0 0 -1,0 0 -1,
  0 0 -1,0 0 -1,
  0 0 -1,0 0 -1,
  0 0 -1,0 0 -1,
  0 0 -1,0 0 -1,
  0 0 -1,0 0 -1,
  0 0 -1,0 0 -1,
  0 0 -1,0 0 -1,
  0 0 -1,0 0 -1,
  0 0 -1,0 0 -1,
  0 0 -1,0 0 -1,
  0 0 -1,0 0 -1,
  0 0 -1,0 0 -1,
  0 0 -1,0 0 -1,
  0 0 -1,0 0 -1,
  0 0 -1,0 0 -1,
  0 0 -1,0 0 -1,
  0 0 -1,0 0 -1,
  0 0 -1,0 0 -1,
  0 0 -1,0 0 -1,
  0 0 -1,0 0 -1,
  0 0 -1,0 0 -1,
  0 0 -1,0 0 -1,
  0 0 -1,0 0 -1,
  0 0 -1,0 0 -1,
  0 0 -1,0 0 -1,
  0 0 -1,0 0 -1,
  0 0 -1,0 0 -1,
  0 0 -1,0 0 -1,
  0 0 -1,0 0 -1,
  0 0 -1,0 0 -1,
  0 0 -1,0 0 -1,
  0 0 -1,0 0 -1,
  0 0 -1,0 0 -1,
  0 0 -1,0 0 -1,
  0 0 -1,0 0 -1,
  0 0 -1,0 0 -1,
  0 0 -1,0 0 -1,
  0 0 -1,0 0 -1,
  0 0 -1,0 0 -1,
  0 0 -1,0 0 -1,
  0 0 -1,0 0 -1,
  0 0 -1,0 0 -1,
  0 0 -1,0 0 -1,
  0 0 -1,0 0 -1,
  0 0 -1,0 0 -1,
  0 0 -1,0 0 -1,
  0 0 -1,0 0 -1,
  0 0 -1,0 0 -1,
  0 0 -1,0 0 -1,
  0 0 -1,0 0 -1,
  0 0 -1,0 0 -1,
  0 0 -1,0 0 -1,
  0 0 -1,0 0 -1,
  0 0 -1,0 0 -1,
  0 0 -1,0 0 -1,
  0 0 -1,0 0 -1,
  0 0 -1,0 0 -1,
  0 0 -1,0 0 -1,
  0 0 -1,0 0 -1,
  0 0 -1,0 0 -1,
  0 0 -1,0 0 -1,
  0 0 -1,0 0 -1,
  0 0 -1,0 0 -1,
  0 0 -1,0 0 -1,
  0 0 -1,0 0 -1,
  0 0 -1,0 0 -1,
  0 0 -1,0 0 -1,
  0 0 -1,0 0 -1,
  0 0 -1,0 0 -1,
  0 0 -1,0 0 -1,
  0 0 -1,0 0 -1,
  0 0 -1,0 0 -1,
  0 0 -1,0 0 -1,
  0 0 -1,0 0 -1,
  0 0 -1,0 0 -1,
  0 0 -1,0 0 -1,
  0 0 -1,0 0 -1,
  0 0 -1,0 0 -1,
  0 0 -1,0 0 -1,
  0 0 -1,0 0 -1,
  0 0 -1,0 0 -1,
  0 0 -1,0 0 -1,
  0 0 -1,0 0 -1,
  0 0 -1,0 0 -1,
  0 0 -1,0 0 -1,
  0 0 -1,0 0 -1,
  0 0 -1,0 0 -1,
  0 0 -1,0 0 -1,
  0 0 -1,0 0 -1,
  0 0 -1,0 0 -1,
  0 0 -1,0 0 -1,
  0 0 -1,0 0 -1,
  0 0 -1,0 0 -1,
  0 0 -1,0 0 -1,
  0 0 -1,0 0 -1,
  0 0 -1,0 0 -1,
  0 0 -1,0 0 -1,
  0 0 -1,0 0 -1,
  0 0 -1,0 0 -1,
  0 0 -1,0 0 -1,
  0 0 -1,0 0 -1,
  0 0 -1,0 0 -1,
  0 0 -1,0 0 -1,
  0 0 -1,0 0 -1,
  0 0 -1,0 0 -1,
  0 0 -1,0 0 -1,
  0 0 -1,0 0 -1,
  0 0 -1,0 0 -1,
  0 0 -1,0 0 -1,
  0 0 -1,0 0 -1,
  0 0 -1,0 0 -1,
  0 0 -1,0 0 -1,
  0 0 -1,0 0 -1,
  0 0 -1,0 0 -1,
  0 0 -1,0 0 -1,
  0 0 -1,0 0 -1,
  0 0 -1,0 0 -1,
  0 0 -1,0 0 -1,
  0 0 -1,0 0 -1,
  0 0 -1,0 0 -1,
  0 0 -1,0 0 -1,
  0 0 -1,0 0 -1,
  0 0 -1,0 0 -1,
  0 0 -1,0 0 -1,
  0 0 -1,0 0 -1,
  0 0 -1,0 0 -1,
  0 0 -1,0 0 -1,
  0 0 -1,0 0 -1,
  0 0 -1,0 0 -1,
  0 0 -1,0 0 -1,
  0 0 -1,0 0 -1,
  0 0 -1,0 0 -1,
  0 0 -1,0 0 -1,
  0 0 -1,0 0 -1,
  0 0 -1,0 0 -1,
  0 0 -1,0 0 -1,
  0 0 -1,0 0 -1,
  0 0 -1,0 0 -1,
  0 0 -1,0 0 -1,
  0 0 -1,0 0 -1,
  0 0 -1,0 0 -1,
  0 0 -1,0 0 -1,
  0 0 -1,0 0 -1,
  0 0 -1,0 0 -1,
  0 0 -1,0 0 -1,
  0 0 -1,0 0 -1,
  0 0 -1,0 0 -1,
  0 0 -1,0 0 -1,
  0 0 -1,0 0 -1,
  0 0 -1,0 0 -1,
  0 0 -1,0 0 -1,
  0 0 -1,0 0 -1,
  0 0 -1,0 0 -1,
  0 0 -1,0 0 -1,
  0 0 -1,0 0 -1,
  0 0 -1,0 0 -1,
  0 0 -1,0 0 -1,
  0 0 -1,0 0 -1,
  0 0 -1,0 0 -1,
  0 0 -1,0 0 -1,
  0 0 -1,0 0 -1,
  0 0 -1,0 0 -1,
  0 0 -1,0 0 -1,
  0 0 -1,0 0 -1,
  0 0 -1,0 0 -1,
  0 0 -1,0 0 -1,
  0 0 -1,0 0 -1,
  0 0 -1,0 0 -1,
  0 0 -1,0 0 -1,
  0 0 -1,0 0 -1,
  0 0 -1,0 0 -1,
  0 0 -1,0 0 -1,
  0 0 -1,0 0 -1,
  0 0 -1,0 0 -1,
  0 0 -1,0 0 -1,
  0 0 -1,0 0 -1,
  0 0 -1,0 0 -1,
  0 0 -1,0 0 -1,
  0 0 -1,0 0 -1,
  0 0 -1,0 0 -1,
  0 0 -1,0 0 -1,
  0 0 -1,0 0 -1,
  0 0 -1,0 0 -1,
  0 0 -1,0 0 -1,
  0 0 -1,0 0 -1,
  0 0 -1,0 0 -1,
  0 0 -1,0 0 -1,
  0 0 -1,0 0 -1,
  0 0 -1,0 0 -1,
  0 0 -1,0 0 -1,
  0 0 -1,0 0 -1,
  0 0 -1,0 0 -1,
  0 0 -1,0 0 -1,
  0 0 -1,0 0 -1,
  0 0 -1,0 0 -1,
  0 0 -1,0 0 -1,
  0 0 -1,0 0 -1,
  0 0 -1,0 0 -1,
  0 0 -1,0 0 -1,
  0 0 -1,0 0 -1,
  0 0 -1,0 0 -1,
  0 0 -1,0 0 -1,
  0 0 -1,0 0 -1,
  0 0 -1,0 0 -1,
  0 0 -1,0 0 -1,
  0 0 -1,0 0 -1,
  0 0 -1,0 0 -1,
  0 0 -1,0 0 -1,
  0 0 -1,0 0 -1,
  0 0 -1,0 0 -1,
  0 0 -1,0 0 -1,
  0 0 -1,0 0 -1,
  0 0 -1,0 0 -1,
  0 0 -1,0 0 -1,
  0 0 -1,0 0 -1,
  0 0 -1,0 0 -1,
  0 0 -1,0 0 -1,
  0 0 -1,0 0 -1,
  0 0 -1,0 0 -1,
  0 0 -1,0 0 -1,
  0 0 -1,0 0 -1,
  0 0 -1,0 0 -1,
  0 0 -1,0 0 -1,
  0 0 -1] }
}
}
] }
] }
